layer,spec,coef,se,p,n,r2,note,display
A1,A1 log M71 turnover,-0.006845248916273384,0.003183200815697485,0.031521257530458195,68,0.9959561217645314,SBS M71 NETTUR_MEUR sbs_sc_ovw; country+year FE; Post-2024 × ΔTNLG-M,-0.007** (0.003)
A1,A1 log M71 employment,-0.00039351127708857705,0.001685777053391885,0.815427363522487,68,0.9989570469926702,SBS M71 EMP_NR sbs_ovw_act; country+year FE; Post-2024 × ΔTNLG-M,-0.000 (0.002)
A1,A1 log M71 wages,-0.009190364566735396,0.003301280141125128,0.005371306259207914,68,0.9978671185365068,SBS M71 WAGE_MEUR sbs_ovw_act; country+year FE; Post-2024 × ΔTNLG-M,-0.009*** (0.003)
A1,A1 log M71 value added,-0.006273269564364935,0.0023724819382778457,0.00818890681062865,68,0.9968576641633791,SBS M71 AV_MEUR sbs_ovw_act; country+year FE; Post-2024 × ΔTNLG-M,-0.006*** (0.002)
A1,A1 log M71 GOS,-0.00261803505393757,0.005001911281352865,0.6006910990324714,68,0.9869310684286695,SBS M71 GOS_MEUR sbs_ovw_act; country+year FE; Post-2024 × ΔTNLG-M,-0.003 (0.005)
A2,A2 log M71 labour productivity (LABPRY),-0.00587458476206837,0.0017716351478193142,0.0009134486113820225,68,0.9909316873947047,SBS M71 LABPRY_TEUR sbs_ovw_act; country+year FE; Post-2024 × ΔTNLG-M,-0.006*** (0.002)
A2,A2 log M71 labour cost per employed (LC_EMP),-0.008787060330712594,0.002423240687732042,0.00028766628936735197,68,0.9962644257019214,SBS M71 LC_EMP_TEUR sbs_ovw_act; country+year FE; Post-2024 × ΔTNLG-M,-0.009*** (0.002)
A3,A3 log F turnover (placebo),-0.010006201509964627,0.003107333938080033,0.0012810625969751212,68,0.995342800030384,SBS F NETTUR_MEUR sbs_sc_ovw; country+year FE; Post-2024 × ΔTNLG-M,-0.010*** (0.003)
A3,A3 log F employment (placebo),-0.0026482190290888405,0.001950326567375026,0.17451647682814475,68,0.9982314593020059,SBS F EMP_NR sbs_ovw_act; country+year FE; Post-2024 × ΔTNLG-M,-0.003 (0.002)
A3,A3 log F labour productivity,-0.008899739059108498,0.0027044307227052336,0.0009990311888662218,68,0.9819179847591951,SBS F LABPRY_TEUR sbs_ovw_act; country+year FE; Post-2024 × ΔTNLG-M,-0.009*** (0.003)
A3,A3 log M turnover (placebo),-0.0048534261087028645,0.0020270784660065054,0.016652298438661194,68,0.9980100508248015,SBS M NETTUR_MEUR sbs_sc_ovw; country+year FE; Post-2024 × ΔTNLG-M,-0.005** (0.002)
A3,A3 log M labour productivity,-0.00479270238997533,0.0019329722887903088,0.013158627524613335,68,0.9927123269821044,SBS M LABPRY_TEUR sbs_ovw_act; country+year FE; Post-2024 × ΔTNLG-M,-0.005** (0.002)
A2,A2 log M71 VA per employed (co-published cells),-0.005879758287276296,0.0017728788504697004,0.0009115156075875845,68,0.9909239791935908,SBS M71 VA_PER_EMP derived_from_published_cells; country+year FE; Post-2024 × ΔTNLG-M,-0.006*** (0.002)
A3,A3 log M7112 engineering consultancy employment,-1.3334778982495358e-05,0.0018790703466083853,0.9943378783077851,68,0.9985961703995399,SBS M7112 EMP_NR ; country+year FE; Post-2024 × ΔTNLG-M,-0.000 (0.002)
A3,A3 log M7112 engineering consultancy output,-0.007553481748434987,0.0033058953509722314,0.022321504823549658,68,0.9952078315250867,SBS M7112 VAL_OUT_MEUR ; country+year FE; Post-2024 × ΔTNLG-M,-0.008** (0.003)
A3,A3 log M7112 engineering consultancy wages,-0.009144680970793958,0.003685150126346147,0.013083260979726275,68,0.9974753285825546,SBS M7112 WAGE_MEUR ; country+year FE; Post-2024 × ΔTNLG-M,-0.009** (0.004)
A3,A3 log M7112 engineering consultancy value added,-0.006819053211970313,0.0028038330440694685,0.015013766811866867,68,0.9954766597969422,SBS M7112 AV_MEUR ; country+year FE; Post-2024 × ΔTNLG-M,-0.007** (0.003)
A3,A3 log M7112 engineering consultancy turnover,-0.007513853152159387,0.0035106834386384273,0.03233197039894123,68,0.9947393882493645,SBS M7112 NETTUR_MEUR ; country+year FE; Post-2024 × ΔTNLG-M,-0.008** (0.004)
A3,A3 log M7111 architecture employment,-0.004441892156730392,0.002769868768715789,0.1087918514605388,68,0.9984928706319868,SBS M7111 EMP_NR ; country+year FE; Post-2024 × ΔTNLG-M,-0.004 (0.003)
A3,A3 log M7111 architecture output,-0.010140181019531022,0.004496516024001043,0.024125828249389244,68,0.9935273532523242,SBS M7111 VAL_OUT_MEUR ; country+year FE; Post-2024 × ΔTNLG-M,-0.010** (0.004)
A3,A3 log M7111 architecture wages,-0.015217449508332065,0.004842471738517475,0.0016751383181890732,68,0.9951360898741989,SBS M7111 WAGE_MEUR ; country+year FE; Post-2024 × ΔTNLG-M,-0.015*** (0.005)
A3,A3 log M7111 architecture value added,-0.008760495436525,0.005928242459538799,0.13947311865705453,68,0.9923594751716627,SBS M7111 AV_MEUR ; country+year FE; Post-2024 × ΔTNLG-M,-0.009 (0.006)
A3,A3 log M7111 architecture turnover,-0.009501468525003302,0.004812347885103314,0.04833701324467347,68,0.9890099016506836,SBS M7111 NETTUR_MEUR ; country+year FE; Post-2024 × ΔTNLG-M,-0.010** (0.005)
A4,A4 log Indian SJ312 engineering Post×ΔTNLG,0.033609954449771176,0.013233520994783737,0.011092886795184317,89,0.9527928092290257,Eurostat ITS; missing years dropped,0.034** (0.013)
A5,A4 log Chinese SJ312 engineering Post×ΔTNLG,-0.05093576543112952,0.02548254168727474,0.045624641308722465,87,0.8927596404822215,Eurostat ITS; missing years dropped,-0.051** (0.025)
A4,A4 log Indian SJ311 architecture Post×ΔTNLG,,,,0,,Eurostat ITS; missing years dropped,—
A4,A4 log Indian ITS SJ3 Post×ΔTNLG,0.03500556003653445,0.015203869980843634,0.02131199577485105,119,0.966943373324075,Eurostat ITS; missing years dropped,0.035** (0.015)
A5,A4 log Chinese ITS construction Post×ΔTNLG,-0.018197681962224585,0.034296434416752515,0.5956961197587642,77,0.7543757229214648,Eurostat ITS; missing years dropped,-0.018 (0.034)
A4,A4 Mix log(IN SJ312)−log(CN SJ312),0.09481383459937835,0.03655688447821456,0.009497767740630157,77,0.5926513985770283,ITS engineering mix; missing years dropped,0.095*** (0.037)
A5,A5 log US SJ312 Post×ΔTNLG,-0.020205847321914897,0.018219725197408616,0.26742610765593144,101,0.9304699054130902,ITS placebo partner,-0.020 (0.018)
A5,A5 log UK SJ312 Post×ΔTNLG,0.006906341966857526,0.019422799685291307,0.722155784862629,99,0.9258287478489694,ITS placebo partner,0.007 (0.019)
A5,A5 log CH SJ312 Post×ΔTNLG,-0.0016803336551069754,0.016106368327793233,0.9169096269272003,82,0.8973787191488574,ITS placebo partner,-0.002 (0.016)
A5,A5 log JP SJ312 Post×ΔTNLG,0.04238740617971605,0.02861854982905059,0.138575533396256,75,0.7227098021195852,ITS placebo partner,0.042 (0.029)
A5,A5 log extra-EU SJ312 Post×ΔTNLG,0.0033042429507615574,0.01223937597509084,0.7871846774195117,115,0.9541538508779502,ITS placebo partner,0.003 (0.012)
A4,A4 log Indian SJ3 (BaTIS B) Post×ΔTNLG,0.021392100210455504,0.007901340257604484,0.006781219718980914,119,0.9718823058173496,BaTIS adjustment B; OBS_STATUS I in 2024,0.021*** (0.008)
A5,A4 log Chinese SE (BaTIS B) Post×ΔTNLG,-0.007900783316265151,0.009333796499154513,0.3972903283131669,119,0.921465877973364,BaTIS adjustment B; OBS_STATUS I in 2024,-0.008 (0.009)
A5,A4 log Chinese SJ3 (BaTIS B) Post×ΔTNLG,0.005418098611640176,0.009532913472282651,0.5697925457850879,119,0.9702218200638855,BaTIS adjustment B; OBS_STATUS I in 2024,0.005 (0.010)
A5,A4 log Indian SI (BaTIS B) Post×ΔTNLG,-0.008975055638642699,0.005289558516615685,0.08974403452802335,119,0.9901557760362221,BaTIS adjustment B; OBS_STATUS I in 2024,-0.009* (0.005)
A4,A4 Mix log(IN SJ3)−log(CN SE),0.029292883526720655,0.013279116692469707,0.027388470776781217,119,0.844489267877415,BaTIS B task-vs-project mix,0.029** (0.013)
A6,A6 log M71 turnover Post×d_GE10,-0.006845248916273384,0.003183200815697485,0.031521257530458195,68,0.9959561217645314,Size-class TNLG shock,-0.007** (0.003)
A6,A6 log M job vacancy rate Post2024×ΔTNLG,0.001628268987199641,0.005599905748742641,0.7712293627051027,118,0.892046394063078,eurostat_job_vacancies.csv; missing years dropped,0.002 (0.006)
A6,A6 hours,,,,0,,eurostat_hours_M71_F_M.csv not published in this pull,—
A6,A6 log M71 STS turnover index Post2024×ΔTNLG,-0.008591288834607266,0.004516098648958696,0.05712285085743411,109,0.7969640529043354,eurostat_sts_turnover.csv; missing years dropped,-0.009* (0.005)
