freq,unit,nace_r2,na_item,geo,time,value,nace,series
A,THS_PER,M71,EMP_DC,EU27_2020,1995,1516.65,M71,emp_ths
A,THS_PER,M71,EMP_DC,EU27_2020,1996,1577.9,M71,emp_ths
A,THS_PER,M71,EMP_DC,EU27_2020,1997,1621.69,M71,emp_ths
A,THS_PER,M71,EMP_DC,EU27_2020,1998,1692.24,M71,emp_ths
A,THS_PER,M71,EMP_DC,EU27_2020,1999,1770.22,M71,emp_ths
A,THS_PER,M71,EMP_DC,EU27_2020,2000,1886.93,M71,emp_ths
A,THS_PER,M71,EMP_DC,EU27_2020,2001,1948.59,M71,emp_ths
A,THS_PER,M71,EMP_DC,EU27_2020,2002,2011.65,M71,emp_ths
A,THS_PER,M71,EMP_DC,EU27_2020,2003,2069.23,M71,emp_ths
A,THS_PER,M71,EMP_DC,EU27_2020,2004,2141.18,M71,emp_ths
A,THS_PER,M71,EMP_DC,EU27_2020,2005,2192.54,M71,emp_ths
A,THS_PER,M71,EMP_DC,EU27_2020,2006,2328.84,M71,emp_ths
A,THS_PER,M71,EMP_DC,EU27_2020,2007,2466.94,M71,emp_ths
A,THS_PER,M71,EMP_DC,EU27_2020,2008,2567.7,M71,emp_ths
A,THS_PER,M71,EMP_DC,EU27_2020,2009,2550.09,M71,emp_ths
A,THS_PER,M71,EMP_DC,EU27_2020,2010,2510.02,M71,emp_ths
A,THS_PER,M71,EMP_DC,EU27_2020,2011,2555.83,M71,emp_ths
A,THS_PER,M71,EMP_DC,EU27_2020,2012,2606.27,M71,emp_ths
A,THS_PER,M71,EMP_DC,EU27_2020,2013,2625.28,M71,emp_ths
A,THS_PER,M71,EMP_DC,EU27_2020,2014,2708.66,M71,emp_ths
A,THS_PER,M71,EMP_DC,EU27_2020,2015,2721.77,M71,emp_ths
A,THS_PER,M71,EMP_DC,EU27_2020,2016,2765.31,M71,emp_ths
A,THS_PER,M71,EMP_DC,EU27_2020,2017,2853.27,M71,emp_ths
A,THS_PER,M71,EMP_DC,EU27_2020,2018,2928.91,M71,emp_ths
A,THS_PER,M71,EMP_DC,EU27_2020,2019,3000.71,M71,emp_ths
A,THS_PER,M71,EMP_DC,EU27_2020,2020,3008.01,M71,emp_ths
A,THS_PER,M71,EMP_DC,EU27_2020,2021,3095.86,M71,emp_ths
A,THS_PER,M71,EMP_DC,EU27_2020,2022,3178.83,M71,emp_ths
A,THS_PER,M71,EMP_DC,EU27_2020,2023,3273.52,M71,emp_ths
A,THS_PER,M71,EMP_DC,DE,1995,331.0,M71,emp_ths
A,THS_PER,M71,EMP_DC,DE,1996,349.0,M71,emp_ths
A,THS_PER,M71,EMP_DC,DE,1997,366.0,M71,emp_ths
A,THS_PER,M71,EMP_DC,DE,1998,389.0,M71,emp_ths
A,THS_PER,M71,EMP_DC,DE,1999,419.0,M71,emp_ths
A,THS_PER,M71,EMP_DC,DE,2000,450.0,M71,emp_ths
A,THS_PER,M71,EMP_DC,DE,2001,464.0,M71,emp_ths
A,THS_PER,M71,EMP_DC,DE,2002,470.0,M71,emp_ths
A,THS_PER,M71,EMP_DC,DE,2003,483.0,M71,emp_ths
A,THS_PER,M71,EMP_DC,DE,2004,503.0,M71,emp_ths
A,THS_PER,M71,EMP_DC,DE,2005,518.0,M71,emp_ths
A,THS_PER,M71,EMP_DC,DE,2006,546.0,M71,emp_ths
A,THS_PER,M71,EMP_DC,DE,2007,581.0,M71,emp_ths
A,THS_PER,M71,EMP_DC,DE,2008,608.0,M71,emp_ths
A,THS_PER,M71,EMP_DC,DE,2009,611.0,M71,emp_ths
A,THS_PER,M71,EMP_DC,DE,2010,619.0,M71,emp_ths
A,THS_PER,M71,EMP_DC,DE,2011,638.0,M71,emp_ths
A,THS_PER,M71,EMP_DC,DE,2012,659.0,M71,emp_ths
A,THS_PER,M71,EMP_DC,DE,2013,682.0,M71,emp_ths
A,THS_PER,M71,EMP_DC,DE,2014,699.0,M71,emp_ths
A,THS_PER,M71,EMP_DC,DE,2015,712.0,M71,emp_ths
A,THS_PER,M71,EMP_DC,DE,2016,729.0,M71,emp_ths
A,THS_PER,M71,EMP_DC,DE,2017,748.0,M71,emp_ths
A,THS_PER,M71,EMP_DC,DE,2018,771.0,M71,emp_ths
A,THS_PER,M71,EMP_DC,DE,2019,792.0,M71,emp_ths
A,THS_PER,M71,EMP_DC,DE,2020,788.0,M71,emp_ths
A,THS_PER,M71,EMP_DC,DE,2021,792.0,M71,emp_ths
A,THS_PER,M71,EMP_DC,DE,2022,800.0,M71,emp_ths
A,THS_PER,M71,EMP_DC,DE,2023,812.0,M71,emp_ths
A,THS_PER,M71,EMP_DC,FR,1990,271.5,M71,emp_ths
A,THS_PER,M71,EMP_DC,FR,1991,274.1,M71,emp_ths
A,THS_PER,M71,EMP_DC,FR,1992,274.1,M71,emp_ths
A,THS_PER,M71,EMP_DC,FR,1993,273.5,M71,emp_ths
A,THS_PER,M71,EMP_DC,FR,1994,266.2,M71,emp_ths
A,THS_PER,M71,EMP_DC,FR,1995,258.4,M71,emp_ths
A,THS_PER,M71,EMP_DC,FR,1996,251.9,M71,emp_ths
A,THS_PER,M71,EMP_DC,FR,1997,250.9,M71,emp_ths
A,THS_PER,M71,EMP_DC,FR,1998,252.1,M71,emp_ths
A,THS_PER,M71,EMP_DC,FR,1999,262.1,M71,emp_ths
A,THS_PER,M71,EMP_DC,FR,2000,281.2,M71,emp_ths
A,THS_PER,M71,EMP_DC,FR,2001,296.6,M71,emp_ths
A,THS_PER,M71,EMP_DC,FR,2002,300.4,M71,emp_ths
A,THS_PER,M71,EMP_DC,FR,2003,313.2,M71,emp_ths
A,THS_PER,M71,EMP_DC,FR,2004,326.3,M71,emp_ths
A,THS_PER,M71,EMP_DC,FR,2005,325.9,M71,emp_ths
A,THS_PER,M71,EMP_DC,FR,2006,353.5,M71,emp_ths
A,THS_PER,M71,EMP_DC,FR,2007,369.2,M71,emp_ths
A,THS_PER,M71,EMP_DC,FR,2008,383.3,M71,emp_ths
A,THS_PER,M71,EMP_DC,FR,2009,372.8,M71,emp_ths
A,THS_PER,M71,EMP_DC,FR,2010,365.9,M71,emp_ths
A,THS_PER,M71,EMP_DC,FR,2011,397.6,M71,emp_ths
A,THS_PER,M71,EMP_DC,FR,2012,414.4,M71,emp_ths
A,THS_PER,M71,EMP_DC,FR,2013,423.2,M71,emp_ths
A,THS_PER,M71,EMP_DC,FR,2014,431.7,M71,emp_ths
A,THS_PER,M71,EMP_DC,FR,2015,430.5,M71,emp_ths
A,THS_PER,M71,EMP_DC,FR,2016,442.4,M71,emp_ths
A,THS_PER,M71,EMP_DC,FR,2017,450.1,M71,emp_ths
A,THS_PER,M71,EMP_DC,FR,2018,457.5,M71,emp_ths
A,THS_PER,M71,EMP_DC,FR,2019,478.0,M71,emp_ths
A,THS_PER,M71,EMP_DC,FR,2020,485.8,M71,emp_ths
A,THS_PER,M71,EMP_DC,FR,2021,505.8,M71,emp_ths
A,THS_PER,M71,EMP_DC,FR,2022,530.6,M71,emp_ths
A,THS_PER,M71,EMP_DC,FR,2023,548.7,M71,emp_ths
A,THS_PER,M71,EMP_DC,FR,2024,558.0,M71,emp_ths
A,THS_PER,M71,EMP_DC,NL,1995,83.0,M71,emp_ths
A,THS_PER,M71,EMP_DC,NL,1996,90.0,M71,emp_ths
A,THS_PER,M71,EMP_DC,NL,1997,92.0,M71,emp_ths
A,THS_PER,M71,EMP_DC,NL,1998,94.0,M71,emp_ths
A,THS_PER,M71,EMP_DC,NL,1999,98.0,M71,emp_ths
A,THS_PER,M71,EMP_DC,NL,2000,102.0,M71,emp_ths
A,THS_PER,M71,EMP_DC,NL,2001,108.0,M71,emp_ths
A,THS_PER,M71,EMP_DC,NL,2002,109.0,M71,emp_ths
A,THS_PER,M71,EMP_DC,NL,2003,108.0,M71,emp_ths
A,THS_PER,M71,EMP_DC,NL,2004,108.0,M71,emp_ths
A,THS_PER,M71,EMP_DC,NL,2005,107.0,M71,emp_ths
A,THS_PER,M71,EMP_DC,NL,2006,111.0,M71,emp_ths
A,THS_PER,M71,EMP_DC,NL,2007,118.0,M71,emp_ths
A,THS_PER,M71,EMP_DC,NL,2008,123.0,M71,emp_ths
A,THS_PER,M71,EMP_DC,NL,2009,122.0,M71,emp_ths
A,THS_PER,M71,EMP_DC,NL,2010,120.0,M71,emp_ths
A,THS_PER,M71,EMP_DC,NL,2011,118.0,M71,emp_ths
A,THS_PER,M71,EMP_DC,NL,2012,118.0,M71,emp_ths
A,THS_PER,M71,EMP_DC,NL,2013,120.0,M71,emp_ths
A,THS_PER,M71,EMP_DC,NL,2014,122.0,M71,emp_ths
A,THS_PER,M71,EMP_DC,NL,2015,123.0,M71,emp_ths
A,THS_PER,M71,EMP_DC,NL,2016,125.0,M71,emp_ths
A,THS_PER,M71,EMP_DC,NL,2017,128.0,M71,emp_ths
A,THS_PER,M71,EMP_DC,NL,2018,134.0,M71,emp_ths
A,THS_PER,M71,EMP_DC,NL,2019,140.0,M71,emp_ths
A,THS_PER,M71,EMP_DC,NL,2020,142.0,M71,emp_ths
A,THS_PER,M71,EMP_DC,NL,2021,145.0,M71,emp_ths
A,THS_PER,M71,EMP_DC,NL,2022,150.0,M71,emp_ths
A,THS_PER,M71,EMP_DC,NL,2023,155.0,M71,emp_ths
A,THS_PER,M71,EMP_DC,NL,2024,160.0,M71,emp_ths
A,THS_PER,M71,EMP_DC,NL,2025,164.0,M71,emp_ths
A,THS_PER,M71,EMP_DC,PL,1995,27.3,M71,emp_ths
A,THS_PER,M71,EMP_DC,PL,1996,34.3,M71,emp_ths
A,THS_PER,M71,EMP_DC,PL,1997,40.9,M71,emp_ths
A,THS_PER,M71,EMP_DC,PL,1998,47.3,M71,emp_ths
A,THS_PER,M71,EMP_DC,PL,1999,49.4,M71,emp_ths
A,THS_PER,M71,EMP_DC,PL,2000,57.3,M71,emp_ths
A,THS_PER,M71,EMP_DC,PL,2001,59.7,M71,emp_ths
A,THS_PER,M71,EMP_DC,PL,2002,61.7,M71,emp_ths
A,THS_PER,M71,EMP_DC,PL,2003,61.5,M71,emp_ths
A,THS_PER,M71,EMP_DC,PL,2004,65.0,M71,emp_ths
A,THS_PER,M71,EMP_DC,PL,2005,69.2,M71,emp_ths
A,THS_PER,M71,EMP_DC,PL,2006,75.9,M71,emp_ths
A,THS_PER,M71,EMP_DC,PL,2007,89.5,M71,emp_ths
A,THS_PER,M71,EMP_DC,PL,2008,94.5,M71,emp_ths
A,THS_PER,M71,EMP_DC,PL,2009,111.8,M71,emp_ths
A,THS_PER,M71,EMP_DC,PL,2010,115.7,M71,emp_ths
A,THS_PER,M71,EMP_DC,PL,2011,118.7,M71,emp_ths
A,THS_PER,M71,EMP_DC,PL,2012,133.0,M71,emp_ths
A,THS_PER,M71,EMP_DC,PL,2013,118.3,M71,emp_ths
A,THS_PER,M71,EMP_DC,PL,2014,135.8,M71,emp_ths
A,THS_PER,M71,EMP_DC,PL,2015,141.9,M71,emp_ths
A,THS_PER,M71,EMP_DC,PL,2016,138.7,M71,emp_ths
A,THS_PER,M71,EMP_DC,PL,2017,158.5,M71,emp_ths
A,THS_PER,M71,EMP_DC,PL,2018,149.5,M71,emp_ths
A,THS_PER,M71,EMP_DC,PL,2019,149.9,M71,emp_ths
A,THS_PER,M71,EMP_DC,PL,2020,162.7,M71,emp_ths
A,THS_PER,M71,EMP_DC,PL,2021,175.1,M71,emp_ths
A,THS_PER,M71,EMP_DC,PL,2022,181.1,M71,emp_ths
A,THS_PER,M71,EMP_DC,PL,2023,190.5,M71,emp_ths
A,THS_PER,M71,EMP_DC,PL,2024,191.4,M71,emp_ths
A,THS_PER,M71,EMP_DC,RO,1995,53.9,M71,emp_ths
A,THS_PER,M71,EMP_DC,RO,1996,53.4,M71,emp_ths
A,THS_PER,M71,EMP_DC,RO,1997,53.4,M71,emp_ths
A,THS_PER,M71,EMP_DC,RO,1998,46.3,M71,emp_ths
A,THS_PER,M71,EMP_DC,RO,1999,38.6,M71,emp_ths
A,THS_PER,M71,EMP_DC,RO,2000,39.1,M71,emp_ths
A,THS_PER,M71,EMP_DC,RO,2001,41.0,M71,emp_ths
A,THS_PER,M71,EMP_DC,RO,2002,43.1,M71,emp_ths
A,THS_PER,M71,EMP_DC,RO,2003,41.6,M71,emp_ths
A,THS_PER,M71,EMP_DC,RO,2004,35.0,M71,emp_ths
A,THS_PER,M71,EMP_DC,RO,2005,30.3,M71,emp_ths
A,THS_PER,M71,EMP_DC,RO,2006,34.2,M71,emp_ths
A,THS_PER,M71,EMP_DC,RO,2007,37.1,M71,emp_ths
A,THS_PER,M71,EMP_DC,RO,2008,37.5,M71,emp_ths
A,THS_PER,M71,EMP_DC,RO,2009,35.1,M71,emp_ths
A,THS_PER,M71,EMP_DC,RO,2010,33.5,M71,emp_ths
A,THS_PER,M71,EMP_DC,RO,2011,35.0,M71,emp_ths
A,THS_PER,M71,EMP_DC,RO,2012,38.0,M71,emp_ths
A,THS_PER,M71,EMP_DC,RO,2013,37.6,M71,emp_ths
A,THS_PER,M71,EMP_DC,RO,2014,38.7,M71,emp_ths
A,THS_PER,M71,EMP_DC,RO,2015,39.7,M71,emp_ths
A,THS_PER,M71,EMP_DC,RO,2016,41.5,M71,emp_ths
A,THS_PER,M71,EMP_DC,RO,2017,41.7,M71,emp_ths
A,THS_PER,M71,EMP_DC,RO,2018,45.0,M71,emp_ths
A,THS_PER,M71,EMP_DC,RO,2019,45.8,M71,emp_ths
A,THS_PER,M71,EMP_DC,RO,2020,44.7,M71,emp_ths
A,THS_PER,M71,EMP_DC,RO,2021,41.8,M71,emp_ths
A,THS_PER,M71,EMP_DC,RO,2022,43.5,M71,emp_ths
A,THS_PER,M71,EMP_DC,RO,2023,39.8,M71,emp_ths
A,THS_PER,M71,EMP_DC,IT,1995,194.4,M71,emp_ths
A,THS_PER,M71,EMP_DC,IT,1996,209.2,M71,emp_ths
A,THS_PER,M71,EMP_DC,IT,1997,226.5,M71,emp_ths
A,THS_PER,M71,EMP_DC,IT,1998,240.4,M71,emp_ths
A,THS_PER,M71,EMP_DC,IT,1999,252.4,M71,emp_ths
A,THS_PER,M71,EMP_DC,IT,2000,276.9,M71,emp_ths
A,THS_PER,M71,EMP_DC,IT,2001,276.4,M71,emp_ths
A,THS_PER,M71,EMP_DC,IT,2002,296.5,M71,emp_ths
A,THS_PER,M71,EMP_DC,IT,2003,304.2,M71,emp_ths
A,THS_PER,M71,EMP_DC,IT,2004,316.4,M71,emp_ths
A,THS_PER,M71,EMP_DC,IT,2005,321.4,M71,emp_ths
A,THS_PER,M71,EMP_DC,IT,2006,328.4,M71,emp_ths
A,THS_PER,M71,EMP_DC,IT,2007,340.1,M71,emp_ths
A,THS_PER,M71,EMP_DC,IT,2008,338.9,M71,emp_ths
A,THS_PER,M71,EMP_DC,IT,2009,335.8,M71,emp_ths
A,THS_PER,M71,EMP_DC,IT,2010,335.9,M71,emp_ths
A,THS_PER,M71,EMP_DC,IT,2011,343.5,M71,emp_ths
A,THS_PER,M71,EMP_DC,IT,2012,343.6,M71,emp_ths
A,THS_PER,M71,EMP_DC,IT,2013,341.9,M71,emp_ths
A,THS_PER,M71,EMP_DC,IT,2014,351.1,M71,emp_ths
A,THS_PER,M71,EMP_DC,IT,2015,352.2,M71,emp_ths
A,THS_PER,M71,EMP_DC,IT,2016,353.2,M71,emp_ths
A,THS_PER,M71,EMP_DC,IT,2017,354.4,M71,emp_ths
A,THS_PER,M71,EMP_DC,IT,2018,362.3,M71,emp_ths
A,THS_PER,M71,EMP_DC,IT,2019,357.9,M71,emp_ths
A,THS_PER,M71,EMP_DC,IT,2020,358.7,M71,emp_ths
A,THS_PER,M71,EMP_DC,IT,2021,364.4,M71,emp_ths
A,THS_PER,M71,EMP_DC,IT,2022,370.3,M71,emp_ths
A,THS_PER,M71,EMP_DC,IT,2023,378.6,M71,emp_ths
A,THS_PER,M71,EMP_DC,ES,1995,130.9,M71,emp_ths
A,THS_PER,M71,EMP_DC,ES,1996,137.0,M71,emp_ths
A,THS_PER,M71,EMP_DC,ES,1997,146.7,M71,emp_ths
A,THS_PER,M71,EMP_DC,ES,1998,157.0,M71,emp_ths
A,THS_PER,M71,EMP_DC,ES,1999,169.2,M71,emp_ths
A,THS_PER,M71,EMP_DC,ES,2000,184.6,M71,emp_ths
A,THS_PER,M71,EMP_DC,ES,2001,190.9,M71,emp_ths
A,THS_PER,M71,EMP_DC,ES,2002,199.6,M71,emp_ths
A,THS_PER,M71,EMP_DC,ES,2003,207.1,M71,emp_ths
A,THS_PER,M71,EMP_DC,ES,2004,218.4,M71,emp_ths
A,THS_PER,M71,EMP_DC,ES,2005,235.8,M71,emp_ths
A,THS_PER,M71,EMP_DC,ES,2006,267.4,M71,emp_ths
A,THS_PER,M71,EMP_DC,ES,2007,285.5,M71,emp_ths
A,THS_PER,M71,EMP_DC,ES,2008,300.1,M71,emp_ths
A,THS_PER,M71,EMP_DC,ES,2009,283.8,M71,emp_ths
A,THS_PER,M71,EMP_DC,ES,2010,273.4,M71,emp_ths
A,THS_PER,M71,EMP_DC,ES,2011,259.9,M71,emp_ths
A,THS_PER,M71,EMP_DC,ES,2012,243.4,M71,emp_ths
A,THS_PER,M71,EMP_DC,ES,2013,231.2,M71,emp_ths
A,THS_PER,M71,EMP_DC,ES,2014,236.7,M71,emp_ths
A,THS_PER,M71,EMP_DC,ES,2015,233.2,M71,emp_ths
A,THS_PER,M71,EMP_DC,ES,2016,232.6,M71,emp_ths
A,THS_PER,M71,EMP_DC,ES,2017,249.3,M71,emp_ths
A,THS_PER,M71,EMP_DC,ES,2018,259.6,M71,emp_ths
A,THS_PER,M71,EMP_DC,ES,2019,279.3,M71,emp_ths
A,THS_PER,M71,EMP_DC,ES,2020,260.1,M71,emp_ths
A,THS_PER,M71,EMP_DC,ES,2021,279.0,M71,emp_ths
A,THS_PER,M71,EMP_DC,ES,2022,275.8,M71,emp_ths
A,THS_PER,M71,EMP_DC,ES,2023,300.2,M71,emp_ths
A,THS_PER,M71,EMP_DC,IE,1995,15.64,M71,emp_ths
A,THS_PER,M71,EMP_DC,IE,1996,15.65,M71,emp_ths
A,THS_PER,M71,EMP_DC,IE,1997,15.61,M71,emp_ths
A,THS_PER,M71,EMP_DC,IE,1998,15.68,M71,emp_ths
A,THS_PER,M71,EMP_DC,IE,1999,16.78,M71,emp_ths
A,THS_PER,M71,EMP_DC,IE,2000,19.85,M71,emp_ths
A,THS_PER,M71,EMP_DC,IE,2001,20.2,M71,emp_ths
A,THS_PER,M71,EMP_DC,IE,2002,21.94,M71,emp_ths
A,THS_PER,M71,EMP_DC,IE,2003,25.76,M71,emp_ths
A,THS_PER,M71,EMP_DC,IE,2004,28.09,M71,emp_ths
A,THS_PER,M71,EMP_DC,IE,2005,33.54,M71,emp_ths
A,THS_PER,M71,EMP_DC,IE,2006,35.77,M71,emp_ths
A,THS_PER,M71,EMP_DC,IE,2007,37.16,M71,emp_ths
A,THS_PER,M71,EMP_DC,IE,2008,36.72,M71,emp_ths
A,THS_PER,M71,EMP_DC,IE,2009,32.69,M71,emp_ths
A,THS_PER,M71,EMP_DC,IE,2010,26.41,M71,emp_ths
A,THS_PER,M71,EMP_DC,IE,2011,26.5,M71,emp_ths
A,THS_PER,M71,EMP_DC,IE,2012,29.39,M71,emp_ths
A,THS_PER,M71,EMP_DC,IE,2013,29.77,M71,emp_ths
A,THS_PER,M71,EMP_DC,IE,2014,33.54,M71,emp_ths
A,THS_PER,M71,EMP_DC,IE,2015,34.36,M71,emp_ths
A,THS_PER,M71,EMP_DC,IE,2016,32.74,M71,emp_ths
A,THS_PER,M71,EMP_DC,IE,2017,36.3,M71,emp_ths
A,THS_PER,M71,EMP_DC,IE,2018,39.71,M71,emp_ths
A,THS_PER,M71,EMP_DC,IE,2019,36.63,M71,emp_ths
A,THS_PER,M71,EMP_DC,IE,2020,37.15,M71,emp_ths
A,THS_PER,M71,EMP_DC,IE,2021,44.71,M71,emp_ths
A,THS_PER,M71,EMP_DC,IE,2022,48.32,M71,emp_ths
A,THS_PER,M71,EMP_DC,IE,2023,47.16,M71,emp_ths
A,THS_PER,M71,EMP_DC,IE,2024,56.89,M71,emp_ths
A,THS_PER,M71,EMP_DC,BE,1995,35.3,M71,emp_ths
A,THS_PER,M71,EMP_DC,BE,1996,36.4,M71,emp_ths
A,THS_PER,M71,EMP_DC,BE,1997,37.1,M71,emp_ths
A,THS_PER,M71,EMP_DC,BE,1998,39.3,M71,emp_ths
A,THS_PER,M71,EMP_DC,BE,1999,41.8,M71,emp_ths
A,THS_PER,M71,EMP_DC,BE,2000,43.5,M71,emp_ths
A,THS_PER,M71,EMP_DC,BE,2001,44.9,M71,emp_ths
A,THS_PER,M71,EMP_DC,BE,2002,44.9,M71,emp_ths
A,THS_PER,M71,EMP_DC,BE,2003,43.6,M71,emp_ths
A,THS_PER,M71,EMP_DC,BE,2004,43.6,M71,emp_ths
A,THS_PER,M71,EMP_DC,BE,2005,44.2,M71,emp_ths
A,THS_PER,M71,EMP_DC,BE,2006,46.6,M71,emp_ths
A,THS_PER,M71,EMP_DC,BE,2007,48.3,M71,emp_ths
A,THS_PER,M71,EMP_DC,BE,2008,50.6,M71,emp_ths
A,THS_PER,M71,EMP_DC,BE,2009,47.2,M71,emp_ths
A,THS_PER,M71,EMP_DC,BE,2010,46.3,M71,emp_ths
A,THS_PER,M71,EMP_DC,BE,2011,47.2,M71,emp_ths
A,THS_PER,M71,EMP_DC,BE,2012,48.6,M71,emp_ths
A,THS_PER,M71,EMP_DC,BE,2013,49.2,M71,emp_ths
A,THS_PER,M71,EMP_DC,BE,2014,48.9,M71,emp_ths
A,THS_PER,M71,EMP_DC,BE,2015,50.5,M71,emp_ths
A,THS_PER,M71,EMP_DC,BE,2016,51.3,M71,emp_ths
A,THS_PER,M71,EMP_DC,BE,2017,52.9,M71,emp_ths
A,THS_PER,M71,EMP_DC,BE,2018,55.6,M71,emp_ths
A,THS_PER,M71,EMP_DC,BE,2019,57.2,M71,emp_ths
A,THS_PER,M71,EMP_DC,BE,2020,59.2,M71,emp_ths
A,THS_PER,M71,EMP_DC,BE,2021,61.4,M71,emp_ths
A,THS_PER,M71,EMP_DC,BE,2022,63.9,M71,emp_ths
A,THS_PER,M71,EMP_DC,BE,2023,65.2,M71,emp_ths
A,THS_PER,M71,EMP_DC,BE,2024,66.8,M71,emp_ths
A,THS_PER,M71,EMP_DC,AT,1995,36.12,M71,emp_ths
A,THS_PER,M71,EMP_DC,AT,1996,37.76,M71,emp_ths
A,THS_PER,M71,EMP_DC,AT,1997,39.09,M71,emp_ths
A,THS_PER,M71,EMP_DC,AT,1998,38.91,M71,emp_ths
A,THS_PER,M71,EMP_DC,AT,1999,42.44,M71,emp_ths
A,THS_PER,M71,EMP_DC,AT,2000,42.02,M71,emp_ths
A,THS_PER,M71,EMP_DC,AT,2001,46.61,M71,emp_ths
A,THS_PER,M71,EMP_DC,AT,2002,46.96,M71,emp_ths
A,THS_PER,M71,EMP_DC,AT,2003,47.54,M71,emp_ths
A,THS_PER,M71,EMP_DC,AT,2004,49.23,M71,emp_ths
A,THS_PER,M71,EMP_DC,AT,2005,50.37,M71,emp_ths
A,THS_PER,M71,EMP_DC,AT,2006,53.11,M71,emp_ths
A,THS_PER,M71,EMP_DC,AT,2007,56.4,M71,emp_ths
A,THS_PER,M71,EMP_DC,AT,2008,60.06,M71,emp_ths
A,THS_PER,M71,EMP_DC,AT,2009,60.2,M71,emp_ths
A,THS_PER,M71,EMP_DC,AT,2010,58.49,M71,emp_ths
A,THS_PER,M71,EMP_DC,AT,2011,57.97,M71,emp_ths
A,THS_PER,M71,EMP_DC,AT,2012,58.94,M71,emp_ths
A,THS_PER,M71,EMP_DC,AT,2013,59.44,M71,emp_ths
A,THS_PER,M71,EMP_DC,AT,2014,59.12,M71,emp_ths
A,THS_PER,M71,EMP_DC,AT,2015,58.86,M71,emp_ths
A,THS_PER,M71,EMP_DC,AT,2016,59.48,M71,emp_ths
A,THS_PER,M71,EMP_DC,AT,2017,60.81,M71,emp_ths
A,THS_PER,M71,EMP_DC,AT,2018,63.09,M71,emp_ths
A,THS_PER,M71,EMP_DC,AT,2019,64.23,M71,emp_ths
A,THS_PER,M71,EMP_DC,AT,2020,65.85,M71,emp_ths
A,THS_PER,M71,EMP_DC,AT,2021,66.84,M71,emp_ths
A,THS_PER,M71,EMP_DC,AT,2022,69.24,M71,emp_ths
A,THS_PER,M71,EMP_DC,AT,2023,69.9,M71,emp_ths
A,THS_PER,M71,EMP_DC,AT,2024,69.59,M71,emp_ths
A,THS_PER,M71,EMP_DC,DK,1975,20.45,M71,emp_ths
A,THS_PER,M71,EMP_DC,DK,1976,19.38,M71,emp_ths
A,THS_PER,M71,EMP_DC,DK,1977,20.25,M71,emp_ths
A,THS_PER,M71,EMP_DC,DK,1978,21.38,M71,emp_ths
A,THS_PER,M71,EMP_DC,DK,1979,22.76,M71,emp_ths
A,THS_PER,M71,EMP_DC,DK,1980,23.41,M71,emp_ths
A,THS_PER,M71,EMP_DC,DK,1981,24.43,M71,emp_ths
A,THS_PER,M71,EMP_DC,DK,1982,24.93,M71,emp_ths
A,THS_PER,M71,EMP_DC,DK,1983,25.11,M71,emp_ths
A,THS_PER,M71,EMP_DC,DK,1984,26.01,M71,emp_ths
A,THS_PER,M71,EMP_DC,DK,1985,26.9,M71,emp_ths
A,THS_PER,M71,EMP_DC,DK,1986,28.92,M71,emp_ths
A,THS_PER,M71,EMP_DC,DK,1987,29.42,M71,emp_ths
A,THS_PER,M71,EMP_DC,DK,1988,29.12,M71,emp_ths
A,THS_PER,M71,EMP_DC,DK,1989,31.2,M71,emp_ths
A,THS_PER,M71,EMP_DC,DK,1990,31.67,M71,emp_ths
A,THS_PER,M71,EMP_DC,DK,1991,31.47,M71,emp_ths
A,THS_PER,M71,EMP_DC,DK,1992,30.52,M71,emp_ths
A,THS_PER,M71,EMP_DC,DK,1993,31.31,M71,emp_ths
A,THS_PER,M71,EMP_DC,DK,1994,31.36,M71,emp_ths
A,THS_PER,M71,EMP_DC,DK,1995,32.48,M71,emp_ths
A,THS_PER,M71,EMP_DC,DK,1996,34.05,M71,emp_ths
A,THS_PER,M71,EMP_DC,DK,1997,35.44,M71,emp_ths
A,THS_PER,M71,EMP_DC,DK,1998,36.56,M71,emp_ths
A,THS_PER,M71,EMP_DC,DK,1999,36.45,M71,emp_ths
A,THS_PER,M71,EMP_DC,DK,2000,36.65,M71,emp_ths
A,THS_PER,M71,EMP_DC,DK,2001,37.95,M71,emp_ths
A,THS_PER,M71,EMP_DC,DK,2002,38.95,M71,emp_ths
A,THS_PER,M71,EMP_DC,DK,2003,38.43,M71,emp_ths
A,THS_PER,M71,EMP_DC,DK,2004,37.74,M71,emp_ths
A,THS_PER,M71,EMP_DC,DK,2005,38.49,M71,emp_ths
A,THS_PER,M71,EMP_DC,DK,2006,39.83,M71,emp_ths
A,THS_PER,M71,EMP_DC,DK,2007,42.04,M71,emp_ths
A,THS_PER,M71,EMP_DC,DK,2008,44.95,M71,emp_ths
A,THS_PER,M71,EMP_DC,DK,2009,42.12,M71,emp_ths
A,THS_PER,M71,EMP_DC,DK,2010,40.39,M71,emp_ths
A,THS_PER,M71,EMP_DC,DK,2011,39.99,M71,emp_ths
A,THS_PER,M71,EMP_DC,DK,2012,41.08,M71,emp_ths
A,THS_PER,M71,EMP_DC,DK,2013,43.15,M71,emp_ths
A,THS_PER,M71,EMP_DC,DK,2014,44.36,M71,emp_ths
A,THS_PER,M71,EMP_DC,DK,2015,46.25,M71,emp_ths
A,THS_PER,M71,EMP_DC,DK,2016,47.97,M71,emp_ths
A,THS_PER,M71,EMP_DC,DK,2017,49.31,M71,emp_ths
A,THS_PER,M71,EMP_DC,DK,2018,50.82,M71,emp_ths
A,THS_PER,M71,EMP_DC,DK,2019,49.57,M71,emp_ths
A,THS_PER,M71,EMP_DC,DK,2020,49.3,M71,emp_ths
A,THS_PER,M71,EMP_DC,DK,2021,51.52,M71,emp_ths
A,THS_PER,M71,EMP_DC,DK,2022,54.63,M71,emp_ths
A,THS_PER,M71,EMP_DC,DK,2023,57.3,M71,emp_ths
A,THS_PER,M71,EMP_DC,DK,2024,59.37,M71,emp_ths
A,THS_PER,M71,EMP_DC,DK,2025,60.99,M71,emp_ths
A,THS_PER,M71,EMP_DC,PT,1995,23.03,M71,emp_ths
A,THS_PER,M71,EMP_DC,PT,1996,23.52,M71,emp_ths
A,THS_PER,M71,EMP_DC,PT,1997,25.31,M71,emp_ths
A,THS_PER,M71,EMP_DC,PT,1998,26.53,M71,emp_ths
A,THS_PER,M71,EMP_DC,PT,1999,28.14,M71,emp_ths
A,THS_PER,M71,EMP_DC,PT,2000,30.06,M71,emp_ths
A,THS_PER,M71,EMP_DC,PT,2001,32.82,M71,emp_ths
A,THS_PER,M71,EMP_DC,PT,2002,34.59,M71,emp_ths
A,THS_PER,M71,EMP_DC,PT,2003,35.7,M71,emp_ths
A,THS_PER,M71,EMP_DC,PT,2004,37.29,M71,emp_ths
A,THS_PER,M71,EMP_DC,PT,2005,37.88,M71,emp_ths
A,THS_PER,M71,EMP_DC,PT,2006,37.94,M71,emp_ths
A,THS_PER,M71,EMP_DC,PT,2007,39.71,M71,emp_ths
A,THS_PER,M71,EMP_DC,PT,2008,41.96,M71,emp_ths
A,THS_PER,M71,EMP_DC,PT,2009,42.39,M71,emp_ths
A,THS_PER,M71,EMP_DC,PT,2010,42.47,M71,emp_ths
A,THS_PER,M71,EMP_DC,PT,2011,40.94,M71,emp_ths
A,THS_PER,M71,EMP_DC,PT,2012,36.87,M71,emp_ths
A,THS_PER,M71,EMP_DC,PT,2013,34.4,M71,emp_ths
A,THS_PER,M71,EMP_DC,PT,2014,35.37,M71,emp_ths
A,THS_PER,M71,EMP_DC,PT,2015,36.14,M71,emp_ths
A,THS_PER,M71,EMP_DC,PT,2016,37.81,M71,emp_ths
A,THS_PER,M71,EMP_DC,PT,2017,40.74,M71,emp_ths
A,THS_PER,M71,EMP_DC,PT,2018,43.04,M71,emp_ths
A,THS_PER,M71,EMP_DC,PT,2019,46.46,M71,emp_ths
A,THS_PER,M71,EMP_DC,PT,2020,47.02,M71,emp_ths
A,THS_PER,M71,EMP_DC,PT,2021,49.35,M71,emp_ths
A,THS_PER,M71,EMP_DC,PT,2022,51.92,M71,emp_ths
A,THS_PER,M71,EMP_DC,PT,2023,53.63,M71,emp_ths
A,THS_PER,M71,EMP_DC,CZ,1995,80.84,M71,emp_ths
A,THS_PER,M71,EMP_DC,CZ,1996,81.78,M71,emp_ths
A,THS_PER,M71,EMP_DC,CZ,1997,71.0,M71,emp_ths
A,THS_PER,M71,EMP_DC,CZ,1998,73.96,M71,emp_ths
A,THS_PER,M71,EMP_DC,CZ,1999,72.29,M71,emp_ths
A,THS_PER,M71,EMP_DC,CZ,2000,72.34,M71,emp_ths
A,THS_PER,M71,EMP_DC,CZ,2001,68.69,M71,emp_ths
A,THS_PER,M71,EMP_DC,CZ,2002,74.84,M71,emp_ths
A,THS_PER,M71,EMP_DC,CZ,2003,79.14,M71,emp_ths
A,THS_PER,M71,EMP_DC,CZ,2004,79.47,M71,emp_ths
A,THS_PER,M71,EMP_DC,CZ,2005,82.9,M71,emp_ths
A,THS_PER,M71,EMP_DC,CZ,2006,81.6,M71,emp_ths
A,THS_PER,M71,EMP_DC,CZ,2007,87.15,M71,emp_ths
A,THS_PER,M71,EMP_DC,CZ,2008,89.5,M71,emp_ths
A,THS_PER,M71,EMP_DC,CZ,2009,86.01,M71,emp_ths
A,THS_PER,M71,EMP_DC,CZ,2010,83.07,M71,emp_ths
A,THS_PER,M71,EMP_DC,CZ,2011,75.73,M71,emp_ths
A,THS_PER,M71,EMP_DC,CZ,2012,75.53,M71,emp_ths
A,THS_PER,M71,EMP_DC,CZ,2013,76.06,M71,emp_ths
A,THS_PER,M71,EMP_DC,CZ,2014,76.96,M71,emp_ths
A,THS_PER,M71,EMP_DC,CZ,2015,76.49,M71,emp_ths
A,THS_PER,M71,EMP_DC,CZ,2016,78.97,M71,emp_ths
A,THS_PER,M71,EMP_DC,CZ,2017,82.45,M71,emp_ths
A,THS_PER,M71,EMP_DC,CZ,2018,85.31,M71,emp_ths
A,THS_PER,M71,EMP_DC,CZ,2019,83.8,M71,emp_ths
A,THS_PER,M71,EMP_DC,CZ,2020,81.55,M71,emp_ths
A,THS_PER,M71,EMP_DC,CZ,2021,83.41,M71,emp_ths
A,THS_PER,M71,EMP_DC,CZ,2022,86.52,M71,emp_ths
A,THS_PER,M71,EMP_DC,CZ,2023,89.27,M71,emp_ths
A,THS_PER,M71,EMP_DC,CZ,2024,90.5,M71,emp_ths
A,THS_PER,M71,EMP_DC,CZ,2025,91.9,M71,emp_ths
A,THS_PER,M71,EMP_DC,HU,1995,12.57,M71,emp_ths
A,THS_PER,M71,EMP_DC,HU,1996,12.0,M71,emp_ths
A,THS_PER,M71,EMP_DC,HU,1997,14.8,M71,emp_ths
A,THS_PER,M71,EMP_DC,HU,1998,16.84,M71,emp_ths
A,THS_PER,M71,EMP_DC,HU,1999,18.3,M71,emp_ths
A,THS_PER,M71,EMP_DC,HU,2000,20.82,M71,emp_ths
A,THS_PER,M71,EMP_DC,HU,2001,20.89,M71,emp_ths
A,THS_PER,M71,EMP_DC,HU,2002,22.09,M71,emp_ths
A,THS_PER,M71,EMP_DC,HU,2003,25.4,M71,emp_ths
A,THS_PER,M71,EMP_DC,HU,2004,25.49,M71,emp_ths
A,THS_PER,M71,EMP_DC,HU,2005,24.46,M71,emp_ths
A,THS_PER,M71,EMP_DC,HU,2006,24.93,M71,emp_ths
A,THS_PER,M71,EMP_DC,HU,2007,25.83,M71,emp_ths
A,THS_PER,M71,EMP_DC,HU,2008,29.51,M71,emp_ths
A,THS_PER,M71,EMP_DC,HU,2009,38.7,M71,emp_ths
A,THS_PER,M71,EMP_DC,HU,2010,30.42,M71,emp_ths
A,THS_PER,M71,EMP_DC,HU,2011,32.62,M71,emp_ths
A,THS_PER,M71,EMP_DC,HU,2012,28.32,M71,emp_ths
A,THS_PER,M71,EMP_DC,HU,2013,36.04,M71,emp_ths
A,THS_PER,M71,EMP_DC,HU,2014,48.41,M71,emp_ths
A,THS_PER,M71,EMP_DC,HU,2015,46.62,M71,emp_ths
A,THS_PER,M71,EMP_DC,HU,2016,49.91,M71,emp_ths
A,THS_PER,M71,EMP_DC,HU,2017,56.24,M71,emp_ths
A,THS_PER,M71,EMP_DC,HU,2018,57.8,M71,emp_ths
A,THS_PER,M71,EMP_DC,HU,2019,59.14,M71,emp_ths
A,THS_PER,M71,EMP_DC,HU,2020,59.26,M71,emp_ths
A,THS_PER,M71,EMP_DC,HU,2021,62.46,M71,emp_ths
A,THS_PER,M71,EMP_DC,HU,2022,64.99,M71,emp_ths
A,THS_PER,M71,EMP_DC,HU,2023,65.08,M71,emp_ths
A,THS_PER,M71,EMP_DC,HU,2024,64.23,M71,emp_ths
A,THS_PER,M71,EMP_DC,FI,1980,16.8,M71,emp_ths
A,THS_PER,M71,EMP_DC,FI,1981,17.7,M71,emp_ths
A,THS_PER,M71,EMP_DC,FI,1982,18.8,M71,emp_ths
A,THS_PER,M71,EMP_DC,FI,1983,19.1,M71,emp_ths
A,THS_PER,M71,EMP_DC,FI,1984,19.4,M71,emp_ths
A,THS_PER,M71,EMP_DC,FI,1985,20.9,M71,emp_ths
A,THS_PER,M71,EMP_DC,FI,1986,22.9,M71,emp_ths
A,THS_PER,M71,EMP_DC,FI,1987,25.0,M71,emp_ths
A,THS_PER,M71,EMP_DC,FI,1988,27.9,M71,emp_ths
A,THS_PER,M71,EMP_DC,FI,1989,31.7,M71,emp_ths
A,THS_PER,M71,EMP_DC,FI,1990,33.8,M71,emp_ths
A,THS_PER,M71,EMP_DC,FI,1991,30.5,M71,emp_ths
A,THS_PER,M71,EMP_DC,FI,1992,25.2,M71,emp_ths
A,THS_PER,M71,EMP_DC,FI,1993,22.9,M71,emp_ths
A,THS_PER,M71,EMP_DC,FI,1994,23.6,M71,emp_ths
A,THS_PER,M71,EMP_DC,FI,1995,27.3,M71,emp_ths
A,THS_PER,M71,EMP_DC,FI,1996,28.4,M71,emp_ths
A,THS_PER,M71,EMP_DC,FI,1997,29.3,M71,emp_ths
A,THS_PER,M71,EMP_DC,FI,1998,30.9,M71,emp_ths
A,THS_PER,M71,EMP_DC,FI,1999,33.2,M71,emp_ths
A,THS_PER,M71,EMP_DC,FI,2000,34.3,M71,emp_ths
A,THS_PER,M71,EMP_DC,FI,2001,36.5,M71,emp_ths
A,THS_PER,M71,EMP_DC,FI,2002,37.4,M71,emp_ths
A,THS_PER,M71,EMP_DC,FI,2003,38.2,M71,emp_ths
A,THS_PER,M71,EMP_DC,FI,2004,38.7,M71,emp_ths
A,THS_PER,M71,EMP_DC,FI,2005,39.7,M71,emp_ths
A,THS_PER,M71,EMP_DC,FI,2006,42.2,M71,emp_ths
A,THS_PER,M71,EMP_DC,FI,2007,43.7,M71,emp_ths
A,THS_PER,M71,EMP_DC,FI,2008,48.3,M71,emp_ths
A,THS_PER,M71,EMP_DC,FI,2009,47.4,M71,emp_ths
A,THS_PER,M71,EMP_DC,FI,2010,45.8,M71,emp_ths
A,THS_PER,M71,EMP_DC,FI,2011,48.2,M71,emp_ths
A,THS_PER,M71,EMP_DC,FI,2012,49.2,M71,emp_ths
A,THS_PER,M71,EMP_DC,FI,2013,49.5,M71,emp_ths
A,THS_PER,M71,EMP_DC,FI,2014,49.9,M71,emp_ths
A,THS_PER,M71,EMP_DC,FI,2015,51.4,M71,emp_ths
A,THS_PER,M71,EMP_DC,FI,2016,52.6,M71,emp_ths
A,THS_PER,M71,EMP_DC,FI,2017,52.8,M71,emp_ths
A,THS_PER,M71,EMP_DC,FI,2018,54.3,M71,emp_ths
A,THS_PER,M71,EMP_DC,FI,2019,55.1,M71,emp_ths
A,THS_PER,M71,EMP_DC,FI,2020,56.1,M71,emp_ths
A,THS_PER,M71,EMP_DC,FI,2021,57.2,M71,emp_ths
A,THS_PER,M71,EMP_DC,FI,2022,58.1,M71,emp_ths
A,THS_PER,M71,EMP_DC,FI,2023,57.7,M71,emp_ths
A,THS_PER,M71,EMP_DC,FI,2024,56.1,M71,emp_ths
A,THS_PER,M71,EMP_DC,FI,2025,55.5,M71,emp_ths
A,THS_PER,M71,EMP_DC,EL,1995,43.9,M71,emp_ths
A,THS_PER,M71,EMP_DC,EL,1996,42.5,M71,emp_ths
A,THS_PER,M71,EMP_DC,EL,1997,43.9,M71,emp_ths
A,THS_PER,M71,EMP_DC,EL,1998,51.1,M71,emp_ths
A,THS_PER,M71,EMP_DC,EL,1999,52.5,M71,emp_ths
A,THS_PER,M71,EMP_DC,EL,2000,53.1,M71,emp_ths
A,THS_PER,M71,EMP_DC,EL,2001,58.2,M71,emp_ths
A,THS_PER,M71,EMP_DC,EL,2002,62.5,M71,emp_ths
A,THS_PER,M71,EMP_DC,EL,2003,64.2,M71,emp_ths
A,THS_PER,M71,EMP_DC,EL,2004,71.2,M71,emp_ths
A,THS_PER,M71,EMP_DC,EL,2005,72.5,M71,emp_ths
A,THS_PER,M71,EMP_DC,EL,2006,81.1,M71,emp_ths
A,THS_PER,M71,EMP_DC,EL,2007,81.7,M71,emp_ths
A,THS_PER,M71,EMP_DC,EL,2008,89.1,M71,emp_ths
A,THS_PER,M71,EMP_DC,EL,2009,84.2,M71,emp_ths
A,THS_PER,M71,EMP_DC,EL,2010,77.4,M71,emp_ths
A,THS_PER,M71,EMP_DC,EL,2011,78.8,M71,emp_ths
A,THS_PER,M71,EMP_DC,EL,2012,91.3,M71,emp_ths
A,THS_PER,M71,EMP_DC,EL,2013,93.6,M71,emp_ths
A,THS_PER,M71,EMP_DC,EL,2014,99.2,M71,emp_ths
A,THS_PER,M71,EMP_DC,EL,2015,86.8,M71,emp_ths
A,THS_PER,M71,EMP_DC,EL,2016,83.7,M71,emp_ths
A,THS_PER,M71,EMP_DC,EL,2017,72.7,M71,emp_ths
A,THS_PER,M71,EMP_DC,EL,2018,73.1,M71,emp_ths
A,THS_PER,M71,EMP_DC,EL,2019,71.1,M71,emp_ths
A,THS_PER,M71,EMP_DC,EL,2020,74.8,M71,emp_ths
A,THS_PER,M71,EMP_DC,EL,2021,79.6,M71,emp_ths
A,THS_PER,M71,EMP_DC,EL,2022,81.3,M71,emp_ths
A,THS_PER,M71,EMP_DC,EL,2023,85.7,M71,emp_ths
A,THS_PER,M71,EMP_DC,EL,2024,90.4,M71,emp_ths
A,THS_PER,M71,EMP_DC,UK,1995,344.14,M71,emp_ths
A,THS_PER,M71,EMP_DC,UK,1996,343.98,M71,emp_ths
A,THS_PER,M71,EMP_DC,UK,1997,339.74,M71,emp_ths
A,THS_PER,M71,EMP_DC,UK,1998,354.27,M71,emp_ths
A,THS_PER,M71,EMP_DC,UK,1999,367.13,M71,emp_ths
A,THS_PER,M71,EMP_DC,UK,2000,381.06,M71,emp_ths
A,THS_PER,M71,EMP_DC,UK,2001,393.5,M71,emp_ths
A,THS_PER,M71,EMP_DC,UK,2002,397.57,M71,emp_ths
A,THS_PER,M71,EMP_DC,UK,2003,406.56,M71,emp_ths
A,THS_PER,M71,EMP_DC,UK,2004,408.99,M71,emp_ths
A,THS_PER,M71,EMP_DC,UK,2005,428.31,M71,emp_ths
A,THS_PER,M71,EMP_DC,UK,2006,441.09,M71,emp_ths
A,THS_PER,M71,EMP_DC,UK,2007,456.19,M71,emp_ths
A,THS_PER,M71,EMP_DC,UK,2008,471.91,M71,emp_ths
A,THS_PER,M71,EMP_DC,UK,2009,474.44,M71,emp_ths
A,THS_PER,M71,EMP_DC,UK,2010,473.42,M71,emp_ths
A,THS_PER,M71,EMP_DC,UK,2011,473.84,M71,emp_ths
A,THS_PER,M71,EMP_DC,UK,2012,471.45,M71,emp_ths
A,THS_PER,M71,EMP_DC,UK,2013,485.26,M71,emp_ths
A,THS_PER,M71,EMP_DC,UK,2014,534.26,M71,emp_ths
A,THS_PER,M71,EMP_DC,UK,2015,553.13,M71,emp_ths
A,THS_PER,M71,EMP_DC,UK,2016,566.61,M71,emp_ths
A,THS_PER,M71,EMP_DC,UK,2017,529.6,M71,emp_ths
A,THS_PER,M71,EMP_DC,UK,2018,559.47,M71,emp_ths
A,THS_PER,M71,EMP_DC,UK,2019,598.53,M71,emp_ths
A,THS_PER,F,EMP_DC,EU27_2020,1995,12426.38,F,emp_ths
A,THS_PER,F,EMP_DC,EU27_2020,1996,12350.6,F,emp_ths
A,THS_PER,F,EMP_DC,EU27_2020,1997,12426.92,F,emp_ths
A,THS_PER,F,EMP_DC,EU27_2020,1998,12539.46,F,emp_ths
A,THS_PER,F,EMP_DC,EU27_2020,1999,12735.38,F,emp_ths
A,THS_PER,F,EMP_DC,EU27_2020,2000,12891.71,F,emp_ths
A,THS_PER,F,EMP_DC,EU27_2020,2001,13293.45,F,emp_ths
A,THS_PER,F,EMP_DC,EU27_2020,2002,13272.9,F,emp_ths
A,THS_PER,F,EMP_DC,EU27_2020,2003,13330.32,F,emp_ths
A,THS_PER,F,EMP_DC,EU27_2020,2004,13425.91,F,emp_ths
A,THS_PER,F,EMP_DC,EU27_2020,2005,13907.42,F,emp_ths
A,THS_PER,F,EMP_DC,EU27_2020,2006,14508.88,F,emp_ths
A,THS_PER,F,EMP_DC,EU27_2020,2007,15302.81,F,emp_ths
A,THS_PER,F,EMP_DC,EU27_2020,2008,15325.06,F,emp_ths
A,THS_PER,F,EMP_DC,EU27_2020,2009,14488.78,F,emp_ths
A,THS_PER,F,EMP_DC,EU27_2020,2010,13810.84,F,emp_ths
A,THS_PER,F,EMP_DC,EU27_2020,2011,13408.62,F,emp_ths
A,THS_PER,F,EMP_DC,EU27_2020,2012,12920.2,F,emp_ths
A,THS_PER,F,EMP_DC,EU27_2020,2013,12480.63,F,emp_ths
A,THS_PER,F,EMP_DC,EU27_2020,2014,12361.68,F,emp_ths
A,THS_PER,F,EMP_DC,EU27_2020,2015,12412.87,F,emp_ths
A,THS_PER,F,EMP_DC,EU27_2020,2016,12511.46,F,emp_ths
A,THS_PER,F,EMP_DC,EU27_2020,2017,12690.06,F,emp_ths
A,THS_PER,F,EMP_DC,EU27_2020,2018,13013.44,F,emp_ths
A,THS_PER,F,EMP_DC,EU27_2020,2019,13438.78,F,emp_ths
A,THS_PER,F,EMP_DC,EU27_2020,2020,13561.81,F,emp_ths
A,THS_PER,F,EMP_DC,EU27_2020,2021,13974.35,F,emp_ths
A,THS_PER,F,EMP_DC,EU27_2020,2022,14382.4,F,emp_ths
A,THS_PER,F,EMP_DC,EU27_2020,2023,14548.6,F,emp_ths
A,THS_PER,F,EMP_DC,EU27_2020,2024,14655.51,F,emp_ths
A,THS_PER,F,EMP_DC,DE,1995,3320.0,F,emp_ths
A,THS_PER,F,EMP_DC,DE,1996,3222.0,F,emp_ths
A,THS_PER,F,EMP_DC,DE,1997,3110.0,F,emp_ths
A,THS_PER,F,EMP_DC,DE,1998,3010.0,F,emp_ths
A,THS_PER,F,EMP_DC,DE,1999,2963.0,F,emp_ths
A,THS_PER,F,EMP_DC,DE,2000,2888.0,F,emp_ths
A,THS_PER,F,EMP_DC,DE,2001,2695.0,F,emp_ths
A,THS_PER,F,EMP_DC,DE,2002,2548.0,F,emp_ths
A,THS_PER,F,EMP_DC,DE,2003,2429.0,F,emp_ths
A,THS_PER,F,EMP_DC,DE,2004,2349.0,F,emp_ths
A,THS_PER,F,EMP_DC,DE,2005,2270.0,F,emp_ths
A,THS_PER,F,EMP_DC,DE,2006,2266.0,F,emp_ths
A,THS_PER,F,EMP_DC,DE,2007,2305.0,F,emp_ths
A,THS_PER,F,EMP_DC,DE,2008,2295.0,F,emp_ths
A,THS_PER,F,EMP_DC,DE,2009,2310.0,F,emp_ths
A,THS_PER,F,EMP_DC,DE,2010,2329.0,F,emp_ths
A,THS_PER,F,EMP_DC,DE,2011,2370.0,F,emp_ths
A,THS_PER,F,EMP_DC,DE,2012,2403.0,F,emp_ths
A,THS_PER,F,EMP_DC,DE,2013,2417.0,F,emp_ths
A,THS_PER,F,EMP_DC,DE,2014,2430.0,F,emp_ths
A,THS_PER,F,EMP_DC,DE,2015,2428.0,F,emp_ths
A,THS_PER,F,EMP_DC,DE,2016,2449.0,F,emp_ths
A,THS_PER,F,EMP_DC,DE,2017,2483.0,F,emp_ths
A,THS_PER,F,EMP_DC,DE,2018,2526.0,F,emp_ths
A,THS_PER,F,EMP_DC,DE,2019,2559.0,F,emp_ths
A,THS_PER,F,EMP_DC,DE,2020,2593.0,F,emp_ths
A,THS_PER,F,EMP_DC,DE,2021,2615.0,F,emp_ths
A,THS_PER,F,EMP_DC,DE,2022,2634.0,F,emp_ths
A,THS_PER,F,EMP_DC,DE,2023,2639.0,F,emp_ths
A,THS_PER,F,EMP_DC,DE,2024,2605.0,F,emp_ths
A,THS_PER,F,EMP_DC,FR,1978,1897.6,F,emp_ths
A,THS_PER,F,EMP_DC,FR,1979,1903.8,F,emp_ths
A,THS_PER,F,EMP_DC,FR,1980,1923.7,F,emp_ths
A,THS_PER,F,EMP_DC,FR,1981,1906.0,F,emp_ths
A,THS_PER,F,EMP_DC,FR,1982,1867.5,F,emp_ths
A,THS_PER,F,EMP_DC,FR,1983,1801.2,F,emp_ths
A,THS_PER,F,EMP_DC,FR,1984,1695.5,F,emp_ths
A,THS_PER,F,EMP_DC,FR,1985,1651.0,F,emp_ths
A,THS_PER,F,EMP_DC,FR,1986,1660.2,F,emp_ths
A,THS_PER,F,EMP_DC,FR,1987,1679.0,F,emp_ths
A,THS_PER,F,EMP_DC,FR,1988,1710.8,F,emp_ths
A,THS_PER,F,EMP_DC,FR,1989,1756.6,F,emp_ths
A,THS_PER,F,EMP_DC,FR,1990,1775.9,F,emp_ths
A,THS_PER,F,EMP_DC,FR,1991,1753.1,F,emp_ths
A,THS_PER,F,EMP_DC,FR,1992,1664.7,F,emp_ths
A,THS_PER,F,EMP_DC,FR,1993,1569.0,F,emp_ths
A,THS_PER,F,EMP_DC,FR,1994,1524.3,F,emp_ths
A,THS_PER,F,EMP_DC,FR,1995,1516.7,F,emp_ths
A,THS_PER,F,EMP_DC,FR,1996,1481.3,F,emp_ths
A,THS_PER,F,EMP_DC,FR,1997,1443.0,F,emp_ths
A,THS_PER,F,EMP_DC,FR,1998,1431.5,F,emp_ths
A,THS_PER,F,EMP_DC,FR,1999,1458.2,F,emp_ths
A,THS_PER,F,EMP_DC,FR,2000,1517.7,F,emp_ths
A,THS_PER,F,EMP_DC,FR,2001,1562.1,F,emp_ths
A,THS_PER,F,EMP_DC,FR,2002,1600.4,F,emp_ths
A,THS_PER,F,EMP_DC,FR,2003,1610.4,F,emp_ths
A,THS_PER,F,EMP_DC,FR,2004,1636.3,F,emp_ths
A,THS_PER,F,EMP_DC,FR,2005,1706.5,F,emp_ths
A,THS_PER,F,EMP_DC,FR,2006,1780.8,F,emp_ths
A,THS_PER,F,EMP_DC,FR,2007,1864.0,F,emp_ths
A,THS_PER,F,EMP_DC,FR,2008,1919.3,F,emp_ths
A,THS_PER,F,EMP_DC,FR,2009,1920.6,F,emp_ths
A,THS_PER,F,EMP_DC,FR,2010,1893.6,F,emp_ths
A,THS_PER,F,EMP_DC,FR,2011,1895.1,F,emp_ths
A,THS_PER,F,EMP_DC,FR,2012,1891.2,F,emp_ths
A,THS_PER,F,EMP_DC,FR,2013,1884.2,F,emp_ths
A,THS_PER,F,EMP_DC,FR,2014,1871.2,F,emp_ths
A,THS_PER,F,EMP_DC,FR,2015,1824.8,F,emp_ths
A,THS_PER,F,EMP_DC,FR,2016,1784.3,F,emp_ths
A,THS_PER,F,EMP_DC,FR,2017,1772.8,F,emp_ths
A,THS_PER,F,EMP_DC,FR,2018,1798.1,F,emp_ths
A,THS_PER,F,EMP_DC,FR,2019,1852.3,F,emp_ths
A,THS_PER,F,EMP_DC,FR,2020,1912.7,F,emp_ths
A,THS_PER,F,EMP_DC,FR,2021,1994.0,F,emp_ths
A,THS_PER,F,EMP_DC,FR,2022,2030.8,F,emp_ths
A,THS_PER,F,EMP_DC,FR,2023,2033.3,F,emp_ths
A,THS_PER,F,EMP_DC,FR,2024,2023.1,F,emp_ths
A,THS_PER,F,EMP_DC,FR,2025,2005.1,F,emp_ths
A,THS_PER,F,EMP_DC,NL,1995,483.0,F,emp_ths
A,THS_PER,F,EMP_DC,NL,1996,490.0,F,emp_ths
A,THS_PER,F,EMP_DC,NL,1997,506.0,F,emp_ths
A,THS_PER,F,EMP_DC,NL,1998,514.0,F,emp_ths
A,THS_PER,F,EMP_DC,NL,1999,528.0,F,emp_ths
A,THS_PER,F,EMP_DC,NL,2000,540.0,F,emp_ths
A,THS_PER,F,EMP_DC,NL,2001,549.0,F,emp_ths
A,THS_PER,F,EMP_DC,NL,2002,546.0,F,emp_ths
A,THS_PER,F,EMP_DC,NL,2003,523.0,F,emp_ths
A,THS_PER,F,EMP_DC,NL,2004,514.0,F,emp_ths
A,THS_PER,F,EMP_DC,NL,2005,513.0,F,emp_ths
A,THS_PER,F,EMP_DC,NL,2006,518.0,F,emp_ths
A,THS_PER,F,EMP_DC,NL,2007,535.0,F,emp_ths
A,THS_PER,F,EMP_DC,NL,2008,543.0,F,emp_ths
A,THS_PER,F,EMP_DC,NL,2009,537.0,F,emp_ths
A,THS_PER,F,EMP_DC,NL,2010,512.0,F,emp_ths
A,THS_PER,F,EMP_DC,NL,2011,510.0,F,emp_ths
A,THS_PER,F,EMP_DC,NL,2012,498.0,F,emp_ths
A,THS_PER,F,EMP_DC,NL,2013,466.0,F,emp_ths
A,THS_PER,F,EMP_DC,NL,2014,454.0,F,emp_ths
A,THS_PER,F,EMP_DC,NL,2015,448.0,F,emp_ths
A,THS_PER,F,EMP_DC,NL,2016,452.0,F,emp_ths
A,THS_PER,F,EMP_DC,NL,2017,467.0,F,emp_ths
A,THS_PER,F,EMP_DC,NL,2018,489.0,F,emp_ths
A,THS_PER,F,EMP_DC,NL,2019,514.0,F,emp_ths
A,THS_PER,F,EMP_DC,NL,2020,525.0,F,emp_ths
A,THS_PER,F,EMP_DC,NL,2021,548.0,F,emp_ths
A,THS_PER,F,EMP_DC,NL,2022,567.0,F,emp_ths
A,THS_PER,F,EMP_DC,NL,2023,588.0,F,emp_ths
A,THS_PER,F,EMP_DC,NL,2024,597.0,F,emp_ths
A,THS_PER,F,EMP_DC,NL,2025,602.0,F,emp_ths
A,THS_PER,F,EMP_DC,PL,1995,561.6,F,emp_ths
A,THS_PER,F,EMP_DC,PL,1996,644.6,F,emp_ths
A,THS_PER,F,EMP_DC,PL,1997,737.8,F,emp_ths
A,THS_PER,F,EMP_DC,PL,1998,822.4,F,emp_ths
A,THS_PER,F,EMP_DC,PL,1999,805.4,F,emp_ths
A,THS_PER,F,EMP_DC,PL,2000,664.8,F,emp_ths
A,THS_PER,F,EMP_DC,PL,2001,951.2,F,emp_ths
A,THS_PER,F,EMP_DC,PL,2002,845.3,F,emp_ths
A,THS_PER,F,EMP_DC,PL,2003,796.9,F,emp_ths
A,THS_PER,F,EMP_DC,PL,2004,797.4,F,emp_ths
A,THS_PER,F,EMP_DC,PL,2005,839.9,F,emp_ths
A,THS_PER,F,EMP_DC,PL,2006,914.8,F,emp_ths
A,THS_PER,F,EMP_DC,PL,2007,1047.0,F,emp_ths
A,THS_PER,F,EMP_DC,PL,2008,1212.3,F,emp_ths
A,THS_PER,F,EMP_DC,PL,2009,1280.8,F,emp_ths
A,THS_PER,F,EMP_DC,PL,2010,1220.7,F,emp_ths
A,THS_PER,F,EMP_DC,PL,2011,1246.4,F,emp_ths
A,THS_PER,F,EMP_DC,PL,2012,1211.2,F,emp_ths
A,THS_PER,F,EMP_DC,PL,2013,1144.1,F,emp_ths
A,THS_PER,F,EMP_DC,PL,2014,1134.2,F,emp_ths
A,THS_PER,F,EMP_DC,PL,2015,1156.3,F,emp_ths
A,THS_PER,F,EMP_DC,PL,2016,1170.8,F,emp_ths
A,THS_PER,F,EMP_DC,PL,2017,1169.0,F,emp_ths
A,THS_PER,F,EMP_DC,PL,2018,1198.1,F,emp_ths
A,THS_PER,F,EMP_DC,PL,2019,1277.2,F,emp_ths
A,THS_PER,F,EMP_DC,PL,2020,1306.3,F,emp_ths
A,THS_PER,F,EMP_DC,PL,2021,1325.0,F,emp_ths
A,THS_PER,F,EMP_DC,PL,2022,1313.8,F,emp_ths
A,THS_PER,F,EMP_DC,PL,2023,1258.8,F,emp_ths
A,THS_PER,F,EMP_DC,PL,2024,1245.8,F,emp_ths
A,THS_PER,F,EMP_DC,RO,1995,627.6,F,emp_ths
A,THS_PER,F,EMP_DC,RO,1996,606.6,F,emp_ths
A,THS_PER,F,EMP_DC,RO,1997,603.9,F,emp_ths
A,THS_PER,F,EMP_DC,RO,1998,557.5,F,emp_ths
A,THS_PER,F,EMP_DC,RO,1999,537.0,F,emp_ths
A,THS_PER,F,EMP_DC,RO,2000,528.2,F,emp_ths
A,THS_PER,F,EMP_DC,RO,2001,541.1,F,emp_ths
A,THS_PER,F,EMP_DC,RO,2002,539.1,F,emp_ths
A,THS_PER,F,EMP_DC,RO,2003,536.6,F,emp_ths
A,THS_PER,F,EMP_DC,RO,2004,475.0,F,emp_ths
A,THS_PER,F,EMP_DC,RO,2005,511.1,F,emp_ths
A,THS_PER,F,EMP_DC,RO,2006,560.9,F,emp_ths
A,THS_PER,F,EMP_DC,RO,2007,684.5,F,emp_ths
A,THS_PER,F,EMP_DC,RO,2008,731.8,F,emp_ths
A,THS_PER,F,EMP_DC,RO,2009,691.4,F,emp_ths
A,THS_PER,F,EMP_DC,RO,2010,650.5,F,emp_ths
A,THS_PER,F,EMP_DC,RO,2011,624.6,F,emp_ths
A,THS_PER,F,EMP_DC,RO,2012,633.0,F,emp_ths
A,THS_PER,F,EMP_DC,RO,2013,626.1,F,emp_ths
A,THS_PER,F,EMP_DC,RO,2014,634.5,F,emp_ths
A,THS_PER,F,EMP_DC,RO,2015,632.4,F,emp_ths
A,THS_PER,F,EMP_DC,RO,2016,673.9,F,emp_ths
A,THS_PER,F,EMP_DC,RO,2017,695.3,F,emp_ths
A,THS_PER,F,EMP_DC,RO,2018,676.2,F,emp_ths
A,THS_PER,F,EMP_DC,RO,2019,717.5,F,emp_ths
A,THS_PER,F,EMP_DC,RO,2020,737.1,F,emp_ths
A,THS_PER,F,EMP_DC,RO,2021,761.0,F,emp_ths
A,THS_PER,F,EMP_DC,RO,2022,764.3,F,emp_ths
A,THS_PER,F,EMP_DC,RO,2023,800.5,F,emp_ths
A,THS_PER,F,EMP_DC,RO,2024,826.6,F,emp_ths
A,THS_PER,F,EMP_DC,RO,2025,826.7,F,emp_ths
A,THS_PER,F,EMP_DC,IT,1995,1409.4,F,emp_ths
A,THS_PER,F,EMP_DC,IT,1996,1400.7,F,emp_ths
A,THS_PER,F,EMP_DC,IT,1997,1408.8,F,emp_ths
A,THS_PER,F,EMP_DC,IT,1998,1392.1,F,emp_ths
A,THS_PER,F,EMP_DC,IT,1999,1429.7,F,emp_ths
A,THS_PER,F,EMP_DC,IT,2000,1468.7,F,emp_ths
A,THS_PER,F,EMP_DC,IT,2001,1574.9,F,emp_ths
A,THS_PER,F,EMP_DC,IT,2002,1619.2,F,emp_ths
A,THS_PER,F,EMP_DC,IT,2003,1685.5,F,emp_ths
A,THS_PER,F,EMP_DC,IT,2004,1744.8,F,emp_ths
A,THS_PER,F,EMP_DC,IT,2005,1836.2,F,emp_ths
A,THS_PER,F,EMP_DC,IT,2006,1865.3,F,emp_ths
A,THS_PER,F,EMP_DC,IT,2007,1935.0,F,emp_ths
A,THS_PER,F,EMP_DC,IT,2008,1940.5,F,emp_ths
A,THS_PER,F,EMP_DC,IT,2009,1917.5,F,emp_ths
A,THS_PER,F,EMP_DC,IT,2010,1883.0,F,emp_ths
A,THS_PER,F,EMP_DC,IT,2011,1838.5,F,emp_ths
A,THS_PER,F,EMP_DC,IT,2012,1746.6,F,emp_ths
A,THS_PER,F,EMP_DC,IT,2013,1614.4,F,emp_ths
A,THS_PER,F,EMP_DC,IT,2014,1549.0,F,emp_ths
A,THS_PER,F,EMP_DC,IT,2015,1528.0,F,emp_ths
A,THS_PER,F,EMP_DC,IT,2016,1527.7,F,emp_ths
A,THS_PER,F,EMP_DC,IT,2017,1513.6,F,emp_ths
A,THS_PER,F,EMP_DC,IT,2018,1512.6,F,emp_ths
A,THS_PER,F,EMP_DC,IT,2019,1514.1,F,emp_ths
A,THS_PER,F,EMP_DC,IT,2020,1539.0,F,emp_ths
A,THS_PER,F,EMP_DC,IT,2021,1623.1,F,emp_ths
A,THS_PER,F,EMP_DC,IT,2022,1732.4,F,emp_ths
A,THS_PER,F,EMP_DC,IT,2023,1773.8,F,emp_ths
A,THS_PER,F,EMP_DC,IT,2024,1840.2,F,emp_ths
A,THS_PER,F,EMP_DC,IT,2025,1897.8,F,emp_ths
A,THS_PER,F,EMP_DC,ES,1995,1251.3,F,emp_ths
A,THS_PER,F,EMP_DC,ES,1996,1270.9,F,emp_ths
A,THS_PER,F,EMP_DC,ES,1997,1371.2,F,emp_ths
A,THS_PER,F,EMP_DC,ES,1998,1481.6,F,emp_ths
A,THS_PER,F,EMP_DC,ES,1999,1654.4,F,emp_ths
A,THS_PER,F,EMP_DC,ES,2000,1861.3,F,emp_ths
A,THS_PER,F,EMP_DC,ES,2001,1998.2,F,emp_ths
A,THS_PER,F,EMP_DC,ES,2002,2082.5,F,emp_ths
A,THS_PER,F,EMP_DC,ES,2003,2177.1,F,emp_ths
A,THS_PER,F,EMP_DC,ES,2004,2291.0,F,emp_ths
A,THS_PER,F,EMP_DC,ES,2005,2470.4,F,emp_ths
A,THS_PER,F,EMP_DC,ES,2006,2638.6,F,emp_ths
A,THS_PER,F,EMP_DC,ES,2007,2780.9,F,emp_ths
A,THS_PER,F,EMP_DC,ES,2008,2458.8,F,emp_ths
A,THS_PER,F,EMP_DC,ES,2009,1911.4,F,emp_ths
A,THS_PER,F,EMP_DC,ES,2010,1674.3,F,emp_ths
A,THS_PER,F,EMP_DC,ES,2011,1426.0,F,emp_ths
A,THS_PER,F,EMP_DC,ES,2012,1191.4,F,emp_ths
A,THS_PER,F,EMP_DC,ES,2013,1051.8,F,emp_ths
A,THS_PER,F,EMP_DC,ES,2014,1028.9,F,emp_ths
A,THS_PER,F,EMP_DC,ES,2015,1101.7,F,emp_ths
A,THS_PER,F,EMP_DC,ES,2016,1119.8,F,emp_ths
A,THS_PER,F,EMP_DC,ES,2017,1166.1,F,emp_ths
A,THS_PER,F,EMP_DC,ES,2018,1244.1,F,emp_ths
A,THS_PER,F,EMP_DC,ES,2019,1353.2,F,emp_ths
A,THS_PER,F,EMP_DC,ES,2020,1287.3,F,emp_ths
A,THS_PER,F,EMP_DC,ES,2021,1349.1,F,emp_ths
A,THS_PER,F,EMP_DC,ES,2022,1432.3,F,emp_ths
A,THS_PER,F,EMP_DC,ES,2023,1515.4,F,emp_ths
A,THS_PER,F,EMP_DC,ES,2024,1590.6,F,emp_ths
A,THS_PER,F,EMP_DC,IE,1995,101.4,F,emp_ths
A,THS_PER,F,EMP_DC,IE,1996,99.82,F,emp_ths
A,THS_PER,F,EMP_DC,IE,1997,101.3,F,emp_ths
A,THS_PER,F,EMP_DC,IE,1998,109.55,F,emp_ths
A,THS_PER,F,EMP_DC,IE,1999,124.41,F,emp_ths
A,THS_PER,F,EMP_DC,IE,2000,144.1,F,emp_ths
A,THS_PER,F,EMP_DC,IE,2001,153.3,F,emp_ths
A,THS_PER,F,EMP_DC,IE,2002,155.68,F,emp_ths
A,THS_PER,F,EMP_DC,IE,2003,161.13,F,emp_ths
A,THS_PER,F,EMP_DC,IE,2004,179.35,F,emp_ths
A,THS_PER,F,EMP_DC,IE,2005,204.67,F,emp_ths
A,THS_PER,F,EMP_DC,IE,2006,228.14,F,emp_ths
A,THS_PER,F,EMP_DC,IE,2007,237.47,F,emp_ths
A,THS_PER,F,EMP_DC,IE,2008,208.71,F,emp_ths
A,THS_PER,F,EMP_DC,IE,2009,133.81,F,emp_ths
A,THS_PER,F,EMP_DC,IE,2010,100.02,F,emp_ths
A,THS_PER,F,EMP_DC,IE,2011,88.31,F,emp_ths
A,THS_PER,F,EMP_DC,IE,2012,83.51,F,emp_ths
A,THS_PER,F,EMP_DC,IE,2013,85.92,F,emp_ths
A,THS_PER,F,EMP_DC,IE,2014,93.95,F,emp_ths
A,THS_PER,F,EMP_DC,IE,2015,108.94,F,emp_ths
A,THS_PER,F,EMP_DC,IE,2016,118.89,F,emp_ths
A,THS_PER,F,EMP_DC,IE,2017,129.56,F,emp_ths
A,THS_PER,F,EMP_DC,IE,2018,144.27,F,emp_ths
A,THS_PER,F,EMP_DC,IE,2019,148.03,F,emp_ths
A,THS_PER,F,EMP_DC,IE,2020,136.57,F,emp_ths
A,THS_PER,F,EMP_DC,IE,2021,141.32,F,emp_ths
A,THS_PER,F,EMP_DC,IE,2022,168.74,F,emp_ths
A,THS_PER,F,EMP_DC,IE,2023,166.92,F,emp_ths
A,THS_PER,F,EMP_DC,IE,2024,171.68,F,emp_ths
A,THS_PER,F,EMP_DC,BE,1995,240.1,F,emp_ths
A,THS_PER,F,EMP_DC,BE,1996,237.0,F,emp_ths
A,THS_PER,F,EMP_DC,BE,1997,236.8,F,emp_ths
A,THS_PER,F,EMP_DC,BE,1998,238.1,F,emp_ths
A,THS_PER,F,EMP_DC,BE,1999,241.3,F,emp_ths
A,THS_PER,F,EMP_DC,BE,2000,246.2,F,emp_ths
A,THS_PER,F,EMP_DC,BE,2001,249.3,F,emp_ths
A,THS_PER,F,EMP_DC,BE,2002,247.1,F,emp_ths
A,THS_PER,F,EMP_DC,BE,2003,243.1,F,emp_ths
A,THS_PER,F,EMP_DC,BE,2004,242.0,F,emp_ths
A,THS_PER,F,EMP_DC,BE,2005,245.6,F,emp_ths
A,THS_PER,F,EMP_DC,BE,2006,255.8,F,emp_ths
A,THS_PER,F,EMP_DC,BE,2007,265.9,F,emp_ths
A,THS_PER,F,EMP_DC,BE,2008,272.8,F,emp_ths
A,THS_PER,F,EMP_DC,BE,2009,268.0,F,emp_ths
A,THS_PER,F,EMP_DC,BE,2010,264.0,F,emp_ths
A,THS_PER,F,EMP_DC,BE,2011,267.7,F,emp_ths
A,THS_PER,F,EMP_DC,BE,2012,268.4,F,emp_ths
A,THS_PER,F,EMP_DC,BE,2013,263.9,F,emp_ths
A,THS_PER,F,EMP_DC,BE,2014,258.9,F,emp_ths
A,THS_PER,F,EMP_DC,BE,2015,256.8,F,emp_ths
A,THS_PER,F,EMP_DC,BE,2016,258.4,F,emp_ths
A,THS_PER,F,EMP_DC,BE,2017,259.7,F,emp_ths
A,THS_PER,F,EMP_DC,BE,2018,266.0,F,emp_ths
A,THS_PER,F,EMP_DC,BE,2019,268.7,F,emp_ths
A,THS_PER,F,EMP_DC,BE,2020,273.2,F,emp_ths
A,THS_PER,F,EMP_DC,BE,2021,283.8,F,emp_ths
A,THS_PER,F,EMP_DC,BE,2022,290.7,F,emp_ths
A,THS_PER,F,EMP_DC,BE,2023,295.5,F,emp_ths
A,THS_PER,F,EMP_DC,BE,2024,292.9,F,emp_ths
A,THS_PER,F,EMP_DC,AT,1995,278.92,F,emp_ths
A,THS_PER,F,EMP_DC,AT,1996,279.88,F,emp_ths
A,THS_PER,F,EMP_DC,AT,1997,281.84,F,emp_ths
A,THS_PER,F,EMP_DC,AT,1998,279.33,F,emp_ths
A,THS_PER,F,EMP_DC,AT,1999,278.66,F,emp_ths
A,THS_PER,F,EMP_DC,AT,2000,276.98,F,emp_ths
A,THS_PER,F,EMP_DC,AT,2001,266.07,F,emp_ths
A,THS_PER,F,EMP_DC,AT,2002,258.69,F,emp_ths
A,THS_PER,F,EMP_DC,AT,2003,259.94,F,emp_ths
A,THS_PER,F,EMP_DC,AT,2004,260.68,F,emp_ths
A,THS_PER,F,EMP_DC,AT,2005,259.45,F,emp_ths
A,THS_PER,F,EMP_DC,AT,2006,262.16,F,emp_ths
A,THS_PER,F,EMP_DC,AT,2007,270.92,F,emp_ths
A,THS_PER,F,EMP_DC,AT,2008,279.1,F,emp_ths
A,THS_PER,F,EMP_DC,AT,2009,277.33,F,emp_ths
A,THS_PER,F,EMP_DC,AT,2010,277.79,F,emp_ths
A,THS_PER,F,EMP_DC,AT,2011,282.32,F,emp_ths
A,THS_PER,F,EMP_DC,AT,2012,285.48,F,emp_ths
A,THS_PER,F,EMP_DC,AT,2013,281.95,F,emp_ths
A,THS_PER,F,EMP_DC,AT,2014,284.77,F,emp_ths
A,THS_PER,F,EMP_DC,AT,2015,283.64,F,emp_ths
A,THS_PER,F,EMP_DC,AT,2016,287.69,F,emp_ths
A,THS_PER,F,EMP_DC,AT,2017,294.4,F,emp_ths
A,THS_PER,F,EMP_DC,AT,2018,300.86,F,emp_ths
A,THS_PER,F,EMP_DC,AT,2019,310.12,F,emp_ths
A,THS_PER,F,EMP_DC,AT,2020,311.51,F,emp_ths
A,THS_PER,F,EMP_DC,AT,2021,325.97,F,emp_ths
A,THS_PER,F,EMP_DC,AT,2022,331.75,F,emp_ths
A,THS_PER,F,EMP_DC,AT,2023,327.3,F,emp_ths
A,THS_PER,F,EMP_DC,AT,2024,317.3,F,emp_ths
A,THS_PER,F,EMP_DC,SE,1993,220.0,F,emp_ths
A,THS_PER,F,EMP_DC,SE,1994,206.0,F,emp_ths
A,THS_PER,F,EMP_DC,SE,1995,213.0,F,emp_ths
A,THS_PER,F,EMP_DC,SE,1996,206.0,F,emp_ths
A,THS_PER,F,EMP_DC,SE,1997,199.0,F,emp_ths
A,THS_PER,F,EMP_DC,SE,1998,202.0,F,emp_ths
A,THS_PER,F,EMP_DC,SE,1999,214.0,F,emp_ths
A,THS_PER,F,EMP_DC,SE,2000,220.0,F,emp_ths
A,THS_PER,F,EMP_DC,SE,2001,233.0,F,emp_ths
A,THS_PER,F,EMP_DC,SE,2002,236.0,F,emp_ths
A,THS_PER,F,EMP_DC,SE,2003,233.0,F,emp_ths
A,THS_PER,F,EMP_DC,SE,2004,235.0,F,emp_ths
A,THS_PER,F,EMP_DC,SE,2005,242.0,F,emp_ths
A,THS_PER,F,EMP_DC,SE,2006,256.0,F,emp_ths
A,THS_PER,F,EMP_DC,SE,2007,276.0,F,emp_ths
A,THS_PER,F,EMP_DC,SE,2008,293.0,F,emp_ths
A,THS_PER,F,EMP_DC,SE,2009,293.0,F,emp_ths
A,THS_PER,F,EMP_DC,SE,2010,298.0,F,emp_ths
A,THS_PER,F,EMP_DC,SE,2011,312.0,F,emp_ths
A,THS_PER,F,EMP_DC,SE,2012,317.0,F,emp_ths
A,THS_PER,F,EMP_DC,SE,2013,319.0,F,emp_ths
A,THS_PER,F,EMP_DC,SE,2014,325.0,F,emp_ths
A,THS_PER,F,EMP_DC,SE,2015,333.0,F,emp_ths
A,THS_PER,F,EMP_DC,SE,2016,338.0,F,emp_ths
A,THS_PER,F,EMP_DC,SE,2017,363.0,F,emp_ths
A,THS_PER,F,EMP_DC,SE,2018,375.0,F,emp_ths
A,THS_PER,F,EMP_DC,SE,2019,376.0,F,emp_ths
A,THS_PER,F,EMP_DC,SE,2020,374.0,F,emp_ths
A,THS_PER,F,EMP_DC,SE,2021,381.0,F,emp_ths
A,THS_PER,F,EMP_DC,SE,2022,395.0,F,emp_ths
A,THS_PER,F,EMP_DC,SE,2023,395.0,F,emp_ths
A,THS_PER,F,EMP_DC,SE,2024,378.0,F,emp_ths
A,THS_PER,F,EMP_DC,DK,1975,207.03,F,emp_ths
A,THS_PER,F,EMP_DC,DK,1976,217.57,F,emp_ths
A,THS_PER,F,EMP_DC,DK,1977,212.49,F,emp_ths
A,THS_PER,F,EMP_DC,DK,1978,214.91,F,emp_ths
A,THS_PER,F,EMP_DC,DK,1979,212.25,F,emp_ths
A,THS_PER,F,EMP_DC,DK,1980,196.99,F,emp_ths
A,THS_PER,F,EMP_DC,DK,1981,171.78,F,emp_ths
A,THS_PER,F,EMP_DC,DK,1982,162.73,F,emp_ths
A,THS_PER,F,EMP_DC,DK,1983,159.73,F,emp_ths
A,THS_PER,F,EMP_DC,DK,1984,168.96,F,emp_ths
A,THS_PER,F,EMP_DC,DK,1985,173.71,F,emp_ths
A,THS_PER,F,EMP_DC,DK,1986,188.51,F,emp_ths
A,THS_PER,F,EMP_DC,DK,1987,188.7,F,emp_ths
A,THS_PER,F,EMP_DC,DK,1988,181.86,F,emp_ths
A,THS_PER,F,EMP_DC,DK,1989,173.17,F,emp_ths
A,THS_PER,F,EMP_DC,DK,1990,167.54,F,emp_ths
A,THS_PER,F,EMP_DC,DK,1991,158.23,F,emp_ths
A,THS_PER,F,EMP_DC,DK,1992,153.72,F,emp_ths
A,THS_PER,F,EMP_DC,DK,1993,148.44,F,emp_ths
A,THS_PER,F,EMP_DC,DK,1994,154.39,F,emp_ths
A,THS_PER,F,EMP_DC,DK,1995,155.72,F,emp_ths
A,THS_PER,F,EMP_DC,DK,1996,158.16,F,emp_ths
A,THS_PER,F,EMP_DC,DK,1997,164.26,F,emp_ths
A,THS_PER,F,EMP_DC,DK,1998,170.14,F,emp_ths
A,THS_PER,F,EMP_DC,DK,1999,174.19,F,emp_ths
A,THS_PER,F,EMP_DC,DK,2000,179.64,F,emp_ths
A,THS_PER,F,EMP_DC,DK,2001,180.37,F,emp_ths
A,THS_PER,F,EMP_DC,DK,2002,177.57,F,emp_ths
A,THS_PER,F,EMP_DC,DK,2003,175.3,F,emp_ths
A,THS_PER,F,EMP_DC,DK,2004,174.54,F,emp_ths
A,THS_PER,F,EMP_DC,DK,2005,186.25,F,emp_ths
A,THS_PER,F,EMP_DC,DK,2006,199.17,F,emp_ths
A,THS_PER,F,EMP_DC,DK,2007,206.5,F,emp_ths
A,THS_PER,F,EMP_DC,DK,2008,205.7,F,emp_ths
A,THS_PER,F,EMP_DC,DK,2009,183.87,F,emp_ths
A,THS_PER,F,EMP_DC,DK,2010,167.91,F,emp_ths
A,THS_PER,F,EMP_DC,DK,2011,167.51,F,emp_ths
A,THS_PER,F,EMP_DC,DK,2012,165.4,F,emp_ths
A,THS_PER,F,EMP_DC,DK,2013,164.62,F,emp_ths
A,THS_PER,F,EMP_DC,DK,2014,166.13,F,emp_ths
A,THS_PER,F,EMP_DC,DK,2015,170.86,F,emp_ths
A,THS_PER,F,EMP_DC,DK,2016,176.05,F,emp_ths
A,THS_PER,F,EMP_DC,DK,2017,182.28,F,emp_ths
A,THS_PER,F,EMP_DC,DK,2018,188.4,F,emp_ths
A,THS_PER,F,EMP_DC,DK,2019,191.69,F,emp_ths
A,THS_PER,F,EMP_DC,DK,2020,194.39,F,emp_ths
A,THS_PER,F,EMP_DC,DK,2021,201.94,F,emp_ths
A,THS_PER,F,EMP_DC,DK,2022,209.12,F,emp_ths
A,THS_PER,F,EMP_DC,DK,2023,208.01,F,emp_ths
A,THS_PER,F,EMP_DC,DK,2024,209.32,F,emp_ths
A,THS_PER,F,EMP_DC,DK,2025,212.69,F,emp_ths
A,THS_PER,F,EMP_DC,PT,1995,418.69,F,emp_ths
A,THS_PER,F,EMP_DC,PT,1996,427.37,F,emp_ths
A,THS_PER,F,EMP_DC,PT,1997,454.31,F,emp_ths
A,THS_PER,F,EMP_DC,PT,1998,500.38,F,emp_ths
A,THS_PER,F,EMP_DC,PT,1999,524.83,F,emp_ths
A,THS_PER,F,EMP_DC,PT,2000,579.41,F,emp_ths
A,THS_PER,F,EMP_DC,PT,2001,567.32,F,emp_ths
A,THS_PER,F,EMP_DC,PT,2002,593.66,F,emp_ths
A,THS_PER,F,EMP_DC,PT,2003,561.23,F,emp_ths
A,THS_PER,F,EMP_DC,PT,2004,537.4,F,emp_ths
A,THS_PER,F,EMP_DC,PT,2005,521.81,F,emp_ths
A,THS_PER,F,EMP_DC,PT,2006,511.03,F,emp_ths
A,THS_PER,F,EMP_DC,PT,2007,516.09,F,emp_ths
A,THS_PER,F,EMP_DC,PT,2008,501.05,F,emp_ths
A,THS_PER,F,EMP_DC,PT,2009,455.32,F,emp_ths
A,THS_PER,F,EMP_DC,PT,2010,436.38,F,emp_ths
A,THS_PER,F,EMP_DC,PT,2011,397.83,F,emp_ths
A,THS_PER,F,EMP_DC,PT,2012,318.34,F,emp_ths
A,THS_PER,F,EMP_DC,PT,2013,286.42,F,emp_ths
A,THS_PER,F,EMP_DC,PT,2014,274.61,F,emp_ths
A,THS_PER,F,EMP_DC,PT,2015,278.23,F,emp_ths
A,THS_PER,F,EMP_DC,PT,2016,285.54,F,emp_ths
A,THS_PER,F,EMP_DC,PT,2017,299.35,F,emp_ths
A,THS_PER,F,EMP_DC,PT,2018,313.83,F,emp_ths
A,THS_PER,F,EMP_DC,PT,2019,327.71,F,emp_ths
A,THS_PER,F,EMP_DC,PT,2020,333.68,F,emp_ths
A,THS_PER,F,EMP_DC,PT,2021,346.6,F,emp_ths
A,THS_PER,F,EMP_DC,PT,2022,371.22,F,emp_ths
A,THS_PER,F,EMP_DC,PT,2023,378.59,F,emp_ths
A,THS_PER,F,EMP_DC,PT,2024,390.84,F,emp_ths
A,THS_PER,F,EMP_DC,CZ,1995,523.64,F,emp_ths
A,THS_PER,F,EMP_DC,CZ,1996,503.24,F,emp_ths
A,THS_PER,F,EMP_DC,CZ,1997,474.63,F,emp_ths
A,THS_PER,F,EMP_DC,CZ,1998,464.56,F,emp_ths
A,THS_PER,F,EMP_DC,CZ,1999,436.92,F,emp_ths
A,THS_PER,F,EMP_DC,CZ,2000,416.16,F,emp_ths
A,THS_PER,F,EMP_DC,CZ,2001,401.43,F,emp_ths
A,THS_PER,F,EMP_DC,CZ,2002,416.78,F,emp_ths
A,THS_PER,F,EMP_DC,CZ,2003,419.97,F,emp_ths
A,THS_PER,F,EMP_DC,CZ,2004,422.34,F,emp_ths
A,THS_PER,F,EMP_DC,CZ,2005,437.99,F,emp_ths
A,THS_PER,F,EMP_DC,CZ,2006,438.23,F,emp_ths
A,THS_PER,F,EMP_DC,CZ,2007,432.38,F,emp_ths
A,THS_PER,F,EMP_DC,CZ,2008,441.38,F,emp_ths
A,THS_PER,F,EMP_DC,CZ,2009,464.81,F,emp_ths
A,THS_PER,F,EMP_DC,CZ,2010,475.49,F,emp_ths
A,THS_PER,F,EMP_DC,CZ,2011,434.8,F,emp_ths
A,THS_PER,F,EMP_DC,CZ,2012,431.0,F,emp_ths
A,THS_PER,F,EMP_DC,CZ,2013,422.41,F,emp_ths
A,THS_PER,F,EMP_DC,CZ,2014,403.72,F,emp_ths
A,THS_PER,F,EMP_DC,CZ,2015,397.35,F,emp_ths
A,THS_PER,F,EMP_DC,CZ,2016,392.95,F,emp_ths
A,THS_PER,F,EMP_DC,CZ,2017,391.85,F,emp_ths
A,THS_PER,F,EMP_DC,CZ,2018,393.24,F,emp_ths
A,THS_PER,F,EMP_DC,CZ,2019,394.24,F,emp_ths
A,THS_PER,F,EMP_DC,CZ,2020,386.4,F,emp_ths
A,THS_PER,F,EMP_DC,CZ,2021,397.13,F,emp_ths
A,THS_PER,F,EMP_DC,CZ,2022,404.22,F,emp_ths
A,THS_PER,F,EMP_DC,CZ,2023,423.03,F,emp_ths
A,THS_PER,F,EMP_DC,CZ,2024,408.28,F,emp_ths
A,THS_PER,F,EMP_DC,CZ,2025,424.24,F,emp_ths
A,THS_PER,F,EMP_DC,HU,1995,221.25,F,emp_ths
A,THS_PER,F,EMP_DC,HU,1996,223.27,F,emp_ths
A,THS_PER,F,EMP_DC,HU,1997,227.13,F,emp_ths
A,THS_PER,F,EMP_DC,HU,1998,234.68,F,emp_ths
A,THS_PER,F,EMP_DC,HU,1999,254.44,F,emp_ths
A,THS_PER,F,EMP_DC,HU,2000,254.99,F,emp_ths
A,THS_PER,F,EMP_DC,HU,2001,256.73,F,emp_ths
A,THS_PER,F,EMP_DC,HU,2002,259.64,F,emp_ths
A,THS_PER,F,EMP_DC,HU,2003,296.8,F,emp_ths
A,THS_PER,F,EMP_DC,HU,2004,307.31,F,emp_ths
A,THS_PER,F,EMP_DC,HU,2005,309.0,F,emp_ths
A,THS_PER,F,EMP_DC,HU,2006,313.17,F,emp_ths
A,THS_PER,F,EMP_DC,HU,2007,319.43,F,emp_ths
A,THS_PER,F,EMP_DC,HU,2008,315.64,F,emp_ths
A,THS_PER,F,EMP_DC,HU,2009,286.23,F,emp_ths
A,THS_PER,F,EMP_DC,HU,2010,265.42,F,emp_ths
A,THS_PER,F,EMP_DC,HU,2011,260.87,F,emp_ths
A,THS_PER,F,EMP_DC,HU,2012,266.04,F,emp_ths
A,THS_PER,F,EMP_DC,HU,2013,257.84,F,emp_ths
A,THS_PER,F,EMP_DC,HU,2014,266.36,F,emp_ths
A,THS_PER,F,EMP_DC,HU,2015,262.85,F,emp_ths
A,THS_PER,F,EMP_DC,HU,2016,280.55,F,emp_ths
A,THS_PER,F,EMP_DC,HU,2017,305.58,F,emp_ths
A,THS_PER,F,EMP_DC,HU,2018,338.02,F,emp_ths
A,THS_PER,F,EMP_DC,HU,2019,358.22,F,emp_ths
A,THS_PER,F,EMP_DC,HU,2020,371.54,F,emp_ths
A,THS_PER,F,EMP_DC,HU,2021,393.42,F,emp_ths
A,THS_PER,F,EMP_DC,HU,2022,410.94,F,emp_ths
A,THS_PER,F,EMP_DC,HU,2023,406.61,F,emp_ths
A,THS_PER,F,EMP_DC,HU,2024,405.65,F,emp_ths
A,THS_PER,F,EMP_DC,FI,1980,179.1,F,emp_ths
A,THS_PER,F,EMP_DC,FI,1981,178.3,F,emp_ths
A,THS_PER,F,EMP_DC,FI,1982,182.1,F,emp_ths
A,THS_PER,F,EMP_DC,FI,1983,187.4,F,emp_ths
A,THS_PER,F,EMP_DC,FI,1984,187.8,F,emp_ths
A,THS_PER,F,EMP_DC,FI,1985,184.4,F,emp_ths
A,THS_PER,F,EMP_DC,FI,1986,188.3,F,emp_ths
A,THS_PER,F,EMP_DC,FI,1987,188.3,F,emp_ths
A,THS_PER,F,EMP_DC,FI,1988,194.0,F,emp_ths
A,THS_PER,F,EMP_DC,FI,1989,206.8,F,emp_ths
A,THS_PER,F,EMP_DC,FI,1990,211.7,F,emp_ths
A,THS_PER,F,EMP_DC,FI,1991,184.1,F,emp_ths
A,THS_PER,F,EMP_DC,FI,1992,157.7,F,emp_ths
A,THS_PER,F,EMP_DC,FI,1993,133.6,F,emp_ths
A,THS_PER,F,EMP_DC,FI,1994,118.8,F,emp_ths
A,THS_PER,F,EMP_DC,FI,1995,119.6,F,emp_ths
A,THS_PER,F,EMP_DC,FI,1996,125.0,F,emp_ths
A,THS_PER,F,EMP_DC,FI,1997,140.3,F,emp_ths
A,THS_PER,F,EMP_DC,FI,1998,146.4,F,emp_ths
A,THS_PER,F,EMP_DC,FI,1999,152.8,F,emp_ths
A,THS_PER,F,EMP_DC,FI,2000,158.7,F,emp_ths
A,THS_PER,F,EMP_DC,FI,2001,156.3,F,emp_ths
A,THS_PER,F,EMP_DC,FI,2002,158.6,F,emp_ths
A,THS_PER,F,EMP_DC,FI,2003,160.0,F,emp_ths
A,THS_PER,F,EMP_DC,FI,2004,164.5,F,emp_ths
A,THS_PER,F,EMP_DC,FI,2005,173.4,F,emp_ths
A,THS_PER,F,EMP_DC,FI,2006,180.8,F,emp_ths
A,THS_PER,F,EMP_DC,FI,2007,191.4,F,emp_ths
A,THS_PER,F,EMP_DC,FI,2008,198.6,F,emp_ths
A,THS_PER,F,EMP_DC,FI,2009,186.0,F,emp_ths
A,THS_PER,F,EMP_DC,FI,2010,187.8,F,emp_ths
A,THS_PER,F,EMP_DC,FI,2011,191.9,F,emp_ths
A,THS_PER,F,EMP_DC,FI,2012,190.2,F,emp_ths
A,THS_PER,F,EMP_DC,FI,2013,186.7,F,emp_ths
A,THS_PER,F,EMP_DC,FI,2014,183.7,F,emp_ths
A,THS_PER,F,EMP_DC,FI,2015,190.4,F,emp_ths
A,THS_PER,F,EMP_DC,FI,2016,197.8,F,emp_ths
A,THS_PER,F,EMP_DC,FI,2017,199.4,F,emp_ths
A,THS_PER,F,EMP_DC,FI,2018,207.7,F,emp_ths
A,THS_PER,F,EMP_DC,FI,2019,203.7,F,emp_ths
A,THS_PER,F,EMP_DC,FI,2020,198.5,F,emp_ths
A,THS_PER,F,EMP_DC,FI,2021,200.4,F,emp_ths
A,THS_PER,F,EMP_DC,FI,2022,200.9,F,emp_ths
A,THS_PER,F,EMP_DC,FI,2023,193.1,F,emp_ths
A,THS_PER,F,EMP_DC,FI,2024,179.8,F,emp_ths
A,THS_PER,F,EMP_DC,FI,2025,179.4,F,emp_ths
A,THS_PER,F,EMP_DC,EL,1995,237.5,F,emp_ths
A,THS_PER,F,EMP_DC,EL,1996,237.1,F,emp_ths
A,THS_PER,F,EMP_DC,EL,1997,236.5,F,emp_ths
A,THS_PER,F,EMP_DC,EL,1998,259.1,F,emp_ths
A,THS_PER,F,EMP_DC,EL,1999,255.0,F,emp_ths
A,THS_PER,F,EMP_DC,EL,2000,261.9,F,emp_ths
A,THS_PER,F,EMP_DC,EL,2001,266.4,F,emp_ths
A,THS_PER,F,EMP_DC,EL,2002,276.3,F,emp_ths
A,THS_PER,F,EMP_DC,EL,2003,299.5,F,emp_ths
A,THS_PER,F,EMP_DC,EL,2004,303.6,F,emp_ths
A,THS_PER,F,EMP_DC,EL,2005,319.9,F,emp_ths
A,THS_PER,F,EMP_DC,EL,2006,320.4,F,emp_ths
A,THS_PER,F,EMP_DC,EL,2007,341.1,F,emp_ths
A,THS_PER,F,EMP_DC,EL,2008,338.5,F,emp_ths
A,THS_PER,F,EMP_DC,EL,2009,323.5,F,emp_ths
A,THS_PER,F,EMP_DC,EL,2010,277.7,F,emp_ths
A,THS_PER,F,EMP_DC,EL,2011,241.2,F,emp_ths
A,THS_PER,F,EMP_DC,EL,2012,206.8,F,emp_ths
A,THS_PER,F,EMP_DC,EL,2013,202.9,F,emp_ths
A,THS_PER,F,EMP_DC,EL,2014,204.0,F,emp_ths
A,THS_PER,F,EMP_DC,EL,2015,195.2,F,emp_ths
A,THS_PER,F,EMP_DC,EL,2016,197.1,F,emp_ths
A,THS_PER,F,EMP_DC,EL,2017,190.5,F,emp_ths
A,THS_PER,F,EMP_DC,EL,2018,193.5,F,emp_ths
A,THS_PER,F,EMP_DC,EL,2019,192.4,F,emp_ths
A,THS_PER,F,EMP_DC,EL,2020,193.3,F,emp_ths
A,THS_PER,F,EMP_DC,EL,2021,181.9,F,emp_ths
A,THS_PER,F,EMP_DC,EL,2022,188.4,F,emp_ths
A,THS_PER,F,EMP_DC,EL,2023,193.3,F,emp_ths
A,THS_PER,F,EMP_DC,EL,2024,200.0,F,emp_ths
A,THS_PER,F,EMP_DC,UK,1995,1849.43,F,emp_ths
A,THS_PER,F,EMP_DC,UK,1996,1828.03,F,emp_ths
A,THS_PER,F,EMP_DC,UK,1997,1828.63,F,emp_ths
A,THS_PER,F,EMP_DC,UK,1998,1875.08,F,emp_ths
A,THS_PER,F,EMP_DC,UK,1999,1892.22,F,emp_ths
A,THS_PER,F,EMP_DC,UK,2000,1911.71,F,emp_ths
A,THS_PER,F,EMP_DC,UK,2001,1948.22,F,emp_ths
A,THS_PER,F,EMP_DC,UK,2002,1984.29,F,emp_ths
A,THS_PER,F,EMP_DC,UK,2003,2043.9,F,emp_ths
A,THS_PER,F,EMP_DC,UK,2004,2105.37,F,emp_ths
A,THS_PER,F,EMP_DC,UK,2005,2156.91,F,emp_ths
A,THS_PER,F,EMP_DC,UK,2006,2189.35,F,emp_ths
A,THS_PER,F,EMP_DC,UK,2007,2255.84,F,emp_ths
A,THS_PER,F,EMP_DC,UK,2008,2261.39,F,emp_ths
A,THS_PER,F,EMP_DC,UK,2009,2175.42,F,emp_ths
A,THS_PER,F,EMP_DC,UK,2010,2059.34,F,emp_ths
A,THS_PER,F,EMP_DC,UK,2011,2033.38,F,emp_ths
A,THS_PER,F,EMP_DC,UK,2012,2015.92,F,emp_ths
A,THS_PER,F,EMP_DC,UK,2013,2015.65,F,emp_ths
A,THS_PER,F,EMP_DC,UK,2014,2083.11,F,emp_ths
A,THS_PER,F,EMP_DC,UK,2015,2135.73,F,emp_ths
A,THS_PER,F,EMP_DC,UK,2016,2217.6,F,emp_ths
A,THS_PER,F,EMP_DC,UK,2017,2309.46,F,emp_ths
A,THS_PER,F,EMP_DC,UK,2018,2309.56,F,emp_ths
A,THS_PER,F,EMP_DC,UK,2019,2315.41,F,emp_ths
A,THS_PER,M,EMP_DC,EU27_2020,1995,6459.48,M,emp_ths
A,THS_PER,M,EMP_DC,EU27_2020,1996,6669.12,M,emp_ths
A,THS_PER,M,EMP_DC,EU27_2020,1997,6924.89,M,emp_ths
A,THS_PER,M,EMP_DC,EU27_2020,1998,7260.13,M,emp_ths
A,THS_PER,M,EMP_DC,EU27_2020,1999,7621.98,M,emp_ths
A,THS_PER,M,EMP_DC,EU27_2020,2000,8124.64,M,emp_ths
A,THS_PER,M,EMP_DC,EU27_2020,2001,8390.62,M,emp_ths
A,THS_PER,M,EMP_DC,EU27_2020,2002,8630.63,M,emp_ths
A,THS_PER,M,EMP_DC,EU27_2020,2003,8817.78,M,emp_ths
A,THS_PER,M,EMP_DC,EU27_2020,2004,9071.82,M,emp_ths
A,THS_PER,M,EMP_DC,EU27_2020,2005,9301.05,M,emp_ths
A,THS_PER,M,EMP_DC,EU27_2020,2006,9693.8,M,emp_ths
A,THS_PER,M,EMP_DC,EU27_2020,2007,10130.02,M,emp_ths
A,THS_PER,M,EMP_DC,EU27_2020,2008,10471.06,M,emp_ths
A,THS_PER,M,EMP_DC,EU27_2020,2009,10567.55,M,emp_ths
A,THS_PER,M,EMP_DC,EU27_2020,2010,10642.11,M,emp_ths
A,THS_PER,M,EMP_DC,EU27_2020,2011,10816.17,M,emp_ths
A,THS_PER,M,EMP_DC,EU27_2020,2012,11029.53,M,emp_ths
A,THS_PER,M,EMP_DC,EU27_2020,2013,11218.7,M,emp_ths
A,THS_PER,M,EMP_DC,EU27_2020,2014,11512.18,M,emp_ths
A,THS_PER,M,EMP_DC,EU27_2020,2015,11692.9,M,emp_ths
A,THS_PER,M,EMP_DC,EU27_2020,2016,11970.7,M,emp_ths
A,THS_PER,M,EMP_DC,EU27_2020,2017,12237.0,M,emp_ths
A,THS_PER,M,EMP_DC,EU27_2020,2018,12507.22,M,emp_ths
A,THS_PER,M,EMP_DC,EU27_2020,2019,12827.37,M,emp_ths
A,THS_PER,M,EMP_DC,EU27_2020,2020,12968.54,M,emp_ths
A,THS_PER,M,EMP_DC,EU27_2020,2021,13252.13,M,emp_ths
A,THS_PER,M,EMP_DC,EU27_2020,2022,13719.77,M,emp_ths
A,THS_PER,M,EMP_DC,EU27_2020,2023,14219.4,M,emp_ths
A,THS_PER,M,EMP_DC,EU27_2020,2024,14515.13,M,emp_ths
A,THS_PER,M,EMP_DC,DE,1995,1357.0,M,emp_ths
A,THS_PER,M,EMP_DC,DE,1996,1430.0,M,emp_ths
A,THS_PER,M,EMP_DC,DE,1997,1496.0,M,emp_ths
A,THS_PER,M,EMP_DC,DE,1998,1594.0,M,emp_ths
A,THS_PER,M,EMP_DC,DE,1999,1717.0,M,emp_ths
A,THS_PER,M,EMP_DC,DE,2000,1860.0,M,emp_ths
A,THS_PER,M,EMP_DC,DE,2001,1929.0,M,emp_ths
A,THS_PER,M,EMP_DC,DE,2002,1977.0,M,emp_ths
A,THS_PER,M,EMP_DC,DE,2003,2023.0,M,emp_ths
A,THS_PER,M,EMP_DC,DE,2004,2094.0,M,emp_ths
A,THS_PER,M,EMP_DC,DE,2005,2147.0,M,emp_ths
A,THS_PER,M,EMP_DC,DE,2006,2221.0,M,emp_ths
A,THS_PER,M,EMP_DC,DE,2007,2299.0,M,emp_ths
A,THS_PER,M,EMP_DC,DE,2008,2373.0,M,emp_ths
A,THS_PER,M,EMP_DC,DE,2009,2395.0,M,emp_ths
A,THS_PER,M,EMP_DC,DE,2010,2439.0,M,emp_ths
A,THS_PER,M,EMP_DC,DE,2011,2492.0,M,emp_ths
A,THS_PER,M,EMP_DC,DE,2012,2561.0,M,emp_ths
A,THS_PER,M,EMP_DC,DE,2013,2634.0,M,emp_ths
A,THS_PER,M,EMP_DC,DE,2014,2687.0,M,emp_ths
A,THS_PER,M,EMP_DC,DE,2015,2734.0,M,emp_ths
A,THS_PER,M,EMP_DC,DE,2016,2777.0,M,emp_ths
A,THS_PER,M,EMP_DC,DE,2017,2836.0,M,emp_ths
A,THS_PER,M,EMP_DC,DE,2018,2901.0,M,emp_ths
A,THS_PER,M,EMP_DC,DE,2019,2945.0,M,emp_ths
A,THS_PER,M,EMP_DC,DE,2020,2935.0,M,emp_ths
A,THS_PER,M,EMP_DC,DE,2021,2976.0,M,emp_ths
A,THS_PER,M,EMP_DC,DE,2022,3028.0,M,emp_ths
A,THS_PER,M,EMP_DC,DE,2023,3080.0,M,emp_ths
A,THS_PER,M,EMP_DC,DE,2024,3112.0,M,emp_ths
A,THS_PER,M,EMP_DC,FR,1978,731.8,M,emp_ths
A,THS_PER,M,EMP_DC,FR,1979,765.6,M,emp_ths
A,THS_PER,M,EMP_DC,FR,1980,793.9,M,emp_ths
A,THS_PER,M,EMP_DC,FR,1981,810.2,M,emp_ths
A,THS_PER,M,EMP_DC,FR,1982,816.2,M,emp_ths
A,THS_PER,M,EMP_DC,FR,1983,820.0,M,emp_ths
A,THS_PER,M,EMP_DC,FR,1984,841.9,M,emp_ths
A,THS_PER,M,EMP_DC,FR,1985,869.0,M,emp_ths
A,THS_PER,M,EMP_DC,FR,1986,903.7,M,emp_ths
A,THS_PER,M,EMP_DC,FR,1987,952.2,M,emp_ths
A,THS_PER,M,EMP_DC,FR,1988,1010.4,M,emp_ths
A,THS_PER,M,EMP_DC,FR,1989,1084.9,M,emp_ths
A,THS_PER,M,EMP_DC,FR,1990,1138.0,M,emp_ths
A,THS_PER,M,EMP_DC,FR,1991,1165.8,M,emp_ths
A,THS_PER,M,EMP_DC,FR,1992,1180.8,M,emp_ths
A,THS_PER,M,EMP_DC,FR,1993,1193.2,M,emp_ths
A,THS_PER,M,EMP_DC,FR,1994,1205.6,M,emp_ths
A,THS_PER,M,EMP_DC,FR,1995,1198.3,M,emp_ths
A,THS_PER,M,EMP_DC,FR,1996,1192.6,M,emp_ths
A,THS_PER,M,EMP_DC,FR,1997,1224.2,M,emp_ths
A,THS_PER,M,EMP_DC,FR,1998,1259.1,M,emp_ths
A,THS_PER,M,EMP_DC,FR,1999,1303.4,M,emp_ths
A,THS_PER,M,EMP_DC,FR,2000,1373.3,M,emp_ths
A,THS_PER,M,EMP_DC,FR,2001,1426.9,M,emp_ths
A,THS_PER,M,EMP_DC,FR,2002,1419.9,M,emp_ths
A,THS_PER,M,EMP_DC,FR,2003,1431.2,M,emp_ths
A,THS_PER,M,EMP_DC,FR,2004,1463.1,M,emp_ths
A,THS_PER,M,EMP_DC,FR,2005,1481.7,M,emp_ths
A,THS_PER,M,EMP_DC,FR,2006,1529.1,M,emp_ths
A,THS_PER,M,EMP_DC,FR,2007,1569.2,M,emp_ths
A,THS_PER,M,EMP_DC,FR,2008,1605.2,M,emp_ths
A,THS_PER,M,EMP_DC,FR,2009,1614.8,M,emp_ths
A,THS_PER,M,EMP_DC,FR,2010,1619.6,M,emp_ths
A,THS_PER,M,EMP_DC,FR,2011,1701.2,M,emp_ths
A,THS_PER,M,EMP_DC,FR,2012,1747.0,M,emp_ths
A,THS_PER,M,EMP_DC,FR,2013,1778.5,M,emp_ths
A,THS_PER,M,EMP_DC,FR,2014,1818.7,M,emp_ths
A,THS_PER,M,EMP_DC,FR,2015,1832.1,M,emp_ths
A,THS_PER,M,EMP_DC,FR,2016,1878.6,M,emp_ths
A,THS_PER,M,EMP_DC,FR,2017,1911.9,M,emp_ths
A,THS_PER,M,EMP_DC,FR,2018,1941.3,M,emp_ths
A,THS_PER,M,EMP_DC,FR,2019,2005.2,M,emp_ths
A,THS_PER,M,EMP_DC,FR,2020,2043.8,M,emp_ths
A,THS_PER,M,EMP_DC,FR,2021,2107.2,M,emp_ths
A,THS_PER,M,EMP_DC,FR,2022,2205.7,M,emp_ths
A,THS_PER,M,EMP_DC,FR,2023,2280.6,M,emp_ths
A,THS_PER,M,EMP_DC,FR,2024,2328.5,M,emp_ths
A,THS_PER,M,EMP_DC,FR,2025,2344.6,M,emp_ths
A,THS_PER,M,EMP_DC,NL,1995,531.0,M,emp_ths
A,THS_PER,M,EMP_DC,NL,1996,549.0,M,emp_ths
A,THS_PER,M,EMP_DC,NL,1997,556.0,M,emp_ths
A,THS_PER,M,EMP_DC,NL,1998,575.0,M,emp_ths
A,THS_PER,M,EMP_DC,NL,1999,595.0,M,emp_ths
A,THS_PER,M,EMP_DC,NL,2000,618.0,M,emp_ths
A,THS_PER,M,EMP_DC,NL,2001,643.0,M,emp_ths
A,THS_PER,M,EMP_DC,NL,2002,657.0,M,emp_ths
A,THS_PER,M,EMP_DC,NL,2003,649.0,M,emp_ths
A,THS_PER,M,EMP_DC,NL,2004,655.0,M,emp_ths
A,THS_PER,M,EMP_DC,NL,2005,646.0,M,emp_ths
A,THS_PER,M,EMP_DC,NL,2006,669.0,M,emp_ths
A,THS_PER,M,EMP_DC,NL,2007,701.0,M,emp_ths
A,THS_PER,M,EMP_DC,NL,2008,723.0,M,emp_ths
A,THS_PER,M,EMP_DC,NL,2009,725.0,M,emp_ths
A,THS_PER,M,EMP_DC,NL,2010,696.0,M,emp_ths
A,THS_PER,M,EMP_DC,NL,2011,699.0,M,emp_ths
A,THS_PER,M,EMP_DC,NL,2012,700.0,M,emp_ths
A,THS_PER,M,EMP_DC,NL,2013,688.0,M,emp_ths
A,THS_PER,M,EMP_DC,NL,2014,696.0,M,emp_ths
A,THS_PER,M,EMP_DC,NL,2015,705.0,M,emp_ths
A,THS_PER,M,EMP_DC,NL,2016,721.0,M,emp_ths
A,THS_PER,M,EMP_DC,NL,2017,728.0,M,emp_ths
A,THS_PER,M,EMP_DC,NL,2018,748.0,M,emp_ths
A,THS_PER,M,EMP_DC,NL,2019,765.0,M,emp_ths
A,THS_PER,M,EMP_DC,NL,2020,772.0,M,emp_ths
A,THS_PER,M,EMP_DC,NL,2021,785.0,M,emp_ths
A,THS_PER,M,EMP_DC,NL,2022,814.0,M,emp_ths
A,THS_PER,M,EMP_DC,NL,2023,845.0,M,emp_ths
A,THS_PER,M,EMP_DC,NL,2024,857.0,M,emp_ths
A,THS_PER,M,EMP_DC,NL,2025,873.0,M,emp_ths
A,THS_PER,M,EMP_DC,PL,1995,202.3,M,emp_ths
A,THS_PER,M,EMP_DC,PL,1996,223.0,M,emp_ths
A,THS_PER,M,EMP_DC,PL,1997,240.1,M,emp_ths
A,THS_PER,M,EMP_DC,PL,1998,256.6,M,emp_ths
A,THS_PER,M,EMP_DC,PL,1999,266.2,M,emp_ths
A,THS_PER,M,EMP_DC,PL,2000,291.2,M,emp_ths
A,THS_PER,M,EMP_DC,PL,2001,297.4,M,emp_ths
A,THS_PER,M,EMP_DC,PL,2002,307.4,M,emp_ths
A,THS_PER,M,EMP_DC,PL,2003,306.2,M,emp_ths
A,THS_PER,M,EMP_DC,PL,2004,324.0,M,emp_ths
A,THS_PER,M,EMP_DC,PL,2005,338.8,M,emp_ths
A,THS_PER,M,EMP_DC,PL,2006,359.6,M,emp_ths
A,THS_PER,M,EMP_DC,PL,2007,407.8,M,emp_ths
A,THS_PER,M,EMP_DC,PL,2008,413.2,M,emp_ths
A,THS_PER,M,EMP_DC,PL,2009,455.4,M,emp_ths
A,THS_PER,M,EMP_DC,PL,2010,477.4,M,emp_ths
A,THS_PER,M,EMP_DC,PL,2011,490.2,M,emp_ths
A,THS_PER,M,EMP_DC,PL,2012,516.5,M,emp_ths
A,THS_PER,M,EMP_DC,PL,2013,520.6,M,emp_ths
A,THS_PER,M,EMP_DC,PL,2014,557.8,M,emp_ths
A,THS_PER,M,EMP_DC,PL,2015,564.5,M,emp_ths
A,THS_PER,M,EMP_DC,PL,2016,592.8,M,emp_ths
A,THS_PER,M,EMP_DC,PL,2017,622.0,M,emp_ths
A,THS_PER,M,EMP_DC,PL,2018,612.2,M,emp_ths
A,THS_PER,M,EMP_DC,PL,2019,670.1,M,emp_ths
A,THS_PER,M,EMP_DC,PL,2020,701.3,M,emp_ths
A,THS_PER,M,EMP_DC,PL,2021,743.4,M,emp_ths
A,THS_PER,M,EMP_DC,PL,2022,756.0,M,emp_ths
A,THS_PER,M,EMP_DC,PL,2023,805.2,M,emp_ths
A,THS_PER,M,EMP_DC,PL,2024,831.1,M,emp_ths
A,THS_PER,M,EMP_DC,RO,1995,186.2,M,emp_ths
A,THS_PER,M,EMP_DC,RO,1996,184.0,M,emp_ths
A,THS_PER,M,EMP_DC,RO,1997,182.8,M,emp_ths
A,THS_PER,M,EMP_DC,RO,1998,165.0,M,emp_ths
A,THS_PER,M,EMP_DC,RO,1999,156.1,M,emp_ths
A,THS_PER,M,EMP_DC,RO,2000,163.1,M,emp_ths
A,THS_PER,M,EMP_DC,RO,2001,166.1,M,emp_ths
A,THS_PER,M,EMP_DC,RO,2002,177.4,M,emp_ths
A,THS_PER,M,EMP_DC,RO,2003,167.5,M,emp_ths
A,THS_PER,M,EMP_DC,RO,2004,130.8,M,emp_ths
A,THS_PER,M,EMP_DC,RO,2005,122.8,M,emp_ths
A,THS_PER,M,EMP_DC,RO,2006,139.4,M,emp_ths
A,THS_PER,M,EMP_DC,RO,2007,148.6,M,emp_ths
A,THS_PER,M,EMP_DC,RO,2008,150.4,M,emp_ths
A,THS_PER,M,EMP_DC,RO,2009,149.1,M,emp_ths
A,THS_PER,M,EMP_DC,RO,2010,142.7,M,emp_ths
A,THS_PER,M,EMP_DC,RO,2011,151.6,M,emp_ths
A,THS_PER,M,EMP_DC,RO,2012,155.2,M,emp_ths
A,THS_PER,M,EMP_DC,RO,2013,158.5,M,emp_ths
A,THS_PER,M,EMP_DC,RO,2014,170.3,M,emp_ths
A,THS_PER,M,EMP_DC,RO,2015,166.5,M,emp_ths
A,THS_PER,M,EMP_DC,RO,2016,176.2,M,emp_ths
A,THS_PER,M,EMP_DC,RO,2017,185.9,M,emp_ths
A,THS_PER,M,EMP_DC,RO,2018,188.2,M,emp_ths
A,THS_PER,M,EMP_DC,RO,2019,188.0,M,emp_ths
A,THS_PER,M,EMP_DC,RO,2020,180.8,M,emp_ths
A,THS_PER,M,EMP_DC,RO,2021,180.7,M,emp_ths
A,THS_PER,M,EMP_DC,RO,2022,186.1,M,emp_ths
A,THS_PER,M,EMP_DC,RO,2023,181.4,M,emp_ths
A,THS_PER,M,EMP_DC,RO,2024,209.8,M,emp_ths
A,THS_PER,M,EMP_DC,RO,2025,199.3,M,emp_ths
A,THS_PER,M,EMP_DC,IT,1995,917.5,M,emp_ths
A,THS_PER,M,EMP_DC,IT,1996,978.6,M,emp_ths
A,THS_PER,M,EMP_DC,IT,1997,1052.4,M,emp_ths
A,THS_PER,M,EMP_DC,IT,1998,1113.7,M,emp_ths
A,THS_PER,M,EMP_DC,IT,1999,1158.9,M,emp_ths
A,THS_PER,M,EMP_DC,IT,2000,1261.8,M,emp_ths
A,THS_PER,M,EMP_DC,IT,2001,1284.7,M,emp_ths
A,THS_PER,M,EMP_DC,IT,2002,1338.5,M,emp_ths
A,THS_PER,M,EMP_DC,IT,2003,1382.4,M,emp_ths
A,THS_PER,M,EMP_DC,IT,2004,1414.4,M,emp_ths
A,THS_PER,M,EMP_DC,IT,2005,1447.2,M,emp_ths
A,THS_PER,M,EMP_DC,IT,2006,1473.3,M,emp_ths
A,THS_PER,M,EMP_DC,IT,2007,1511.0,M,emp_ths
A,THS_PER,M,EMP_DC,IT,2008,1534.2,M,emp_ths
A,THS_PER,M,EMP_DC,IT,2009,1527.5,M,emp_ths
A,THS_PER,M,EMP_DC,IT,2010,1549.0,M,emp_ths
A,THS_PER,M,EMP_DC,IT,2011,1573.6,M,emp_ths
A,THS_PER,M,EMP_DC,IT,2012,1602.3,M,emp_ths
A,THS_PER,M,EMP_DC,IT,2013,1596.7,M,emp_ths
A,THS_PER,M,EMP_DC,IT,2014,1617.3,M,emp_ths
A,THS_PER,M,EMP_DC,IT,2015,1644.3,M,emp_ths
A,THS_PER,M,EMP_DC,IT,2016,1656.9,M,emp_ths
A,THS_PER,M,EMP_DC,IT,2017,1659.3,M,emp_ths
A,THS_PER,M,EMP_DC,IT,2018,1683.1,M,emp_ths
A,THS_PER,M,EMP_DC,IT,2019,1693.8,M,emp_ths
A,THS_PER,M,EMP_DC,IT,2020,1737.6,M,emp_ths
A,THS_PER,M,EMP_DC,IT,2021,1723.0,M,emp_ths
A,THS_PER,M,EMP_DC,IT,2022,1791.7,M,emp_ths
A,THS_PER,M,EMP_DC,IT,2023,1903.1,M,emp_ths
A,THS_PER,M,EMP_DC,IT,2024,1943.1,M,emp_ths
A,THS_PER,M,EMP_DC,IT,2025,1981.7,M,emp_ths
A,THS_PER,M,EMP_DC,ES,1995,452.7,M,emp_ths
A,THS_PER,M,EMP_DC,ES,1996,472.8,M,emp_ths
A,THS_PER,M,EMP_DC,ES,1997,506.5,M,emp_ths
A,THS_PER,M,EMP_DC,ES,1998,543.0,M,emp_ths
A,THS_PER,M,EMP_DC,ES,1999,585.7,M,emp_ths
A,THS_PER,M,EMP_DC,ES,2000,637.5,M,emp_ths
A,THS_PER,M,EMP_DC,ES,2001,660.2,M,emp_ths
A,THS_PER,M,EMP_DC,ES,2002,688.8,M,emp_ths
A,THS_PER,M,EMP_DC,ES,2003,715.9,M,emp_ths
A,THS_PER,M,EMP_DC,ES,2004,759.2,M,emp_ths
A,THS_PER,M,EMP_DC,ES,2005,811.5,M,emp_ths
A,THS_PER,M,EMP_DC,ES,2006,903.4,M,emp_ths
A,THS_PER,M,EMP_DC,ES,2007,967.7,M,emp_ths
A,THS_PER,M,EMP_DC,ES,2008,1009.7,M,emp_ths
A,THS_PER,M,EMP_DC,ES,2009,988.0,M,emp_ths
A,THS_PER,M,EMP_DC,ES,2010,967.0,M,emp_ths
A,THS_PER,M,EMP_DC,ES,2011,940.8,M,emp_ths
A,THS_PER,M,EMP_DC,ES,2012,908.0,M,emp_ths
A,THS_PER,M,EMP_DC,ES,2013,888.7,M,emp_ths
A,THS_PER,M,EMP_DC,ES,2014,914.5,M,emp_ths
A,THS_PER,M,EMP_DC,ES,2015,943.3,M,emp_ths
A,THS_PER,M,EMP_DC,ES,2016,970.6,M,emp_ths
A,THS_PER,M,EMP_DC,ES,2017,1009.9,M,emp_ths
A,THS_PER,M,EMP_DC,ES,2018,1041.6,M,emp_ths
A,THS_PER,M,EMP_DC,ES,2019,1098.3,M,emp_ths
A,THS_PER,M,EMP_DC,ES,2020,1102.8,M,emp_ths
A,THS_PER,M,EMP_DC,ES,2021,1130.7,M,emp_ths
A,THS_PER,M,EMP_DC,ES,2022,1191.7,M,emp_ths
A,THS_PER,M,EMP_DC,ES,2023,1245.4,M,emp_ths
A,THS_PER,M,EMP_DC,ES,2024,1280.2,M,emp_ths
A,THS_PER,M,EMP_DC,IE,1995,66.49,M,emp_ths
A,THS_PER,M,EMP_DC,IE,1996,68.6,M,emp_ths
A,THS_PER,M,EMP_DC,IE,1997,70.68,M,emp_ths
A,THS_PER,M,EMP_DC,IE,1998,74.02,M,emp_ths
A,THS_PER,M,EMP_DC,IE,1999,81.6,M,emp_ths
A,THS_PER,M,EMP_DC,IE,2000,87.46,M,emp_ths
A,THS_PER,M,EMP_DC,IE,2001,91.69,M,emp_ths
A,THS_PER,M,EMP_DC,IE,2002,92.99,M,emp_ths
A,THS_PER,M,EMP_DC,IE,2003,97.86,M,emp_ths
A,THS_PER,M,EMP_DC,IE,2004,105.48,M,emp_ths
A,THS_PER,M,EMP_DC,IE,2005,112.13,M,emp_ths
A,THS_PER,M,EMP_DC,IE,2006,116.89,M,emp_ths
A,THS_PER,M,EMP_DC,IE,2007,125.17,M,emp_ths
A,THS_PER,M,EMP_DC,IE,2008,126.04,M,emp_ths
A,THS_PER,M,EMP_DC,IE,2009,112.29,M,emp_ths
A,THS_PER,M,EMP_DC,IE,2010,107.49,M,emp_ths
A,THS_PER,M,EMP_DC,IE,2011,106.42,M,emp_ths
A,THS_PER,M,EMP_DC,IE,2012,107.18,M,emp_ths
A,THS_PER,M,EMP_DC,IE,2013,119.03,M,emp_ths
A,THS_PER,M,EMP_DC,IE,2014,127.66,M,emp_ths
A,THS_PER,M,EMP_DC,IE,2015,129.96,M,emp_ths
A,THS_PER,M,EMP_DC,IE,2016,133.81,M,emp_ths
A,THS_PER,M,EMP_DC,IE,2017,133.77,M,emp_ths
A,THS_PER,M,EMP_DC,IE,2018,137.38,M,emp_ths
A,THS_PER,M,EMP_DC,IE,2019,139.15,M,emp_ths
A,THS_PER,M,EMP_DC,IE,2020,144.91,M,emp_ths
A,THS_PER,M,EMP_DC,IE,2021,162.52,M,emp_ths
A,THS_PER,M,EMP_DC,IE,2022,170.15,M,emp_ths
A,THS_PER,M,EMP_DC,IE,2023,179.45,M,emp_ths
A,THS_PER,M,EMP_DC,IE,2024,200.12,M,emp_ths
A,THS_PER,M,EMP_DC,BE,1995,243.0,M,emp_ths
A,THS_PER,M,EMP_DC,BE,1996,252.8,M,emp_ths
A,THS_PER,M,EMP_DC,BE,1997,263.9,M,emp_ths
A,THS_PER,M,EMP_DC,BE,1998,274.3,M,emp_ths
A,THS_PER,M,EMP_DC,BE,1999,287.4,M,emp_ths
A,THS_PER,M,EMP_DC,BE,2000,302.5,M,emp_ths
A,THS_PER,M,EMP_DC,BE,2001,316.4,M,emp_ths
A,THS_PER,M,EMP_DC,BE,2002,322.4,M,emp_ths
A,THS_PER,M,EMP_DC,BE,2003,333.9,M,emp_ths
A,THS_PER,M,EMP_DC,BE,2004,345.3,M,emp_ths
A,THS_PER,M,EMP_DC,BE,2005,357.5,M,emp_ths
A,THS_PER,M,EMP_DC,BE,2006,373.1,M,emp_ths
A,THS_PER,M,EMP_DC,BE,2007,389.4,M,emp_ths
A,THS_PER,M,EMP_DC,BE,2008,408.6,M,emp_ths
A,THS_PER,M,EMP_DC,BE,2009,451.2,M,emp_ths
A,THS_PER,M,EMP_DC,BE,2010,499.1,M,emp_ths
A,THS_PER,M,EMP_DC,BE,2011,515.9,M,emp_ths
A,THS_PER,M,EMP_DC,BE,2012,531.2,M,emp_ths
A,THS_PER,M,EMP_DC,BE,2013,543.7,M,emp_ths
A,THS_PER,M,EMP_DC,BE,2014,552.5,M,emp_ths
A,THS_PER,M,EMP_DC,BE,2015,564.7,M,emp_ths
A,THS_PER,M,EMP_DC,BE,2016,580.9,M,emp_ths
A,THS_PER,M,EMP_DC,BE,2017,597.3,M,emp_ths
A,THS_PER,M,EMP_DC,BE,2018,612.1,M,emp_ths
A,THS_PER,M,EMP_DC,BE,2019,628.6,M,emp_ths
A,THS_PER,M,EMP_DC,BE,2020,643.3,M,emp_ths
A,THS_PER,M,EMP_DC,BE,2021,661.6,M,emp_ths
A,THS_PER,M,EMP_DC,BE,2022,682.7,M,emp_ths
A,THS_PER,M,EMP_DC,BE,2023,696.1,M,emp_ths
A,THS_PER,M,EMP_DC,BE,2024,708.1,M,emp_ths
A,THS_PER,M,EMP_DC,AT,1995,121.2,M,emp_ths
A,THS_PER,M,EMP_DC,AT,1996,128.22,M,emp_ths
A,THS_PER,M,EMP_DC,AT,1997,131.85,M,emp_ths
A,THS_PER,M,EMP_DC,AT,1998,136.32,M,emp_ths
A,THS_PER,M,EMP_DC,AT,1999,148.03,M,emp_ths
A,THS_PER,M,EMP_DC,AT,2000,156.7,M,emp_ths
A,THS_PER,M,EMP_DC,AT,2001,165.32,M,emp_ths
A,THS_PER,M,EMP_DC,AT,2002,171.72,M,emp_ths
A,THS_PER,M,EMP_DC,AT,2003,175.61,M,emp_ths
A,THS_PER,M,EMP_DC,AT,2004,183.69,M,emp_ths
A,THS_PER,M,EMP_DC,AT,2005,190.2,M,emp_ths
A,THS_PER,M,EMP_DC,AT,2006,197.68,M,emp_ths
A,THS_PER,M,EMP_DC,AT,2007,208.44,M,emp_ths
A,THS_PER,M,EMP_DC,AT,2008,223.3,M,emp_ths
A,THS_PER,M,EMP_DC,AT,2009,229.76,M,emp_ths
A,THS_PER,M,EMP_DC,AT,2010,234.26,M,emp_ths
A,THS_PER,M,EMP_DC,AT,2011,238.61,M,emp_ths
A,THS_PER,M,EMP_DC,AT,2012,245.44,M,emp_ths
A,THS_PER,M,EMP_DC,AT,2013,252.25,M,emp_ths
A,THS_PER,M,EMP_DC,AT,2014,252.62,M,emp_ths
A,THS_PER,M,EMP_DC,AT,2015,253.9,M,emp_ths
A,THS_PER,M,EMP_DC,AT,2016,257.99,M,emp_ths
A,THS_PER,M,EMP_DC,AT,2017,264.47,M,emp_ths
A,THS_PER,M,EMP_DC,AT,2018,272.69,M,emp_ths
A,THS_PER,M,EMP_DC,AT,2019,280.39,M,emp_ths
A,THS_PER,M,EMP_DC,AT,2020,283.28,M,emp_ths
A,THS_PER,M,EMP_DC,AT,2021,294.77,M,emp_ths
A,THS_PER,M,EMP_DC,AT,2022,310.63,M,emp_ths
A,THS_PER,M,EMP_DC,AT,2023,322.5,M,emp_ths
A,THS_PER,M,EMP_DC,AT,2024,324.46,M,emp_ths
A,THS_PER,M,EMP_DC,SE,1993,179.0,M,emp_ths
A,THS_PER,M,EMP_DC,SE,1994,182.0,M,emp_ths
A,THS_PER,M,EMP_DC,SE,1995,192.0,M,emp_ths
A,THS_PER,M,EMP_DC,SE,1996,201.0,M,emp_ths
A,THS_PER,M,EMP_DC,SE,1997,195.0,M,emp_ths
A,THS_PER,M,EMP_DC,SE,1998,204.0,M,emp_ths
A,THS_PER,M,EMP_DC,SE,1999,216.0,M,emp_ths
A,THS_PER,M,EMP_DC,SE,2000,235.0,M,emp_ths
A,THS_PER,M,EMP_DC,SE,2001,234.0,M,emp_ths
A,THS_PER,M,EMP_DC,SE,2002,235.0,M,emp_ths
A,THS_PER,M,EMP_DC,SE,2003,239.0,M,emp_ths
A,THS_PER,M,EMP_DC,SE,2004,241.0,M,emp_ths
A,THS_PER,M,EMP_DC,SE,2005,243.0,M,emp_ths
A,THS_PER,M,EMP_DC,SE,2006,253.0,M,emp_ths
A,THS_PER,M,EMP_DC,SE,2007,272.0,M,emp_ths
A,THS_PER,M,EMP_DC,SE,2008,278.0,M,emp_ths
A,THS_PER,M,EMP_DC,SE,2009,278.0,M,emp_ths
A,THS_PER,M,EMP_DC,SE,2010,285.0,M,emp_ths
A,THS_PER,M,EMP_DC,SE,2011,293.0,M,emp_ths
A,THS_PER,M,EMP_DC,SE,2012,303.0,M,emp_ths
A,THS_PER,M,EMP_DC,SE,2013,311.0,M,emp_ths
A,THS_PER,M,EMP_DC,SE,2014,316.0,M,emp_ths
A,THS_PER,M,EMP_DC,SE,2015,322.0,M,emp_ths
A,THS_PER,M,EMP_DC,SE,2016,325.0,M,emp_ths
A,THS_PER,M,EMP_DC,SE,2017,345.0,M,emp_ths
A,THS_PER,M,EMP_DC,SE,2018,355.0,M,emp_ths
A,THS_PER,M,EMP_DC,SE,2019,363.0,M,emp_ths
A,THS_PER,M,EMP_DC,SE,2020,361.0,M,emp_ths
A,THS_PER,M,EMP_DC,SE,2021,364.0,M,emp_ths
A,THS_PER,M,EMP_DC,SE,2022,380.0,M,emp_ths
A,THS_PER,M,EMP_DC,SE,2023,390.0,M,emp_ths
A,THS_PER,M,EMP_DC,SE,2024,391.0,M,emp_ths
A,THS_PER,M,EMP_DC,DK,1975,66.46,M,emp_ths
A,THS_PER,M,EMP_DC,DK,1976,66.65,M,emp_ths
A,THS_PER,M,EMP_DC,DK,1977,69.91,M,emp_ths
A,THS_PER,M,EMP_DC,DK,1978,72.51,M,emp_ths
A,THS_PER,M,EMP_DC,DK,1979,74.48,M,emp_ths
A,THS_PER,M,EMP_DC,DK,1980,76.25,M,emp_ths
A,THS_PER,M,EMP_DC,DK,1981,75.41,M,emp_ths
A,THS_PER,M,EMP_DC,DK,1982,76.05,M,emp_ths
A,THS_PER,M,EMP_DC,DK,1983,74.74,M,emp_ths
A,THS_PER,M,EMP_DC,DK,1984,77.16,M,emp_ths
A,THS_PER,M,EMP_DC,DK,1985,81.34,M,emp_ths
A,THS_PER,M,EMP_DC,DK,1986,85.32,M,emp_ths
A,THS_PER,M,EMP_DC,DK,1987,88.66,M,emp_ths
A,THS_PER,M,EMP_DC,DK,1988,86.86,M,emp_ths
A,THS_PER,M,EMP_DC,DK,1989,93.26,M,emp_ths
A,THS_PER,M,EMP_DC,DK,1990,93.92,M,emp_ths
A,THS_PER,M,EMP_DC,DK,1991,94.19,M,emp_ths
A,THS_PER,M,EMP_DC,DK,1992,93.21,M,emp_ths
A,THS_PER,M,EMP_DC,DK,1993,94.53,M,emp_ths
A,THS_PER,M,EMP_DC,DK,1994,92.3,M,emp_ths
A,THS_PER,M,EMP_DC,DK,1995,96.73,M,emp_ths
A,THS_PER,M,EMP_DC,DK,1996,100.75,M,emp_ths
A,THS_PER,M,EMP_DC,DK,1997,104.56,M,emp_ths
A,THS_PER,M,EMP_DC,DK,1998,110.1,M,emp_ths
A,THS_PER,M,EMP_DC,DK,1999,115.94,M,emp_ths
A,THS_PER,M,EMP_DC,DK,2000,122.98,M,emp_ths
A,THS_PER,M,EMP_DC,DK,2001,127.98,M,emp_ths
A,THS_PER,M,EMP_DC,DK,2002,130.12,M,emp_ths
A,THS_PER,M,EMP_DC,DK,2003,131.61,M,emp_ths
A,THS_PER,M,EMP_DC,DK,2004,131.14,M,emp_ths
A,THS_PER,M,EMP_DC,DK,2005,138.07,M,emp_ths
A,THS_PER,M,EMP_DC,DK,2006,142.26,M,emp_ths
A,THS_PER,M,EMP_DC,DK,2007,150.68,M,emp_ths
A,THS_PER,M,EMP_DC,DK,2008,156.71,M,emp_ths
A,THS_PER,M,EMP_DC,DK,2009,156.55,M,emp_ths
A,THS_PER,M,EMP_DC,DK,2010,148.61,M,emp_ths
A,THS_PER,M,EMP_DC,DK,2011,145.47,M,emp_ths
A,THS_PER,M,EMP_DC,DK,2012,147.98,M,emp_ths
A,THS_PER,M,EMP_DC,DK,2013,152.02,M,emp_ths
A,THS_PER,M,EMP_DC,DK,2014,153.22,M,emp_ths
A,THS_PER,M,EMP_DC,DK,2015,158.14,M,emp_ths
A,THS_PER,M,EMP_DC,DK,2016,163.45,M,emp_ths
A,THS_PER,M,EMP_DC,DK,2017,168.16,M,emp_ths
A,THS_PER,M,EMP_DC,DK,2018,173.11,M,emp_ths
A,THS_PER,M,EMP_DC,DK,2019,174.13,M,emp_ths
A,THS_PER,M,EMP_DC,DK,2020,176.29,M,emp_ths
A,THS_PER,M,EMP_DC,DK,2021,184.04,M,emp_ths
A,THS_PER,M,EMP_DC,DK,2022,196.68,M,emp_ths
A,THS_PER,M,EMP_DC,DK,2023,206.69,M,emp_ths
A,THS_PER,M,EMP_DC,DK,2024,212.3,M,emp_ths
A,THS_PER,M,EMP_DC,DK,2025,214.74,M,emp_ths
A,THS_PER,M,EMP_DC,PT,1995,106.68,M,emp_ths
A,THS_PER,M,EMP_DC,PT,1996,109.21,M,emp_ths
A,THS_PER,M,EMP_DC,PT,1997,116.57,M,emp_ths
A,THS_PER,M,EMP_DC,PT,1998,121.74,M,emp_ths
A,THS_PER,M,EMP_DC,PT,1999,129.34,M,emp_ths
A,THS_PER,M,EMP_DC,PT,2000,136.99,M,emp_ths
A,THS_PER,M,EMP_DC,PT,2001,144.26,M,emp_ths
A,THS_PER,M,EMP_DC,PT,2002,148.71,M,emp_ths
A,THS_PER,M,EMP_DC,PT,2003,152.45,M,emp_ths
A,THS_PER,M,EMP_DC,PT,2004,158.59,M,emp_ths
A,THS_PER,M,EMP_DC,PT,2005,161.24,M,emp_ths
A,THS_PER,M,EMP_DC,PT,2006,161.67,M,emp_ths
A,THS_PER,M,EMP_DC,PT,2007,168.85,M,emp_ths
A,THS_PER,M,EMP_DC,PT,2008,177.83,M,emp_ths
A,THS_PER,M,EMP_DC,PT,2009,178.47,M,emp_ths
A,THS_PER,M,EMP_DC,PT,2010,178.63,M,emp_ths
A,THS_PER,M,EMP_DC,PT,2011,178.75,M,emp_ths
A,THS_PER,M,EMP_DC,PT,2012,172.85,M,emp_ths
A,THS_PER,M,EMP_DC,PT,2013,174.08,M,emp_ths
A,THS_PER,M,EMP_DC,PT,2014,186.87,M,emp_ths
A,THS_PER,M,EMP_DC,PT,2015,194.37,M,emp_ths
A,THS_PER,M,EMP_DC,PT,2016,202.81,M,emp_ths
A,THS_PER,M,EMP_DC,PT,2017,213.88,M,emp_ths
A,THS_PER,M,EMP_DC,PT,2018,224.62,M,emp_ths
A,THS_PER,M,EMP_DC,PT,2019,238.64,M,emp_ths
A,THS_PER,M,EMP_DC,PT,2020,243.4,M,emp_ths
A,THS_PER,M,EMP_DC,PT,2021,252.94,M,emp_ths
A,THS_PER,M,EMP_DC,PT,2022,263.94,M,emp_ths
A,THS_PER,M,EMP_DC,PT,2023,275.55,M,emp_ths
A,THS_PER,M,EMP_DC,PT,2024,280.49,M,emp_ths
A,THS_PER,M,EMP_DC,CZ,1995,224.82,M,emp_ths
A,THS_PER,M,EMP_DC,CZ,1996,214.13,M,emp_ths
A,THS_PER,M,EMP_DC,CZ,1997,202.71,M,emp_ths
A,THS_PER,M,EMP_DC,CZ,1998,206.88,M,emp_ths
A,THS_PER,M,EMP_DC,CZ,1999,208.91,M,emp_ths
A,THS_PER,M,EMP_DC,CZ,2000,217.31,M,emp_ths
A,THS_PER,M,EMP_DC,CZ,2001,211.1,M,emp_ths
A,THS_PER,M,EMP_DC,CZ,2002,228.38,M,emp_ths
A,THS_PER,M,EMP_DC,CZ,2003,237.98,M,emp_ths
A,THS_PER,M,EMP_DC,CZ,2004,236.19,M,emp_ths
A,THS_PER,M,EMP_DC,CZ,2005,250.88,M,emp_ths
A,THS_PER,M,EMP_DC,CZ,2006,255.9,M,emp_ths
A,THS_PER,M,EMP_DC,CZ,2007,267.4,M,emp_ths
A,THS_PER,M,EMP_DC,CZ,2008,272.7,M,emp_ths
A,THS_PER,M,EMP_DC,CZ,2009,269.74,M,emp_ths
A,THS_PER,M,EMP_DC,CZ,2010,275.74,M,emp_ths
A,THS_PER,M,EMP_DC,CZ,2011,262.79,M,emp_ths
A,THS_PER,M,EMP_DC,CZ,2012,275.05,M,emp_ths
A,THS_PER,M,EMP_DC,CZ,2013,278.49,M,emp_ths
A,THS_PER,M,EMP_DC,CZ,2014,287.36,M,emp_ths
A,THS_PER,M,EMP_DC,CZ,2015,293.77,M,emp_ths
A,THS_PER,M,EMP_DC,CZ,2016,305.55,M,emp_ths
A,THS_PER,M,EMP_DC,CZ,2017,313.83,M,emp_ths
A,THS_PER,M,EMP_DC,CZ,2018,321.31,M,emp_ths
A,THS_PER,M,EMP_DC,CZ,2019,318.54,M,emp_ths
A,THS_PER,M,EMP_DC,CZ,2020,307.15,M,emp_ths
A,THS_PER,M,EMP_DC,CZ,2021,309.91,M,emp_ths
A,THS_PER,M,EMP_DC,CZ,2022,316.42,M,emp_ths
A,THS_PER,M,EMP_DC,CZ,2023,329.39,M,emp_ths
A,THS_PER,M,EMP_DC,CZ,2024,329.9,M,emp_ths
A,THS_PER,M,EMP_DC,CZ,2025,340.3,M,emp_ths
A,THS_PER,M,EMP_DC,HU,1995,73.27,M,emp_ths
A,THS_PER,M,EMP_DC,HU,1996,68.25,M,emp_ths
A,THS_PER,M,EMP_DC,HU,1997,82.12,M,emp_ths
A,THS_PER,M,EMP_DC,HU,1998,90.89,M,emp_ths
A,THS_PER,M,EMP_DC,HU,1999,101.37,M,emp_ths
A,THS_PER,M,EMP_DC,HU,2000,112.99,M,emp_ths
A,THS_PER,M,EMP_DC,HU,2001,113.96,M,emp_ths
A,THS_PER,M,EMP_DC,HU,2002,119.02,M,emp_ths
A,THS_PER,M,EMP_DC,HU,2003,134.37,M,emp_ths
A,THS_PER,M,EMP_DC,HU,2004,138.53,M,emp_ths
A,THS_PER,M,EMP_DC,HU,2005,137.03,M,emp_ths
A,THS_PER,M,EMP_DC,HU,2006,134.81,M,emp_ths
A,THS_PER,M,EMP_DC,HU,2007,139.14,M,emp_ths
A,THS_PER,M,EMP_DC,HU,2008,158.83,M,emp_ths
A,THS_PER,M,EMP_DC,HU,2009,166.46,M,emp_ths
A,THS_PER,M,EMP_DC,HU,2010,151.66,M,emp_ths
A,THS_PER,M,EMP_DC,HU,2011,152.0,M,emp_ths
A,THS_PER,M,EMP_DC,HU,2012,137.94,M,emp_ths
A,THS_PER,M,EMP_DC,HU,2013,178.39,M,emp_ths
A,THS_PER,M,EMP_DC,HU,2014,210.78,M,emp_ths
A,THS_PER,M,EMP_DC,HU,2015,223.39,M,emp_ths
A,THS_PER,M,EMP_DC,HU,2016,242.06,M,emp_ths
A,THS_PER,M,EMP_DC,HU,2017,258.95,M,emp_ths
A,THS_PER,M,EMP_DC,HU,2018,265.21,M,emp_ths
A,THS_PER,M,EMP_DC,HU,2019,266.37,M,emp_ths
A,THS_PER,M,EMP_DC,HU,2020,268.4,M,emp_ths
A,THS_PER,M,EMP_DC,HU,2021,279.72,M,emp_ths
A,THS_PER,M,EMP_DC,HU,2022,287.98,M,emp_ths
A,THS_PER,M,EMP_DC,HU,2023,297.65,M,emp_ths
A,THS_PER,M,EMP_DC,HU,2024,295.86,M,emp_ths
A,THS_PER,M,EMP_DC,FI,1980,34.7,M,emp_ths
A,THS_PER,M,EMP_DC,FI,1981,37.5,M,emp_ths
A,THS_PER,M,EMP_DC,FI,1982,39.6,M,emp_ths
A,THS_PER,M,EMP_DC,FI,1983,41.5,M,emp_ths
A,THS_PER,M,EMP_DC,FI,1984,43.4,M,emp_ths
A,THS_PER,M,EMP_DC,FI,1985,46.7,M,emp_ths
A,THS_PER,M,EMP_DC,FI,1986,50.4,M,emp_ths
A,THS_PER,M,EMP_DC,FI,1987,54.3,M,emp_ths
A,THS_PER,M,EMP_DC,FI,1988,60.3,M,emp_ths
A,THS_PER,M,EMP_DC,FI,1989,67.1,M,emp_ths
A,THS_PER,M,EMP_DC,FI,1990,72.8,M,emp_ths
A,THS_PER,M,EMP_DC,FI,1991,71.2,M,emp_ths
A,THS_PER,M,EMP_DC,FI,1992,64.1,M,emp_ths
A,THS_PER,M,EMP_DC,FI,1993,61.3,M,emp_ths
A,THS_PER,M,EMP_DC,FI,1994,64.8,M,emp_ths
A,THS_PER,M,EMP_DC,FI,1995,72.3,M,emp_ths
A,THS_PER,M,EMP_DC,FI,1996,75.9,M,emp_ths
A,THS_PER,M,EMP_DC,FI,1997,80.0,M,emp_ths
A,THS_PER,M,EMP_DC,FI,1998,85.2,M,emp_ths
A,THS_PER,M,EMP_DC,FI,1999,90.2,M,emp_ths
A,THS_PER,M,EMP_DC,FI,2000,93.7,M,emp_ths
A,THS_PER,M,EMP_DC,FI,2001,97.9,M,emp_ths
A,THS_PER,M,EMP_DC,FI,2002,100.2,M,emp_ths
A,THS_PER,M,EMP_DC,FI,2003,103.8,M,emp_ths
A,THS_PER,M,EMP_DC,FI,2004,106.6,M,emp_ths
A,THS_PER,M,EMP_DC,FI,2005,109.9,M,emp_ths
A,THS_PER,M,EMP_DC,FI,2006,116.9,M,emp_ths
A,THS_PER,M,EMP_DC,FI,2007,126.4,M,emp_ths
A,THS_PER,M,EMP_DC,FI,2008,135.2,M,emp_ths
A,THS_PER,M,EMP_DC,FI,2009,133.1,M,emp_ths
A,THS_PER,M,EMP_DC,FI,2010,137.0,M,emp_ths
A,THS_PER,M,EMP_DC,FI,2011,140.4,M,emp_ths
A,THS_PER,M,EMP_DC,FI,2012,144.6,M,emp_ths
A,THS_PER,M,EMP_DC,FI,2013,144.9,M,emp_ths
A,THS_PER,M,EMP_DC,FI,2014,146.0,M,emp_ths
A,THS_PER,M,EMP_DC,FI,2015,149.7,M,emp_ths
A,THS_PER,M,EMP_DC,FI,2016,152.4,M,emp_ths
A,THS_PER,M,EMP_DC,FI,2017,154.1,M,emp_ths
A,THS_PER,M,EMP_DC,FI,2018,159.6,M,emp_ths
A,THS_PER,M,EMP_DC,FI,2019,163.2,M,emp_ths
A,THS_PER,M,EMP_DC,FI,2020,165.1,M,emp_ths
A,THS_PER,M,EMP_DC,FI,2021,169.2,M,emp_ths
A,THS_PER,M,EMP_DC,FI,2022,175.6,M,emp_ths
A,THS_PER,M,EMP_DC,FI,2023,175.1,M,emp_ths
A,THS_PER,M,EMP_DC,FI,2024,172.2,M,emp_ths
A,THS_PER,M,EMP_DC,FI,2025,170.2,M,emp_ths
A,THS_PER,M,EMP_DC,EL,1995,147.4,M,emp_ths
A,THS_PER,M,EMP_DC,EL,1996,143.2,M,emp_ths
A,THS_PER,M,EMP_DC,EL,1997,147.7,M,emp_ths
A,THS_PER,M,EMP_DC,EL,1998,172.0,M,emp_ths
A,THS_PER,M,EMP_DC,EL,1999,177.0,M,emp_ths
A,THS_PER,M,EMP_DC,EL,2000,178.7,M,emp_ths
A,THS_PER,M,EMP_DC,EL,2001,193.2,M,emp_ths
A,THS_PER,M,EMP_DC,EL,2002,206.2,M,emp_ths
A,THS_PER,M,EMP_DC,EL,2003,213.5,M,emp_ths
A,THS_PER,M,EMP_DC,EL,2004,236.2,M,emp_ths
A,THS_PER,M,EMP_DC,EL,2005,246.2,M,emp_ths
A,THS_PER,M,EMP_DC,EL,2006,255.8,M,emp_ths
A,THS_PER,M,EMP_DC,EL,2007,255.3,M,emp_ths
A,THS_PER,M,EMP_DC,EL,2008,268.2,M,emp_ths
A,THS_PER,M,EMP_DC,EL,2009,270.5,M,emp_ths
A,THS_PER,M,EMP_DC,EL,2010,263.3,M,emp_ths
A,THS_PER,M,EMP_DC,EL,2011,261.7,M,emp_ths
A,THS_PER,M,EMP_DC,EL,2012,274.7,M,emp_ths
A,THS_PER,M,EMP_DC,EL,2013,283.2,M,emp_ths
A,THS_PER,M,EMP_DC,EL,2014,304.3,M,emp_ths
A,THS_PER,M,EMP_DC,EL,2015,277.1,M,emp_ths
A,THS_PER,M,EMP_DC,EL,2016,272.2,M,emp_ths
A,THS_PER,M,EMP_DC,EL,2017,256.2,M,emp_ths
A,THS_PER,M,EMP_DC,EL,2018,271.0,M,emp_ths
A,THS_PER,M,EMP_DC,EL,2019,272.1,M,emp_ths
A,THS_PER,M,EMP_DC,EL,2020,274.2,M,emp_ths
A,THS_PER,M,EMP_DC,EL,2021,297.8,M,emp_ths
A,THS_PER,M,EMP_DC,EL,2022,305.7,M,emp_ths
A,THS_PER,M,EMP_DC,EL,2023,319.3,M,emp_ths
A,THS_PER,M,EMP_DC,EL,2024,327.0,M,emp_ths
A,THS_PER,M,EMP_DC,UK,1995,1578.28,M,emp_ths
A,THS_PER,M,EMP_DC,UK,1996,1583.67,M,emp_ths
A,THS_PER,M,EMP_DC,UK,1997,1620.83,M,emp_ths
A,THS_PER,M,EMP_DC,UK,1998,1686.18,M,emp_ths
A,THS_PER,M,EMP_DC,UK,1999,1751.72,M,emp_ths
A,THS_PER,M,EMP_DC,UK,2000,1828.75,M,emp_ths
A,THS_PER,M,EMP_DC,UK,2001,1879.16,M,emp_ths
A,THS_PER,M,EMP_DC,UK,2002,1884.29,M,emp_ths
A,THS_PER,M,EMP_DC,UK,2003,1948.8,M,emp_ths
A,THS_PER,M,EMP_DC,UK,2004,1971.52,M,emp_ths
A,THS_PER,M,EMP_DC,UK,2005,2055.13,M,emp_ths
A,THS_PER,M,EMP_DC,UK,2006,2124.46,M,emp_ths
A,THS_PER,M,EMP_DC,UK,2007,2205.14,M,emp_ths
A,THS_PER,M,EMP_DC,UK,2008,2196.14,M,emp_ths
A,THS_PER,M,EMP_DC,UK,2009,2095.55,M,emp_ths
A,THS_PER,M,EMP_DC,UK,2010,2118.82,M,emp_ths
A,THS_PER,M,EMP_DC,UK,2011,2117.83,M,emp_ths
A,THS_PER,M,EMP_DC,UK,2012,2183.79,M,emp_ths
A,THS_PER,M,EMP_DC,UK,2013,2276.69,M,emp_ths
A,THS_PER,M,EMP_DC,UK,2014,2413.46,M,emp_ths
A,THS_PER,M,EMP_DC,UK,2015,2505.49,M,emp_ths
A,THS_PER,M,EMP_DC,UK,2016,2625.85,M,emp_ths
A,THS_PER,M,EMP_DC,UK,2017,2593.02,M,emp_ths
A,THS_PER,M,EMP_DC,UK,2018,2645.79,M,emp_ths
A,THS_PER,M,EMP_DC,UK,2019,2793.26,M,emp_ths
