DATE,SOC2020_FULL,SOC2020_FULL_NAME,OBS_VALUE,OBS_STATUS,soc,name,date,emp
2021-12,49,2121 : Civil engineers,115800,A,2121,Civil engineers,2021-12-01,115800
2021-12,123,2453 : Quantity surveyors,63000,A,2453,Quantity surveyors,2021-12-01,63000
2021-12,125,2455 : Construction project managers and related professionals,107500,A,2455,Construction project managers and related professionals,2021-12-01,107500
2021-12,143,3114 : Building and civil engineering technicians,5500,A,3114,Building and civil engineering technicians,2021-12-01,5500
2021-12,147,"3120 : CAD, drawing and architectural technicians",72900,A,3120,"CAD, drawing and architectural technicians",2021-12-01,72900
2022-03,49,2121 : Civil engineers,111400,A,2121,Civil engineers,2022-03-01,111400
2022-03,123,2453 : Quantity surveyors,65100,A,2453,Quantity surveyors,2022-03-01,65100
2022-03,125,2455 : Construction project managers and related professionals,107600,A,2455,Construction project managers and related professionals,2022-03-01,107600
2022-03,143,3114 : Building and civil engineering technicians,4800,A,3114,Building and civil engineering technicians,2022-03-01,4800
2022-03,147,"3120 : CAD, drawing and architectural technicians",75700,A,3120,"CAD, drawing and architectural technicians",2022-03-01,75700
2022-06,49,2121 : Civil engineers,111900,A,2121,Civil engineers,2022-06-01,111900
2022-06,123,2453 : Quantity surveyors,61100,A,2453,Quantity surveyors,2022-06-01,61100
2022-06,125,2455 : Construction project managers and related professionals,98700,A,2455,Construction project managers and related professionals,2022-06-01,98700
2022-06,143,3114 : Building and civil engineering technicians,5800,A,3114,Building and civil engineering technicians,2022-06-01,5800
2022-06,147,"3120 : CAD, drawing and architectural technicians",74600,A,3120,"CAD, drawing and architectural technicians",2022-06-01,74600
2022-09,49,2121 : Civil engineers,117100,A,2121,Civil engineers,2022-09-01,117100
2022-09,123,2453 : Quantity surveyors,63300,A,2453,Quantity surveyors,2022-09-01,63300
2022-09,125,2455 : Construction project managers and related professionals,92000,A,2455,Construction project managers and related professionals,2022-09-01,92000
2022-09,143,3114 : Building and civil engineering technicians,6900,A,3114,Building and civil engineering technicians,2022-09-01,6900
2022-09,147,"3120 : CAD, drawing and architectural technicians",80300,A,3120,"CAD, drawing and architectural technicians",2022-09-01,80300
2022-12,49,2121 : Civil engineers,116900,A,2121,Civil engineers,2022-12-01,116900
2022-12,123,2453 : Quantity surveyors,59600,A,2453,Quantity surveyors,2022-12-01,59600
2022-12,125,2455 : Construction project managers and related professionals,92700,A,2455,Construction project managers and related professionals,2022-12-01,92700
2022-12,143,3114 : Building and civil engineering technicians,11100,A,3114,Building and civil engineering technicians,2022-12-01,11100
2022-12,147,"3120 : CAD, drawing and architectural technicians",82800,A,3120,"CAD, drawing and architectural technicians",2022-12-01,82800
2023-03,49,2121 : Civil engineers,114100,A,2121,Civil engineers,2023-03-01,114100
2023-03,123,2453 : Quantity surveyors,61800,A,2453,Quantity surveyors,2023-03-01,61800
2023-03,125,2455 : Construction project managers and related professionals,84800,A,2455,Construction project managers and related professionals,2023-03-01,84800
2023-03,143,3114 : Building and civil engineering technicians,12000,A,3114,Building and civil engineering technicians,2023-03-01,12000
2023-03,147,"3120 : CAD, drawing and architectural technicians",75900,A,3120,"CAD, drawing and architectural technicians",2023-03-01,75900
2023-06,49,2121 : Civil engineers,113700,A,2121,Civil engineers,2023-06-01,113700
2023-06,123,2453 : Quantity surveyors,62300,A,2453,Quantity surveyors,2023-06-01,62300
2023-06,125,2455 : Construction project managers and related professionals,83900,A,2455,Construction project managers and related professionals,2023-06-01,83900
2023-06,143,3114 : Building and civil engineering technicians,13000,A,3114,Building and civil engineering technicians,2023-06-01,13000
2023-06,147,"3120 : CAD, drawing and architectural technicians",72100,A,3120,"CAD, drawing and architectural technicians",2023-06-01,72100
2023-09,49,2121 : Civil engineers,106600,A,2121,Civil engineers,2023-09-01,106600
2023-09,123,2453 : Quantity surveyors,65500,A,2453,Quantity surveyors,2023-09-01,65500
2023-09,125,2455 : Construction project managers and related professionals,83100,A,2455,Construction project managers and related professionals,2023-09-01,83100
2023-09,143,3114 : Building and civil engineering technicians,17600,A,3114,Building and civil engineering technicians,2023-09-01,17600
2023-09,147,"3120 : CAD, drawing and architectural technicians",62500,A,3120,"CAD, drawing and architectural technicians",2023-09-01,62500
2023-12,49,2121 : Civil engineers,100400,A,2121,Civil engineers,2023-12-01,100400
2023-12,123,2453 : Quantity surveyors,64200,A,2453,Quantity surveyors,2023-12-01,64200
2023-12,125,2455 : Construction project managers and related professionals,79000,A,2455,Construction project managers and related professionals,2023-12-01,79000
2023-12,143,3114 : Building and civil engineering technicians,17600,A,3114,Building and civil engineering technicians,2023-12-01,17600
2023-12,147,"3120 : CAD, drawing and architectural technicians",54300,A,3120,"CAD, drawing and architectural technicians",2023-12-01,54300
2024-03,49,2121 : Civil engineers,96800,A,2121,Civil engineers,2024-03-01,96800
2024-03,123,2453 : Quantity surveyors,69100,A,2453,Quantity surveyors,2024-03-01,69100
2024-03,125,2455 : Construction project managers and related professionals,87000,A,2455,Construction project managers and related professionals,2024-03-01,87000
2024-03,143,3114 : Building and civil engineering technicians,26200,A,3114,Building and civil engineering technicians,2024-03-01,26200
2024-03,147,"3120 : CAD, drawing and architectural technicians",54000,A,3120,"CAD, drawing and architectural technicians",2024-03-01,54000
2024-06,49,2121 : Civil engineers,99000,A,2121,Civil engineers,2024-06-01,99000
2024-06,123,2453 : Quantity surveyors,54100,A,2453,Quantity surveyors,2024-06-01,54100
2024-06,125,2455 : Construction project managers and related professionals,88700,A,2455,Construction project managers and related professionals,2024-06-01,88700
2024-06,143,3114 : Building and civil engineering technicians,24500,A,3114,Building and civil engineering technicians,2024-06-01,24500
2024-06,147,"3120 : CAD, drawing and architectural technicians",57800,A,3120,"CAD, drawing and architectural technicians",2024-06-01,57800
2024-09,49,2121 : Civil engineers,93900,A,2121,Civil engineers,2024-09-01,93900
2024-09,123,2453 : Quantity surveyors,45000,A,2453,Quantity surveyors,2024-09-01,45000
2024-09,125,2455 : Construction project managers and related professionals,90300,A,2455,Construction project managers and related professionals,2024-09-01,90300
2024-09,143,3114 : Building and civil engineering technicians,22300,A,3114,Building and civil engineering technicians,2024-09-01,22300
2024-09,147,"3120 : CAD, drawing and architectural technicians",59800,A,3120,"CAD, drawing and architectural technicians",2024-09-01,59800
2024-12,49,2121 : Civil engineers,94000,A,2121,Civil engineers,2024-12-01,94000
2024-12,123,2453 : Quantity surveyors,46300,A,2453,Quantity surveyors,2024-12-01,46300
2024-12,125,2455 : Construction project managers and related professionals,98300,A,2455,Construction project managers and related professionals,2024-12-01,98300
2024-12,143,3114 : Building and civil engineering technicians,22300,A,3114,Building and civil engineering technicians,2024-12-01,22300
2024-12,147,"3120 : CAD, drawing and architectural technicians",58200,A,3120,"CAD, drawing and architectural technicians",2024-12-01,58200
2025-03,49,2121 : Civil engineers,94100,A,2121,Civil engineers,2025-03-01,94100
2025-03,123,2453 : Quantity surveyors,47200,A,2453,Quantity surveyors,2025-03-01,47200
2025-03,125,2455 : Construction project managers and related professionals,102100,A,2455,Construction project managers and related professionals,2025-03-01,102100
2025-03,143,3114 : Building and civil engineering technicians,18000,A,3114,Building and civil engineering technicians,2025-03-01,18000
2025-03,147,"3120 : CAD, drawing and architectural technicians",56800,A,3120,"CAD, drawing and architectural technicians",2025-03-01,56800
2025-06,49,2121 : Civil engineers,99400,A,2121,Civil engineers,2025-06-01,99400
2025-06,123,2453 : Quantity surveyors,48600,A,2453,Quantity surveyors,2025-06-01,48600
2025-06,125,2455 : Construction project managers and related professionals,102500,A,2455,Construction project managers and related professionals,2025-06-01,102500
2025-06,143,3114 : Building and civil engineering technicians,17000,A,3114,Building and civil engineering technicians,2025-06-01,17000
2025-06,147,"3120 : CAD, drawing and architectural technicians",54300,A,3120,"CAD, drawing and architectural technicians",2025-06-01,54300
2025-09,49,2121 : Civil engineers,99200,A,2121,Civil engineers,2025-09-01,99200
2025-09,123,2453 : Quantity surveyors,54200,A,2453,Quantity surveyors,2025-09-01,54200
2025-09,125,2455 : Construction project managers and related professionals,112300,A,2455,Construction project managers and related professionals,2025-09-01,112300
2025-09,143,3114 : Building and civil engineering technicians,17300,A,3114,Building and civil engineering technicians,2025-09-01,17300
2025-09,147,"3120 : CAD, drawing and architectural technicians",55500,A,3120,"CAD, drawing and architectural technicians",2025-09-01,55500
