nace,series,freq,unit,nace_r2,na_item,geo,time,value
M71,gva_cp_meur,A,CP_MEUR,M71,B1G,DE,1995,37812.9
M71,gva_cp_meur,A,CP_MEUR,M71,B1G,DE,1996,37071.4
M71,gva_cp_meur,A,CP_MEUR,M71,B1G,DE,1997,34636.7
M71,gva_cp_meur,A,CP_MEUR,M71,B1G,DE,1998,35376.5
M71,gva_cp_meur,A,CP_MEUR,M71,B1G,DE,1999,36339.0
M71,gva_cp_meur,A,CP_MEUR,M71,B1G,DE,2000,36789.0
M71,gva_cp_meur,A,CP_MEUR,M71,B1G,DE,2001,37730.0
M71,gva_cp_meur,A,CP_MEUR,M71,B1G,DE,2002,35869.0
M71,gva_cp_meur,A,CP_MEUR,M71,B1G,DE,2003,35128.0
M71,gva_cp_meur,A,CP_MEUR,M71,B1G,DE,2004,33552.0
M71,gva_cp_meur,A,CP_MEUR,M71,B1G,DE,2005,34618.0
M71,gva_cp_meur,A,CP_MEUR,M71,B1G,DE,2006,36391.0
M71,gva_cp_meur,A,CP_MEUR,M71,B1G,DE,2007,37443.0
M71,gva_cp_meur,A,CP_MEUR,M71,B1G,DE,2008,40364.0
M71,gva_cp_meur,A,CP_MEUR,M71,B1G,DE,2009,39291.0
M71,gva_cp_meur,A,CP_MEUR,M71,B1G,DE,2010,43077.0
M71,gva_cp_meur,A,CP_MEUR,M71,B1G,DE,2011,44818.0
M71,gva_cp_meur,A,CP_MEUR,M71,B1G,DE,2012,44828.0
M71,gva_cp_meur,A,CP_MEUR,M71,B1G,DE,2013,48758.0
M71,gva_cp_meur,A,CP_MEUR,M71,B1G,DE,2014,46843.0
M71,gva_cp_meur,A,CP_MEUR,M71,B1G,DE,2015,51402.0
M71,gva_cp_meur,A,CP_MEUR,M71,B1G,DE,2016,52405.0
M71,gva_cp_meur,A,CP_MEUR,M71,B1G,DE,2017,58336.0
M71,gva_cp_meur,A,CP_MEUR,M71,B1G,DE,2018,60148.0
M71,gva_cp_meur,A,CP_MEUR,M71,B1G,DE,2019,61335.0
M71,gva_cp_meur,A,CP_MEUR,M71,B1G,DE,2020,59981.0
M71,gva_cp_meur,A,CP_MEUR,M71,B1G,DE,2021,64528.0
M71,gva_cp_meur,A,CP_MEUR,M71,B1G,DE,2022,59285.0
M71,gva_cp_meur,A,CP_MEUR,M71,B1G,DE,2023,70369.0
M71,gva_cp_meur,A,CP_MEUR,M71,B1G,FR,1993,10006.5
M71,gva_cp_meur,A,CP_MEUR,M71,B1G,FR,1994,10536.7
M71,gva_cp_meur,A,CP_MEUR,M71,B1G,FR,1995,11278.4
M71,gva_cp_meur,A,CP_MEUR,M71,B1G,FR,1996,11857.7
M71,gva_cp_meur,A,CP_MEUR,M71,B1G,FR,1997,12398.6
M71,gva_cp_meur,A,CP_MEUR,M71,B1G,FR,1998,13576.6
M71,gva_cp_meur,A,CP_MEUR,M71,B1G,FR,1999,14706.9
M71,gva_cp_meur,A,CP_MEUR,M71,B1G,FR,2000,16573.0
M71,gva_cp_meur,A,CP_MEUR,M71,B1G,FR,2001,17667.7
M71,gva_cp_meur,A,CP_MEUR,M71,B1G,FR,2002,18304.6
M71,gva_cp_meur,A,CP_MEUR,M71,B1G,FR,2003,19690.5
M71,gva_cp_meur,A,CP_MEUR,M71,B1G,FR,2004,20175.0
M71,gva_cp_meur,A,CP_MEUR,M71,B1G,FR,2005,22027.4
M71,gva_cp_meur,A,CP_MEUR,M71,B1G,FR,2006,25224.3
M71,gva_cp_meur,A,CP_MEUR,M71,B1G,FR,2007,26976.7
M71,gva_cp_meur,A,CP_MEUR,M71,B1G,FR,2008,29288.3
M71,gva_cp_meur,A,CP_MEUR,M71,B1G,FR,2009,26792.3
M71,gva_cp_meur,A,CP_MEUR,M71,B1G,FR,2010,27032.8
M71,gva_cp_meur,A,CP_MEUR,M71,B1G,FR,2011,28715.8
M71,gva_cp_meur,A,CP_MEUR,M71,B1G,FR,2012,29906.5
M71,gva_cp_meur,A,CP_MEUR,M71,B1G,FR,2013,30496.4
M71,gva_cp_meur,A,CP_MEUR,M71,B1G,FR,2014,30723.3
M71,gva_cp_meur,A,CP_MEUR,M71,B1G,FR,2015,31064.9
M71,gva_cp_meur,A,CP_MEUR,M71,B1G,FR,2016,32403.8
M71,gva_cp_meur,A,CP_MEUR,M71,B1G,FR,2017,34543.8
M71,gva_cp_meur,A,CP_MEUR,M71,B1G,FR,2018,34904.0
M71,gva_cp_meur,A,CP_MEUR,M71,B1G,FR,2019,37297.7
M71,gva_cp_meur,A,CP_MEUR,M71,B1G,FR,2020,34589.0
M71,gva_cp_meur,A,CP_MEUR,M71,B1G,FR,2021,37565.8
M71,gva_cp_meur,A,CP_MEUR,M71,B1G,FR,2022,40219.9
M71,gva_cp_meur,A,CP_MEUR,M71,B1G,FR,2023,42531.1
M71,gva_cp_meur,A,CP_MEUR,M71,B1G,FR,2024,45129.2
M71,gva_cp_meur,A,CP_MEUR,M71,B1G,NL,1995,4094.7
M71,gva_cp_meur,A,CP_MEUR,M71,B1G,NL,1996,4369.9
M71,gva_cp_meur,A,CP_MEUR,M71,B1G,NL,1997,4460.6
M71,gva_cp_meur,A,CP_MEUR,M71,B1G,NL,1998,4758.5
M71,gva_cp_meur,A,CP_MEUR,M71,B1G,NL,1999,5198.0
M71,gva_cp_meur,A,CP_MEUR,M71,B1G,NL,2000,5638.0
M71,gva_cp_meur,A,CP_MEUR,M71,B1G,NL,2001,6208.0
M71,gva_cp_meur,A,CP_MEUR,M71,B1G,NL,2002,6310.0
M71,gva_cp_meur,A,CP_MEUR,M71,B1G,NL,2003,6426.0
M71,gva_cp_meur,A,CP_MEUR,M71,B1G,NL,2004,6612.0
M71,gva_cp_meur,A,CP_MEUR,M71,B1G,NL,2005,7093.0
M71,gva_cp_meur,A,CP_MEUR,M71,B1G,NL,2006,7850.0
M71,gva_cp_meur,A,CP_MEUR,M71,B1G,NL,2007,8562.0
M71,gva_cp_meur,A,CP_MEUR,M71,B1G,NL,2008,9501.0
M71,gva_cp_meur,A,CP_MEUR,M71,B1G,NL,2009,9312.0
M71,gva_cp_meur,A,CP_MEUR,M71,B1G,NL,2010,8995.0
M71,gva_cp_meur,A,CP_MEUR,M71,B1G,NL,2011,8857.0
M71,gva_cp_meur,A,CP_MEUR,M71,B1G,NL,2012,8354.0
M71,gva_cp_meur,A,CP_MEUR,M71,B1G,NL,2013,8286.0
M71,gva_cp_meur,A,CP_MEUR,M71,B1G,NL,2014,8411.0
M71,gva_cp_meur,A,CP_MEUR,M71,B1G,NL,2015,8683.0
M71,gva_cp_meur,A,CP_MEUR,M71,B1G,NL,2016,8943.0
M71,gva_cp_meur,A,CP_MEUR,M71,B1G,NL,2017,9525.0
M71,gva_cp_meur,A,CP_MEUR,M71,B1G,NL,2018,10159.0
M71,gva_cp_meur,A,CP_MEUR,M71,B1G,NL,2019,10564.0
M71,gva_cp_meur,A,CP_MEUR,M71,B1G,NL,2020,11319.0
M71,gva_cp_meur,A,CP_MEUR,M71,B1G,NL,2021,12105.0
M71,gva_cp_meur,A,CP_MEUR,M71,B1G,NL,2022,12413.0
M71,gva_cp_meur,A,CP_MEUR,M71,B1G,NL,2023,13647.0
M71,gva_cp_meur,A,CP_MEUR,M71,B1G,NL,2024,14984.0
M71,gva_cp_meur,A,CP_MEUR,M71,B1G,NL,2025,15965.0
M71,gva_cp_meur,A,CP_MEUR,M71,B1G,PL,1995,408.5
M71,gva_cp_meur,A,CP_MEUR,M71,B1G,PL,1996,421.1
M71,gva_cp_meur,A,CP_MEUR,M71,B1G,PL,1997,623.9
M71,gva_cp_meur,A,CP_MEUR,M71,B1G,PL,1998,911.3
M71,gva_cp_meur,A,CP_MEUR,M71,B1G,PL,1999,976.3
M71,gva_cp_meur,A,CP_MEUR,M71,B1G,PL,2000,1737.2
M71,gva_cp_meur,A,CP_MEUR,M71,B1G,PL,2001,1951.2
M71,gva_cp_meur,A,CP_MEUR,M71,B1G,PL,2002,1882.6
M71,gva_cp_meur,A,CP_MEUR,M71,B1G,PL,2003,1734.9
M71,gva_cp_meur,A,CP_MEUR,M71,B1G,PL,2004,1679.8
M71,gva_cp_meur,A,CP_MEUR,M71,B1G,PL,2005,2116.6
M71,gva_cp_meur,A,CP_MEUR,M71,B1G,PL,2006,2499.3
M71,gva_cp_meur,A,CP_MEUR,M71,B1G,PL,2007,2929.7
M71,gva_cp_meur,A,CP_MEUR,M71,B1G,PL,2008,3360.7
M71,gva_cp_meur,A,CP_MEUR,M71,B1G,PL,2009,3207.3
M71,gva_cp_meur,A,CP_MEUR,M71,B1G,PL,2010,3471.6
M71,gva_cp_meur,A,CP_MEUR,M71,B1G,PL,2011,3450.5
M71,gva_cp_meur,A,CP_MEUR,M71,B1G,PL,2012,3658.6
M71,gva_cp_meur,A,CP_MEUR,M71,B1G,PL,2013,3685.3
M71,gva_cp_meur,A,CP_MEUR,M71,B1G,PL,2014,4024.8
M71,gva_cp_meur,A,CP_MEUR,M71,B1G,PL,2015,4521.2
M71,gva_cp_meur,A,CP_MEUR,M71,B1G,PL,2016,3924.2
M71,gva_cp_meur,A,CP_MEUR,M71,B1G,PL,2017,4074.2
M71,gva_cp_meur,A,CP_MEUR,M71,B1G,PL,2018,4743.2
M71,gva_cp_meur,A,CP_MEUR,M71,B1G,PL,2019,5281.6
M71,gva_cp_meur,A,CP_MEUR,M71,B1G,PL,2020,5498.1
M71,gva_cp_meur,A,CP_MEUR,M71,B1G,PL,2021,5026.7
M71,gva_cp_meur,A,CP_MEUR,M71,B1G,PL,2022,5234.8
M71,gva_cp_meur,A,CP_MEUR,M71,B1G,PL,2023,6806.0
M71,gva_cp_meur,A,CP_MEUR,M71,B1G,RO,1995,137.9
M71,gva_cp_meur,A,CP_MEUR,M71,B1G,RO,1996,168.0
M71,gva_cp_meur,A,CP_MEUR,M71,B1G,RO,1997,206.3
M71,gva_cp_meur,A,CP_MEUR,M71,B1G,RO,1998,268.3
M71,gva_cp_meur,A,CP_MEUR,M71,B1G,RO,1999,241.6
M71,gva_cp_meur,A,CP_MEUR,M71,B1G,RO,2000,261.4
M71,gva_cp_meur,A,CP_MEUR,M71,B1G,RO,2001,226.5
M71,gva_cp_meur,A,CP_MEUR,M71,B1G,RO,2002,250.4
M71,gva_cp_meur,A,CP_MEUR,M71,B1G,RO,2003,272.8
M71,gva_cp_meur,A,CP_MEUR,M71,B1G,RO,2004,347.5
M71,gva_cp_meur,A,CP_MEUR,M71,B1G,RO,2005,434.8
M71,gva_cp_meur,A,CP_MEUR,M71,B1G,RO,2006,707.1
M71,gva_cp_meur,A,CP_MEUR,M71,B1G,RO,2007,831.6
M71,gva_cp_meur,A,CP_MEUR,M71,B1G,RO,2008,1090.6
M71,gva_cp_meur,A,CP_MEUR,M71,B1G,RO,2009,1159.8
M71,gva_cp_meur,A,CP_MEUR,M71,B1G,RO,2010,1310.7
M71,gva_cp_meur,A,CP_MEUR,M71,B1G,RO,2011,1470.9
M71,gva_cp_meur,A,CP_MEUR,M71,B1G,RO,2012,1305.1
M71,gva_cp_meur,A,CP_MEUR,M71,B1G,RO,2013,1613.1
M71,gva_cp_meur,A,CP_MEUR,M71,B1G,RO,2014,1670.9
M71,gva_cp_meur,A,CP_MEUR,M71,B1G,RO,2015,1718.0
M71,gva_cp_meur,A,CP_MEUR,M71,B1G,RO,2016,1610.9
M71,gva_cp_meur,A,CP_MEUR,M71,B1G,RO,2017,1985.9
M71,gva_cp_meur,A,CP_MEUR,M71,B1G,RO,2018,2163.3
M71,gva_cp_meur,A,CP_MEUR,M71,B1G,RO,2019,2578.2
M71,gva_cp_meur,A,CP_MEUR,M71,B1G,RO,2020,2479.7
M71,gva_cp_meur,A,CP_MEUR,M71,B1G,RO,2021,2652.4
M71,gva_cp_meur,A,CP_MEUR,M71,B1G,RO,2022,3476.3
M71,gva_cp_meur,A,CP_MEUR,M71,B1G,RO,2023,4214.6
M71,gva_cp_meur,A,CP_MEUR,M71,B1G,RO,2024,5066.1
M71,gva_cp_meur,A,CP_MEUR,M71,B1G,IT,1995,9469.7
M71,gva_cp_meur,A,CP_MEUR,M71,B1G,IT,1996,11333.9
M71,gva_cp_meur,A,CP_MEUR,M71,B1G,IT,1997,12994.2
M71,gva_cp_meur,A,CP_MEUR,M71,B1G,IT,1998,12738.7
M71,gva_cp_meur,A,CP_MEUR,M71,B1G,IT,1999,13566.8
M71,gva_cp_meur,A,CP_MEUR,M71,B1G,IT,2000,14824.6
M71,gva_cp_meur,A,CP_MEUR,M71,B1G,IT,2001,14621.7
M71,gva_cp_meur,A,CP_MEUR,M71,B1G,IT,2002,15658.9
M71,gva_cp_meur,A,CP_MEUR,M71,B1G,IT,2003,16735.9
M71,gva_cp_meur,A,CP_MEUR,M71,B1G,IT,2004,17484.4
M71,gva_cp_meur,A,CP_MEUR,M71,B1G,IT,2005,17666.5
M71,gva_cp_meur,A,CP_MEUR,M71,B1G,IT,2006,17942.8
M71,gva_cp_meur,A,CP_MEUR,M71,B1G,IT,2007,18469.8
M71,gva_cp_meur,A,CP_MEUR,M71,B1G,IT,2008,18582.6
M71,gva_cp_meur,A,CP_MEUR,M71,B1G,IT,2009,18313.6
M71,gva_cp_meur,A,CP_MEUR,M71,B1G,IT,2010,18563.0
M71,gva_cp_meur,A,CP_MEUR,M71,B1G,IT,2011,18757.4
M71,gva_cp_meur,A,CP_MEUR,M71,B1G,IT,2012,17619.9
M71,gva_cp_meur,A,CP_MEUR,M71,B1G,IT,2013,17587.9
M71,gva_cp_meur,A,CP_MEUR,M71,B1G,IT,2014,17159.7
M71,gva_cp_meur,A,CP_MEUR,M71,B1G,IT,2015,17772.5
M71,gva_cp_meur,A,CP_MEUR,M71,B1G,IT,2016,17464.2
M71,gva_cp_meur,A,CP_MEUR,M71,B1G,IT,2017,18017.1
M71,gva_cp_meur,A,CP_MEUR,M71,B1G,IT,2018,17812.8
M71,gva_cp_meur,A,CP_MEUR,M71,B1G,IT,2019,17533.8
M71,gva_cp_meur,A,CP_MEUR,M71,B1G,IT,2020,17101.1
M71,gva_cp_meur,A,CP_MEUR,M71,B1G,IT,2021,20087.0
M71,gva_cp_meur,A,CP_MEUR,M71,B1G,IT,2022,23515.0
M71,gva_cp_meur,A,CP_MEUR,M71,B1G,IT,2023,27170.4
M71,gva_cp_meur,A,CP_MEUR,M71,B1G,ES,1995,2477.4
M71,gva_cp_meur,A,CP_MEUR,M71,B1G,ES,1996,2674.6
M71,gva_cp_meur,A,CP_MEUR,M71,B1G,ES,1997,2787.4
M71,gva_cp_meur,A,CP_MEUR,M71,B1G,ES,1998,3099.1
M71,gva_cp_meur,A,CP_MEUR,M71,B1G,ES,1999,3538.0
M71,gva_cp_meur,A,CP_MEUR,M71,B1G,ES,2000,3996.0
M71,gva_cp_meur,A,CP_MEUR,M71,B1G,ES,2001,5258.0
M71,gva_cp_meur,A,CP_MEUR,M71,B1G,ES,2002,5565.0
M71,gva_cp_meur,A,CP_MEUR,M71,B1G,ES,2003,6539.0
M71,gva_cp_meur,A,CP_MEUR,M71,B1G,ES,2004,6915.0
M71,gva_cp_meur,A,CP_MEUR,M71,B1G,ES,2005,7580.0
M71,gva_cp_meur,A,CP_MEUR,M71,B1G,ES,2006,8913.0
M71,gva_cp_meur,A,CP_MEUR,M71,B1G,ES,2007,10675.0
M71,gva_cp_meur,A,CP_MEUR,M71,B1G,ES,2008,12769.0
M71,gva_cp_meur,A,CP_MEUR,M71,B1G,ES,2009,12894.0
M71,gva_cp_meur,A,CP_MEUR,M71,B1G,ES,2010,11095.0
M71,gva_cp_meur,A,CP_MEUR,M71,B1G,ES,2011,10839.0
M71,gva_cp_meur,A,CP_MEUR,M71,B1G,ES,2012,9641.0
M71,gva_cp_meur,A,CP_MEUR,M71,B1G,ES,2013,10136.0
M71,gva_cp_meur,A,CP_MEUR,M71,B1G,ES,2014,10734.0
M71,gva_cp_meur,A,CP_MEUR,M71,B1G,ES,2015,10840.0
M71,gva_cp_meur,A,CP_MEUR,M71,B1G,ES,2016,10648.0
M71,gva_cp_meur,A,CP_MEUR,M71,B1G,ES,2017,11409.0
M71,gva_cp_meur,A,CP_MEUR,M71,B1G,ES,2018,11943.0
M71,gva_cp_meur,A,CP_MEUR,M71,B1G,ES,2019,11452.0
M71,gva_cp_meur,A,CP_MEUR,M71,B1G,ES,2020,10376.0
M71,gva_cp_meur,A,CP_MEUR,M71,B1G,ES,2021,13021.0
M71,gva_cp_meur,A,CP_MEUR,M71,B1G,ES,2022,14556.0
M71,gva_cp_meur,A,CP_MEUR,M71,B1G,ES,2023,16844.0
M71,gva_cp_meur,A,CP_MEUR,M71,B1G,IE,1995,267.6
M71,gva_cp_meur,A,CP_MEUR,M71,B1G,IE,1996,313.4
M71,gva_cp_meur,A,CP_MEUR,M71,B1G,IE,1997,418.6
M71,gva_cp_meur,A,CP_MEUR,M71,B1G,IE,1998,539.3
M71,gva_cp_meur,A,CP_MEUR,M71,B1G,IE,1999,622.7
M71,gva_cp_meur,A,CP_MEUR,M71,B1G,IE,2000,853.6
M71,gva_cp_meur,A,CP_MEUR,M71,B1G,IE,2001,953.2
M71,gva_cp_meur,A,CP_MEUR,M71,B1G,IE,2002,1079.8
M71,gva_cp_meur,A,CP_MEUR,M71,B1G,IE,2003,1340.6
M71,gva_cp_meur,A,CP_MEUR,M71,B1G,IE,2004,1600.7
M71,gva_cp_meur,A,CP_MEUR,M71,B1G,IE,2005,1883.5
M71,gva_cp_meur,A,CP_MEUR,M71,B1G,IE,2006,2058.2
M71,gva_cp_meur,A,CP_MEUR,M71,B1G,IE,2007,2181.4
M71,gva_cp_meur,A,CP_MEUR,M71,B1G,IE,2008,2067.7
M71,gva_cp_meur,A,CP_MEUR,M71,B1G,IE,2009,1556.7
M71,gva_cp_meur,A,CP_MEUR,M71,B1G,IE,2010,1557.6
M71,gva_cp_meur,A,CP_MEUR,M71,B1G,IE,2011,1291.2
M71,gva_cp_meur,A,CP_MEUR,M71,B1G,IE,2012,1069.6
M71,gva_cp_meur,A,CP_MEUR,M71,B1G,IE,2013,1377.3
M71,gva_cp_meur,A,CP_MEUR,M71,B1G,IE,2014,1626.8
M71,gva_cp_meur,A,CP_MEUR,M71,B1G,IE,2015,1799.5
M71,gva_cp_meur,A,CP_MEUR,M71,B1G,IE,2016,1886.7
M71,gva_cp_meur,A,CP_MEUR,M71,B1G,IE,2017,2158.2
M71,gva_cp_meur,A,CP_MEUR,M71,B1G,IE,2018,2638.0
M71,gva_cp_meur,A,CP_MEUR,M71,B1G,IE,2019,2856.0
M71,gva_cp_meur,A,CP_MEUR,M71,B1G,IE,2020,3124.1
M71,gva_cp_meur,A,CP_MEUR,M71,B1G,IE,2021,3776.1
M71,gva_cp_meur,A,CP_MEUR,M71,B1G,IE,2022,4212.2
M71,gva_cp_meur,A,CP_MEUR,M71,B1G,IE,2023,4855.4
M71,gva_cp_meur,A,CP_MEUR,M71,B1G,IE,2024,5305.9
M71,gva_cp_meur,A,CP_MEUR,M71,B1G,BE,1995,1907.1
M71,gva_cp_meur,A,CP_MEUR,M71,B1G,BE,1996,1933.4
M71,gva_cp_meur,A,CP_MEUR,M71,B1G,BE,1997,1953.3
M71,gva_cp_meur,A,CP_MEUR,M71,B1G,BE,1998,2111.7
M71,gva_cp_meur,A,CP_MEUR,M71,B1G,BE,1999,2247.3
M71,gva_cp_meur,A,CP_MEUR,M71,B1G,BE,2000,2296.4
M71,gva_cp_meur,A,CP_MEUR,M71,B1G,BE,2001,2429.7
M71,gva_cp_meur,A,CP_MEUR,M71,B1G,BE,2002,2264.1
M71,gva_cp_meur,A,CP_MEUR,M71,B1G,BE,2003,2309.2
M71,gva_cp_meur,A,CP_MEUR,M71,B1G,BE,2004,2432.4
M71,gva_cp_meur,A,CP_MEUR,M71,B1G,BE,2005,2684.2
M71,gva_cp_meur,A,CP_MEUR,M71,B1G,BE,2006,2947.1
M71,gva_cp_meur,A,CP_MEUR,M71,B1G,BE,2007,3416.4
M71,gva_cp_meur,A,CP_MEUR,M71,B1G,BE,2008,3631.8
M71,gva_cp_meur,A,CP_MEUR,M71,B1G,BE,2009,3291.3
M71,gva_cp_meur,A,CP_MEUR,M71,B1G,BE,2010,3345.7
M71,gva_cp_meur,A,CP_MEUR,M71,B1G,BE,2011,3551.8
M71,gva_cp_meur,A,CP_MEUR,M71,B1G,BE,2012,3559.7
M71,gva_cp_meur,A,CP_MEUR,M71,B1G,BE,2013,3704.8
M71,gva_cp_meur,A,CP_MEUR,M71,B1G,BE,2014,3763.7
M71,gva_cp_meur,A,CP_MEUR,M71,B1G,BE,2015,3931.8
M71,gva_cp_meur,A,CP_MEUR,M71,B1G,BE,2016,4060.4
M71,gva_cp_meur,A,CP_MEUR,M71,B1G,BE,2017,4384.0
M71,gva_cp_meur,A,CP_MEUR,M71,B1G,BE,2018,4651.8
M71,gva_cp_meur,A,CP_MEUR,M71,B1G,BE,2019,5012.1
M71,gva_cp_meur,A,CP_MEUR,M71,B1G,BE,2020,5147.3
M71,gva_cp_meur,A,CP_MEUR,M71,B1G,BE,2021,5771.7
M71,gva_cp_meur,A,CP_MEUR,M71,B1G,BE,2022,6353.9
M71,gva_cp_meur,A,CP_MEUR,M71,B1G,BE,2023,7055.0
M71,gva_cp_meur,A,CP_MEUR,M71,B1G,AT,1995,1905.7
M71,gva_cp_meur,A,CP_MEUR,M71,B1G,AT,1996,1931.7
M71,gva_cp_meur,A,CP_MEUR,M71,B1G,AT,1997,2011.4
M71,gva_cp_meur,A,CP_MEUR,M71,B1G,AT,1998,2021.6
M71,gva_cp_meur,A,CP_MEUR,M71,B1G,AT,1999,2261.5
M71,gva_cp_meur,A,CP_MEUR,M71,B1G,AT,2000,2157.6
M71,gva_cp_meur,A,CP_MEUR,M71,B1G,AT,2001,2477.0
M71,gva_cp_meur,A,CP_MEUR,M71,B1G,AT,2002,2654.8
M71,gva_cp_meur,A,CP_MEUR,M71,B1G,AT,2003,2746.0
M71,gva_cp_meur,A,CP_MEUR,M71,B1G,AT,2004,2619.3
M71,gva_cp_meur,A,CP_MEUR,M71,B1G,AT,2005,2851.3
M71,gva_cp_meur,A,CP_MEUR,M71,B1G,AT,2006,3202.3
M71,gva_cp_meur,A,CP_MEUR,M71,B1G,AT,2007,3544.1
M71,gva_cp_meur,A,CP_MEUR,M71,B1G,AT,2008,3812.4
M71,gva_cp_meur,A,CP_MEUR,M71,B1G,AT,2009,3520.9
M71,gva_cp_meur,A,CP_MEUR,M71,B1G,AT,2010,3553.4
M71,gva_cp_meur,A,CP_MEUR,M71,B1G,AT,2011,3553.3
M71,gva_cp_meur,A,CP_MEUR,M71,B1G,AT,2012,3763.2
M71,gva_cp_meur,A,CP_MEUR,M71,B1G,AT,2013,4079.2
M71,gva_cp_meur,A,CP_MEUR,M71,B1G,AT,2014,4173.2
M71,gva_cp_meur,A,CP_MEUR,M71,B1G,AT,2015,4332.6
M71,gva_cp_meur,A,CP_MEUR,M71,B1G,AT,2016,4395.6
M71,gva_cp_meur,A,CP_MEUR,M71,B1G,AT,2017,4495.3
M71,gva_cp_meur,A,CP_MEUR,M71,B1G,AT,2018,4851.1
M71,gva_cp_meur,A,CP_MEUR,M71,B1G,AT,2019,5273.8
M71,gva_cp_meur,A,CP_MEUR,M71,B1G,AT,2020,5343.2
M71,gva_cp_meur,A,CP_MEUR,M71,B1G,AT,2021,5444.8
M71,gva_cp_meur,A,CP_MEUR,M71,B1G,AT,2022,6062.7
M71,gva_cp_meur,A,CP_MEUR,M71,B1G,AT,2023,6124.9
M71,gva_cp_meur,A,CP_MEUR,M71,B1G,AT,2024,6384.0
M71,gva_cp_meur,A,CP_MEUR,M71,B1G,DK,1975,249.5
M71,gva_cp_meur,A,CP_MEUR,M71,B1G,DK,1976,287.8
M71,gva_cp_meur,A,CP_MEUR,M71,B1G,DK,1977,328.2
M71,gva_cp_meur,A,CP_MEUR,M71,B1G,DK,1978,375.8
M71,gva_cp_meur,A,CP_MEUR,M71,B1G,DK,1979,446.6
M71,gva_cp_meur,A,CP_MEUR,M71,B1G,DK,1980,467.4
M71,gva_cp_meur,A,CP_MEUR,M71,B1G,DK,1981,551.3
M71,gva_cp_meur,A,CP_MEUR,M71,B1G,DK,1982,643.4
M71,gva_cp_meur,A,CP_MEUR,M71,B1G,DK,1983,752.2
M71,gva_cp_meur,A,CP_MEUR,M71,B1G,DK,1984,819.5
M71,gva_cp_meur,A,CP_MEUR,M71,B1G,DK,1985,930.2
M71,gva_cp_meur,A,CP_MEUR,M71,B1G,DK,1986,1128.6
M71,gva_cp_meur,A,CP_MEUR,M71,B1G,DK,1987,1223.6
M71,gva_cp_meur,A,CP_MEUR,M71,B1G,DK,1988,1313.2
M71,gva_cp_meur,A,CP_MEUR,M71,B1G,DK,1989,1477.8
M71,gva_cp_meur,A,CP_MEUR,M71,B1G,DK,1990,1656.1
M71,gva_cp_meur,A,CP_MEUR,M71,B1G,DK,1991,1700.6
M71,gva_cp_meur,A,CP_MEUR,M71,B1G,DK,1992,1719.4
M71,gva_cp_meur,A,CP_MEUR,M71,B1G,DK,1993,1941.8
M71,gva_cp_meur,A,CP_MEUR,M71,B1G,DK,1994,2033.7
M71,gva_cp_meur,A,CP_MEUR,M71,B1G,DK,1995,1892.4
M71,gva_cp_meur,A,CP_MEUR,M71,B1G,DK,1996,2103.6
M71,gva_cp_meur,A,CP_MEUR,M71,B1G,DK,1997,2602.4
M71,gva_cp_meur,A,CP_MEUR,M71,B1G,DK,1998,2285.8
M71,gva_cp_meur,A,CP_MEUR,M71,B1G,DK,1999,2539.0
M71,gva_cp_meur,A,CP_MEUR,M71,B1G,DK,2000,2559.5
M71,gva_cp_meur,A,CP_MEUR,M71,B1G,DK,2001,2875.4
M71,gva_cp_meur,A,CP_MEUR,M71,B1G,DK,2002,2827.6
M71,gva_cp_meur,A,CP_MEUR,M71,B1G,DK,2003,2701.1
M71,gva_cp_meur,A,CP_MEUR,M71,B1G,DK,2004,2827.9
M71,gva_cp_meur,A,CP_MEUR,M71,B1G,DK,2005,2983.7
M71,gva_cp_meur,A,CP_MEUR,M71,B1G,DK,2006,3357.0
M71,gva_cp_meur,A,CP_MEUR,M71,B1G,DK,2007,3490.2
M71,gva_cp_meur,A,CP_MEUR,M71,B1G,DK,2008,3679.3
M71,gva_cp_meur,A,CP_MEUR,M71,B1G,DK,2009,3590.0
M71,gva_cp_meur,A,CP_MEUR,M71,B1G,DK,2010,3405.3
M71,gva_cp_meur,A,CP_MEUR,M71,B1G,DK,2011,3335.0
M71,gva_cp_meur,A,CP_MEUR,M71,B1G,DK,2012,3304.6
M71,gva_cp_meur,A,CP_MEUR,M71,B1G,DK,2013,3560.1
M71,gva_cp_meur,A,CP_MEUR,M71,B1G,DK,2014,3772.6
M71,gva_cp_meur,A,CP_MEUR,M71,B1G,DK,2015,4103.7
M71,gva_cp_meur,A,CP_MEUR,M71,B1G,DK,2016,4340.3
M71,gva_cp_meur,A,CP_MEUR,M71,B1G,DK,2017,4481.1
M71,gva_cp_meur,A,CP_MEUR,M71,B1G,DK,2018,4720.2
M71,gva_cp_meur,A,CP_MEUR,M71,B1G,DK,2019,4852.5
M71,gva_cp_meur,A,CP_MEUR,M71,B1G,DK,2020,4844.6
M71,gva_cp_meur,A,CP_MEUR,M71,B1G,DK,2021,5561.3
M71,gva_cp_meur,A,CP_MEUR,M71,B1G,DK,2022,5904.5
M71,gva_cp_meur,A,CP_MEUR,M71,B1G,DK,2023,6512.2
M71,gva_cp_meur,A,CP_MEUR,M71,B1G,DK,2024,7212.3
M71,gva_cp_meur,A,CP_MEUR,M71,B1G,DK,2025,7547.0
M71,gva_cp_meur,A,CP_MEUR,M71,B1G,PT,1995,587.7
M71,gva_cp_meur,A,CP_MEUR,M71,B1G,PT,1996,629.2
M71,gva_cp_meur,A,CP_MEUR,M71,B1G,PT,1997,673.3
M71,gva_cp_meur,A,CP_MEUR,M71,B1G,PT,1998,747.2
M71,gva_cp_meur,A,CP_MEUR,M71,B1G,PT,1999,867.4
M71,gva_cp_meur,A,CP_MEUR,M71,B1G,PT,2000,938.0
M71,gva_cp_meur,A,CP_MEUR,M71,B1G,PT,2001,982.0
M71,gva_cp_meur,A,CP_MEUR,M71,B1G,PT,2002,998.1
M71,gva_cp_meur,A,CP_MEUR,M71,B1G,PT,2003,1059.2
M71,gva_cp_meur,A,CP_MEUR,M71,B1G,PT,2004,1101.7
M71,gva_cp_meur,A,CP_MEUR,M71,B1G,PT,2005,1178.5
M71,gva_cp_meur,A,CP_MEUR,M71,B1G,PT,2006,1162.0
M71,gva_cp_meur,A,CP_MEUR,M71,B1G,PT,2007,1299.4
M71,gva_cp_meur,A,CP_MEUR,M71,B1G,PT,2008,1428.1
M71,gva_cp_meur,A,CP_MEUR,M71,B1G,PT,2009,1413.4
M71,gva_cp_meur,A,CP_MEUR,M71,B1G,PT,2010,1385.1
M71,gva_cp_meur,A,CP_MEUR,M71,B1G,PT,2011,1303.4
M71,gva_cp_meur,A,CP_MEUR,M71,B1G,PT,2012,1127.1
M71,gva_cp_meur,A,CP_MEUR,M71,B1G,PT,2013,1101.0
M71,gva_cp_meur,A,CP_MEUR,M71,B1G,PT,2014,1140.1
M71,gva_cp_meur,A,CP_MEUR,M71,B1G,PT,2015,1161.5
M71,gva_cp_meur,A,CP_MEUR,M71,B1G,PT,2016,1182.2
M71,gva_cp_meur,A,CP_MEUR,M71,B1G,PT,2017,1302.8
M71,gva_cp_meur,A,CP_MEUR,M71,B1G,PT,2018,1458.4
M71,gva_cp_meur,A,CP_MEUR,M71,B1G,PT,2019,1596.7
M71,gva_cp_meur,A,CP_MEUR,M71,B1G,PT,2020,1570.3
M71,gva_cp_meur,A,CP_MEUR,M71,B1G,PT,2021,1831.7
M71,gva_cp_meur,A,CP_MEUR,M71,B1G,PT,2022,2167.8
M71,gva_cp_meur,A,CP_MEUR,M71,B1G,PT,2023,2604.6
M71,gva_cp_meur,A,CP_MEUR,M71,B1G,CZ,1995,660.5
M71,gva_cp_meur,A,CP_MEUR,M71,B1G,CZ,1996,749.6
M71,gva_cp_meur,A,CP_MEUR,M71,B1G,CZ,1997,635.1
M71,gva_cp_meur,A,CP_MEUR,M71,B1G,CZ,1998,704.0
M71,gva_cp_meur,A,CP_MEUR,M71,B1G,CZ,1999,673.6
M71,gva_cp_meur,A,CP_MEUR,M71,B1G,CZ,2000,734.2
M71,gva_cp_meur,A,CP_MEUR,M71,B1G,CZ,2001,873.0
M71,gva_cp_meur,A,CP_MEUR,M71,B1G,CZ,2002,1034.5
M71,gva_cp_meur,A,CP_MEUR,M71,B1G,CZ,2003,1070.9
M71,gva_cp_meur,A,CP_MEUR,M71,B1G,CZ,2004,1233.0
M71,gva_cp_meur,A,CP_MEUR,M71,B1G,CZ,2005,1440.6
M71,gva_cp_meur,A,CP_MEUR,M71,B1G,CZ,2006,1527.8
M71,gva_cp_meur,A,CP_MEUR,M71,B1G,CZ,2007,1896.9
M71,gva_cp_meur,A,CP_MEUR,M71,B1G,CZ,2008,2255.4
M71,gva_cp_meur,A,CP_MEUR,M71,B1G,CZ,2009,2110.8
M71,gva_cp_meur,A,CP_MEUR,M71,B1G,CZ,2010,2183.2
M71,gva_cp_meur,A,CP_MEUR,M71,B1G,CZ,2011,2084.3
M71,gva_cp_meur,A,CP_MEUR,M71,B1G,CZ,2012,2099.4
M71,gva_cp_meur,A,CP_MEUR,M71,B1G,CZ,2013,1981.3
M71,gva_cp_meur,A,CP_MEUR,M71,B1G,CZ,2014,1864.6
M71,gva_cp_meur,A,CP_MEUR,M71,B1G,CZ,2015,1932.3
M71,gva_cp_meur,A,CP_MEUR,M71,B1G,CZ,2016,2125.1
M71,gva_cp_meur,A,CP_MEUR,M71,B1G,CZ,2017,2341.9
M71,gva_cp_meur,A,CP_MEUR,M71,B1G,CZ,2018,2686.6
M71,gva_cp_meur,A,CP_MEUR,M71,B1G,CZ,2019,2841.6
M71,gva_cp_meur,A,CP_MEUR,M71,B1G,CZ,2020,2758.3
M71,gva_cp_meur,A,CP_MEUR,M71,B1G,CZ,2021,3096.7
M71,gva_cp_meur,A,CP_MEUR,M71,B1G,CZ,2022,3662.2
M71,gva_cp_meur,A,CP_MEUR,M71,B1G,CZ,2023,4180.5
M71,gva_cp_meur,A,CP_MEUR,M71,B1G,CZ,2024,4404.0
M71,gva_cp_meur,A,CP_MEUR,M71,B1G,CZ,2025,4704.0
M71,gva_cp_meur,A,CP_MEUR,M71,B1G,HU,1995,300.8
M71,gva_cp_meur,A,CP_MEUR,M71,B1G,HU,1996,339.9
M71,gva_cp_meur,A,CP_MEUR,M71,B1G,HU,1997,373.8
M71,gva_cp_meur,A,CP_MEUR,M71,B1G,HU,1998,419.8
M71,gva_cp_meur,A,CP_MEUR,M71,B1G,HU,1999,424.4
M71,gva_cp_meur,A,CP_MEUR,M71,B1G,HU,2000,467.0
M71,gva_cp_meur,A,CP_MEUR,M71,B1G,HU,2001,594.2
M71,gva_cp_meur,A,CP_MEUR,M71,B1G,HU,2002,741.2
M71,gva_cp_meur,A,CP_MEUR,M71,B1G,HU,2003,757.3
M71,gva_cp_meur,A,CP_MEUR,M71,B1G,HU,2004,853.3
M71,gva_cp_meur,A,CP_MEUR,M71,B1G,HU,2005,895.2
M71,gva_cp_meur,A,CP_MEUR,M71,B1G,HU,2006,891.9
M71,gva_cp_meur,A,CP_MEUR,M71,B1G,HU,2007,969.7
M71,gva_cp_meur,A,CP_MEUR,M71,B1G,HU,2008,1110.1
M71,gva_cp_meur,A,CP_MEUR,M71,B1G,HU,2009,1015.2
M71,gva_cp_meur,A,CP_MEUR,M71,B1G,HU,2010,1043.3
M71,gva_cp_meur,A,CP_MEUR,M71,B1G,HU,2011,959.9
M71,gva_cp_meur,A,CP_MEUR,M71,B1G,HU,2012,932.2
M71,gva_cp_meur,A,CP_MEUR,M71,B1G,HU,2013,955.4
M71,gva_cp_meur,A,CP_MEUR,M71,B1G,HU,2014,993.7
M71,gva_cp_meur,A,CP_MEUR,M71,B1G,HU,2015,1081.0
M71,gva_cp_meur,A,CP_MEUR,M71,B1G,HU,2016,1119.2
M71,gva_cp_meur,A,CP_MEUR,M71,B1G,HU,2017,1278.9
M71,gva_cp_meur,A,CP_MEUR,M71,B1G,HU,2018,1460.2
M71,gva_cp_meur,A,CP_MEUR,M71,B1G,HU,2019,1625.6
M71,gva_cp_meur,A,CP_MEUR,M71,B1G,HU,2020,1637.1
M71,gva_cp_meur,A,CP_MEUR,M71,B1G,HU,2021,1806.7
M71,gva_cp_meur,A,CP_MEUR,M71,B1G,HU,2022,1901.3
M71,gva_cp_meur,A,CP_MEUR,M71,B1G,HU,2023,2250.8
M71,gva_cp_meur,A,CP_MEUR,M71,B1G,HU,2024,2360.1
M71,gva_cp_meur,A,CP_MEUR,M71,B1G,FI,1980,278.2
M71,gva_cp_meur,A,CP_MEUR,M71,B1G,FI,1981,343.6
M71,gva_cp_meur,A,CP_MEUR,M71,B1G,FI,1982,402.9
M71,gva_cp_meur,A,CP_MEUR,M71,B1G,FI,1983,426.6
M71,gva_cp_meur,A,CP_MEUR,M71,B1G,FI,1984,500.9
M71,gva_cp_meur,A,CP_MEUR,M71,B1G,FI,1985,572.5
M71,gva_cp_meur,A,CP_MEUR,M71,B1G,FI,1986,632.8
M71,gva_cp_meur,A,CP_MEUR,M71,B1G,FI,1987,714.9
M71,gva_cp_meur,A,CP_MEUR,M71,B1G,FI,1988,868.4
M71,gva_cp_meur,A,CP_MEUR,M71,B1G,FI,1989,1114.1
M71,gva_cp_meur,A,CP_MEUR,M71,B1G,FI,1990,1234.5
M71,gva_cp_meur,A,CP_MEUR,M71,B1G,FI,1991,974.7
M71,gva_cp_meur,A,CP_MEUR,M71,B1G,FI,1992,728.0
M71,gva_cp_meur,A,CP_MEUR,M71,B1G,FI,1993,697.9
M71,gva_cp_meur,A,CP_MEUR,M71,B1G,FI,1994,896.1
M71,gva_cp_meur,A,CP_MEUR,M71,B1G,FI,1995,1149.9
M71,gva_cp_meur,A,CP_MEUR,M71,B1G,FI,1996,1225.2
M71,gva_cp_meur,A,CP_MEUR,M71,B1G,FI,1997,1288.1
M71,gva_cp_meur,A,CP_MEUR,M71,B1G,FI,1998,1341.7
M71,gva_cp_meur,A,CP_MEUR,M71,B1G,FI,1999,1502.0
M71,gva_cp_meur,A,CP_MEUR,M71,B1G,FI,2000,1656.0
M71,gva_cp_meur,A,CP_MEUR,M71,B1G,FI,2001,1856.0
M71,gva_cp_meur,A,CP_MEUR,M71,B1G,FI,2002,1807.0
M71,gva_cp_meur,A,CP_MEUR,M71,B1G,FI,2003,1933.0
M71,gva_cp_meur,A,CP_MEUR,M71,B1G,FI,2004,2087.0
M71,gva_cp_meur,A,CP_MEUR,M71,B1G,FI,2005,2219.0
M71,gva_cp_meur,A,CP_MEUR,M71,B1G,FI,2006,2469.0
M71,gva_cp_meur,A,CP_MEUR,M71,B1G,FI,2007,2905.0
M71,gva_cp_meur,A,CP_MEUR,M71,B1G,FI,2008,3001.0
M71,gva_cp_meur,A,CP_MEUR,M71,B1G,FI,2009,2801.0
M71,gva_cp_meur,A,CP_MEUR,M71,B1G,FI,2010,2757.0
M71,gva_cp_meur,A,CP_MEUR,M71,B1G,FI,2011,2937.0
M71,gva_cp_meur,A,CP_MEUR,M71,B1G,FI,2012,3016.0
M71,gva_cp_meur,A,CP_MEUR,M71,B1G,FI,2013,3064.0
M71,gva_cp_meur,A,CP_MEUR,M71,B1G,FI,2014,3071.0
M71,gva_cp_meur,A,CP_MEUR,M71,B1G,FI,2015,3239.0
M71,gva_cp_meur,A,CP_MEUR,M71,B1G,FI,2016,3348.0
M71,gva_cp_meur,A,CP_MEUR,M71,B1G,FI,2017,3554.0
M71,gva_cp_meur,A,CP_MEUR,M71,B1G,FI,2018,3749.0
M71,gva_cp_meur,A,CP_MEUR,M71,B1G,FI,2019,3871.0
M71,gva_cp_meur,A,CP_MEUR,M71,B1G,FI,2020,3833.0
M71,gva_cp_meur,A,CP_MEUR,M71,B1G,FI,2021,4034.0
M71,gva_cp_meur,A,CP_MEUR,M71,B1G,FI,2022,4211.0
M71,gva_cp_meur,A,CP_MEUR,M71,B1G,FI,2023,4373.0
M71,gva_cp_meur,A,CP_MEUR,M71,B1G,FI,2024,4381.0
M71,gva_cp_meur,A,CP_MEUR,M71,B1G,FI,2025,4705.0
M71,gva_cp_meur,A,CP_MEUR,M71,B1G,EL,1995,1504.6
M71,gva_cp_meur,A,CP_MEUR,M71,B1G,EL,1996,1438.5
M71,gva_cp_meur,A,CP_MEUR,M71,B1G,EL,1997,1578.4
M71,gva_cp_meur,A,CP_MEUR,M71,B1G,EL,1998,1691.3
M71,gva_cp_meur,A,CP_MEUR,M71,B1G,EL,1999,1824.0
M71,gva_cp_meur,A,CP_MEUR,M71,B1G,EL,2000,1890.3
M71,gva_cp_meur,A,CP_MEUR,M71,B1G,EL,2001,2005.7
M71,gva_cp_meur,A,CP_MEUR,M71,B1G,EL,2002,2390.1
M71,gva_cp_meur,A,CP_MEUR,M71,B1G,EL,2003,2241.1
M71,gva_cp_meur,A,CP_MEUR,M71,B1G,EL,2004,2320.4
M71,gva_cp_meur,A,CP_MEUR,M71,B1G,EL,2005,2355.8
M71,gva_cp_meur,A,CP_MEUR,M71,B1G,EL,2006,2724.5
M71,gva_cp_meur,A,CP_MEUR,M71,B1G,EL,2007,2935.2
M71,gva_cp_meur,A,CP_MEUR,M71,B1G,EL,2008,3638.0
M71,gva_cp_meur,A,CP_MEUR,M71,B1G,EL,2009,3309.5
M71,gva_cp_meur,A,CP_MEUR,M71,B1G,EL,2010,1752.6
M71,gva_cp_meur,A,CP_MEUR,M71,B1G,EL,2011,1576.6
M71,gva_cp_meur,A,CP_MEUR,M71,B1G,EL,2012,1421.8
M71,gva_cp_meur,A,CP_MEUR,M71,B1G,EL,2013,1378.4
M71,gva_cp_meur,A,CP_MEUR,M71,B1G,EL,2014,1275.4
M71,gva_cp_meur,A,CP_MEUR,M71,B1G,EL,2015,1378.0
M71,gva_cp_meur,A,CP_MEUR,M71,B1G,EL,2016,1287.2
M71,gva_cp_meur,A,CP_MEUR,M71,B1G,EL,2017,1250.0
M71,gva_cp_meur,A,CP_MEUR,M71,B1G,EL,2018,1270.6
M71,gva_cp_meur,A,CP_MEUR,M71,B1G,EL,2019,1428.0
M71,gva_cp_meur,A,CP_MEUR,M71,B1G,EL,2020,1395.0
M71,gva_cp_meur,A,CP_MEUR,M71,B1G,EL,2021,1495.6
M71,gva_cp_meur,A,CP_MEUR,M71,B1G,EL,2022,1752.0
M71,gva_cp_meur,A,CP_MEUR,M71,B1G,EL,2023,1989.4
M71,gva_cp_meur,A,CP_MEUR,M71,B1G,EL,2024,2292.6
M71,gva_cp_meur,A,CP_MEUR,M71,B1G,UK,1995,8523.3
M71,gva_cp_meur,A,CP_MEUR,M71,B1G,UK,1996,9942.2
M71,gva_cp_meur,A,CP_MEUR,M71,B1G,UK,1997,13362.7
M71,gva_cp_meur,A,CP_MEUR,M71,B1G,UK,1998,15128.0
M71,gva_cp_meur,A,CP_MEUR,M71,B1G,UK,1999,16666.7
M71,gva_cp_meur,A,CP_MEUR,M71,B1G,UK,2000,19042.5
M71,gva_cp_meur,A,CP_MEUR,M71,B1G,UK,2001,19481.6
M71,gva_cp_meur,A,CP_MEUR,M71,B1G,UK,2002,21393.7
M71,gva_cp_meur,A,CP_MEUR,M71,B1G,UK,2003,20373.1
M71,gva_cp_meur,A,CP_MEUR,M71,B1G,UK,2004,22899.5
M71,gva_cp_meur,A,CP_MEUR,M71,B1G,UK,2005,22677.7
M71,gva_cp_meur,A,CP_MEUR,M71,B1G,UK,2006,24709.2
M71,gva_cp_meur,A,CP_MEUR,M71,B1G,UK,2007,25804.4
M71,gva_cp_meur,A,CP_MEUR,M71,B1G,UK,2008,23827.0
M71,gva_cp_meur,A,CP_MEUR,M71,B1G,UK,2009,21305.6
M71,gva_cp_meur,A,CP_MEUR,M71,B1G,UK,2010,22704.7
M71,gva_cp_meur,A,CP_MEUR,M71,B1G,UK,2011,21394.7
M71,gva_cp_meur,A,CP_MEUR,M71,B1G,UK,2012,23610.4
M71,gva_cp_meur,A,CP_MEUR,M71,B1G,UK,2013,25187.8
M71,gva_cp_meur,A,CP_MEUR,M71,B1G,UK,2014,28133.5
M71,gva_cp_meur,A,CP_MEUR,M71,B1G,UK,2015,32815.8
M71,gva_cp_meur,A,CP_MEUR,M71,B1G,UK,2016,28637.7
M71,gva_cp_meur,A,CP_MEUR,M71,B1G,UK,2017,27575.9
M71,gva_cp_meur,A,CP_MEUR,M71,B1G,UK,2018,28823.0
F,gva_cp_meur,A,CP_MEUR,F,B1G,EU27_2020,1995,352133.0
F,gva_cp_meur,A,CP_MEUR,F,B1G,EU27_2020,1996,355396.1
F,gva_cp_meur,A,CP_MEUR,F,B1G,EU27_2020,1997,353259.3
F,gva_cp_meur,A,CP_MEUR,F,B1G,EU27_2020,1998,361742.8
F,gva_cp_meur,A,CP_MEUR,F,B1G,EU27_2020,1999,379964.3
F,gva_cp_meur,A,CP_MEUR,F,B1G,EU27_2020,2000,400625.5
F,gva_cp_meur,A,CP_MEUR,F,B1G,EU27_2020,2001,421848.1
F,gva_cp_meur,A,CP_MEUR,F,B1G,EU27_2020,2002,438206.2
F,gva_cp_meur,A,CP_MEUR,F,B1G,EU27_2020,2003,456596.8
F,gva_cp_meur,A,CP_MEUR,F,B1G,EU27_2020,2004,484533.1
F,gva_cp_meur,A,CP_MEUR,F,B1G,EU27_2020,2005,514550.0
F,gva_cp_meur,A,CP_MEUR,F,B1G,EU27_2020,2006,565409.6
F,gva_cp_meur,A,CP_MEUR,F,B1G,EU27_2020,2007,607416.3
F,gva_cp_meur,A,CP_MEUR,F,B1G,EU27_2020,2008,633864.5
F,gva_cp_meur,A,CP_MEUR,F,B1G,EU27_2020,2009,595244.6
F,gva_cp_meur,A,CP_MEUR,F,B1G,EU27_2020,2010,564676.3
F,gva_cp_meur,A,CP_MEUR,F,B1G,EU27_2020,2011,564321.3
F,gva_cp_meur,A,CP_MEUR,F,B1G,EU27_2020,2012,545381.7
F,gva_cp_meur,A,CP_MEUR,F,B1G,EU27_2020,2013,533802.9
F,gva_cp_meur,A,CP_MEUR,F,B1G,EU27_2020,2014,534097.7
F,gva_cp_meur,A,CP_MEUR,F,B1G,EU27_2020,2015,547021.9
F,gva_cp_meur,A,CP_MEUR,F,B1G,EU27_2020,2016,562043.0
F,gva_cp_meur,A,CP_MEUR,F,B1G,EU27_2020,2017,589837.3
F,gva_cp_meur,A,CP_MEUR,F,B1G,EU27_2020,2018,627042.5
F,gva_cp_meur,A,CP_MEUR,F,B1G,EU27_2020,2019,665650.5
F,gva_cp_meur,A,CP_MEUR,F,B1G,EU27_2020,2020,658230.5
F,gva_cp_meur,A,CP_MEUR,F,B1G,EU27_2020,2021,713282.1
F,gva_cp_meur,A,CP_MEUR,F,B1G,EU27_2020,2022,781322.9
F,gva_cp_meur,A,CP_MEUR,F,B1G,EU27_2020,2023,862900.5
F,gva_cp_meur,A,CP_MEUR,F,B1G,EU27_2020,2024,891591.7
F,gva_cp_meur,A,CP_MEUR,F,B1G,DE,1995,121723.4
F,gva_cp_meur,A,CP_MEUR,F,B1G,DE,1996,112933.8
F,gva_cp_meur,A,CP_MEUR,F,B1G,DE,1997,105440.3
F,gva_cp_meur,A,CP_MEUR,F,B1G,DE,1998,100877.1
F,gva_cp_meur,A,CP_MEUR,F,B1G,DE,1999,100662.0
F,gva_cp_meur,A,CP_MEUR,F,B1G,DE,2000,96972.0
F,gva_cp_meur,A,CP_MEUR,F,B1G,DE,2001,91986.0
F,gva_cp_meur,A,CP_MEUR,F,B1G,DE,2002,87922.0
F,gva_cp_meur,A,CP_MEUR,F,B1G,DE,2003,84137.0
F,gva_cp_meur,A,CP_MEUR,F,B1G,DE,2004,81661.0
F,gva_cp_meur,A,CP_MEUR,F,B1G,DE,2005,78899.0
F,gva_cp_meur,A,CP_MEUR,F,B1G,DE,2006,81514.0
F,gva_cp_meur,A,CP_MEUR,F,B1G,DE,2007,85545.0
F,gva_cp_meur,A,CP_MEUR,F,B1G,DE,2008,88250.0
F,gva_cp_meur,A,CP_MEUR,F,B1G,DE,2009,89402.0
F,gva_cp_meur,A,CP_MEUR,F,B1G,DE,2010,94401.0
F,gva_cp_meur,A,CP_MEUR,F,B1G,DE,2011,100001.0
F,gva_cp_meur,A,CP_MEUR,F,B1G,DE,2012,104485.0
F,gva_cp_meur,A,CP_MEUR,F,B1G,DE,2013,107809.0
F,gva_cp_meur,A,CP_MEUR,F,B1G,DE,2014,111828.0
F,gva_cp_meur,A,CP_MEUR,F,B1G,DE,2015,113982.0
F,gva_cp_meur,A,CP_MEUR,F,B1G,DE,2016,120757.0
F,gva_cp_meur,A,CP_MEUR,F,B1G,DE,2017,127357.0
F,gva_cp_meur,A,CP_MEUR,F,B1G,DE,2018,137055.0
F,gva_cp_meur,A,CP_MEUR,F,B1G,DE,2019,143419.0
F,gva_cp_meur,A,CP_MEUR,F,B1G,DE,2020,154717.0
F,gva_cp_meur,A,CP_MEUR,F,B1G,DE,2021,162155.0
F,gva_cp_meur,A,CP_MEUR,F,B1G,DE,2022,173942.0
F,gva_cp_meur,A,CP_MEUR,F,B1G,DE,2023,187208.0
F,gva_cp_meur,A,CP_MEUR,F,B1G,DE,2024,193155.0
F,gva_cp_meur,A,CP_MEUR,F,B1G,FR,1975,19639.0
F,gva_cp_meur,A,CP_MEUR,F,B1G,FR,1976,21232.8
F,gva_cp_meur,A,CP_MEUR,F,B1G,FR,1977,22457.5
F,gva_cp_meur,A,CP_MEUR,F,B1G,FR,1978,25327.0
F,gva_cp_meur,A,CP_MEUR,F,B1G,FR,1979,28164.0
F,gva_cp_meur,A,CP_MEUR,F,B1G,FR,1980,32812.2
F,gva_cp_meur,A,CP_MEUR,F,B1G,FR,1981,33644.8
F,gva_cp_meur,A,CP_MEUR,F,B1G,FR,1982,36008.7
F,gva_cp_meur,A,CP_MEUR,F,B1G,FR,1983,35994.6
F,gva_cp_meur,A,CP_MEUR,F,B1G,FR,1984,36349.9
F,gva_cp_meur,A,CP_MEUR,F,B1G,FR,1985,37787.0
F,gva_cp_meur,A,CP_MEUR,F,B1G,FR,1986,43757.5
F,gva_cp_meur,A,CP_MEUR,F,B1G,FR,1987,46159.1
F,gva_cp_meur,A,CP_MEUR,F,B1G,FR,1988,50432.4
F,gva_cp_meur,A,CP_MEUR,F,B1G,FR,1989,51405.7
F,gva_cp_meur,A,CP_MEUR,F,B1G,FR,1990,55195.2
F,gva_cp_meur,A,CP_MEUR,F,B1G,FR,1991,56402.6
F,gva_cp_meur,A,CP_MEUR,F,B1G,FR,1992,59411.1
F,gva_cp_meur,A,CP_MEUR,F,B1G,FR,1993,57475.0
F,gva_cp_meur,A,CP_MEUR,F,B1G,FR,1994,55896.8
F,gva_cp_meur,A,CP_MEUR,F,B1G,FR,1995,57252.8
F,gva_cp_meur,A,CP_MEUR,F,B1G,FR,1996,55543.1
F,gva_cp_meur,A,CP_MEUR,F,B1G,FR,1997,54434.8
F,gva_cp_meur,A,CP_MEUR,F,B1G,FR,1998,55177.8
F,gva_cp_meur,A,CP_MEUR,F,B1G,FR,1999,58513.8
F,gva_cp_meur,A,CP_MEUR,F,B1G,FR,2000,63307.0
F,gva_cp_meur,A,CP_MEUR,F,B1G,FR,2001,67480.1
F,gva_cp_meur,A,CP_MEUR,F,B1G,FR,2002,70456.8
F,gva_cp_meur,A,CP_MEUR,F,B1G,FR,2003,74025.8
F,gva_cp_meur,A,CP_MEUR,F,B1G,FR,2004,79582.8
F,gva_cp_meur,A,CP_MEUR,F,B1G,FR,2005,84853.7
F,gva_cp_meur,A,CP_MEUR,F,B1G,FR,2006,93099.9
F,gva_cp_meur,A,CP_MEUR,F,B1G,FR,2007,103408.5
F,gva_cp_meur,A,CP_MEUR,F,B1G,FR,2008,112239.5
F,gva_cp_meur,A,CP_MEUR,F,B1G,FR,2009,108165.0
F,gva_cp_meur,A,CP_MEUR,F,B1G,FR,2010,107679.0
F,gva_cp_meur,A,CP_MEUR,F,B1G,FR,2011,111437.5
F,gva_cp_meur,A,CP_MEUR,F,B1G,FR,2012,109255.6
F,gva_cp_meur,A,CP_MEUR,F,B1G,FR,2013,112095.3
F,gva_cp_meur,A,CP_MEUR,F,B1G,FR,2014,110608.2
F,gva_cp_meur,A,CP_MEUR,F,B1G,FR,2015,108442.2
F,gva_cp_meur,A,CP_MEUR,F,B1G,FR,2016,108197.5
F,gva_cp_meur,A,CP_MEUR,F,B1G,FR,2017,112914.0
F,gva_cp_meur,A,CP_MEUR,F,B1G,FR,2018,116209.9
F,gva_cp_meur,A,CP_MEUR,F,B1G,FR,2019,123120.2
F,gva_cp_meur,A,CP_MEUR,F,B1G,FR,2020,116007.0
F,gva_cp_meur,A,CP_MEUR,F,B1G,FR,2021,125991.1
F,gva_cp_meur,A,CP_MEUR,F,B1G,FR,2022,130929.3
F,gva_cp_meur,A,CP_MEUR,F,B1G,FR,2023,142708.5
F,gva_cp_meur,A,CP_MEUR,F,B1G,FR,2024,145655.7
F,gva_cp_meur,A,CP_MEUR,F,B1G,FR,2025,148501.4
F,gva_cp_meur,A,CP_MEUR,F,B1G,NL,1995,16205.6
F,gva_cp_meur,A,CP_MEUR,F,B1G,NL,1996,16284.8
F,gva_cp_meur,A,CP_MEUR,F,B1G,NL,1997,16367.3
F,gva_cp_meur,A,CP_MEUR,F,B1G,NL,1998,17454.6
F,gva_cp_meur,A,CP_MEUR,F,B1G,NL,1999,19803.0
F,gva_cp_meur,A,CP_MEUR,F,B1G,NL,2000,21482.0
F,gva_cp_meur,A,CP_MEUR,F,B1G,NL,2001,23523.0
F,gva_cp_meur,A,CP_MEUR,F,B1G,NL,2002,24770.0
F,gva_cp_meur,A,CP_MEUR,F,B1G,NL,2003,24837.0
F,gva_cp_meur,A,CP_MEUR,F,B1G,NL,2004,25118.0
F,gva_cp_meur,A,CP_MEUR,F,B1G,NL,2005,26482.0
F,gva_cp_meur,A,CP_MEUR,F,B1G,NL,2006,28306.0
F,gva_cp_meur,A,CP_MEUR,F,B1G,NL,2007,30813.0
F,gva_cp_meur,A,CP_MEUR,F,B1G,NL,2008,33104.0
F,gva_cp_meur,A,CP_MEUR,F,B1G,NL,2009,33394.0
F,gva_cp_meur,A,CP_MEUR,F,B1G,NL,2010,29984.0
F,gva_cp_meur,A,CP_MEUR,F,B1G,NL,2011,29686.0
F,gva_cp_meur,A,CP_MEUR,F,B1G,NL,2012,27183.0
F,gva_cp_meur,A,CP_MEUR,F,B1G,NL,2013,25598.0
F,gva_cp_meur,A,CP_MEUR,F,B1G,NL,2014,25828.0
F,gva_cp_meur,A,CP_MEUR,F,B1G,NL,2015,26128.0
F,gva_cp_meur,A,CP_MEUR,F,B1G,NL,2016,28180.0
F,gva_cp_meur,A,CP_MEUR,F,B1G,NL,2017,29966.0
F,gva_cp_meur,A,CP_MEUR,F,B1G,NL,2018,32629.0
F,gva_cp_meur,A,CP_MEUR,F,B1G,NL,2019,36247.0
F,gva_cp_meur,A,CP_MEUR,F,B1G,NL,2020,38666.0
F,gva_cp_meur,A,CP_MEUR,F,B1G,NL,2021,41332.0
F,gva_cp_meur,A,CP_MEUR,F,B1G,NL,2022,43981.0
F,gva_cp_meur,A,CP_MEUR,F,B1G,NL,2023,48484.0
F,gva_cp_meur,A,CP_MEUR,F,B1G,NL,2024,51148.0
F,gva_cp_meur,A,CP_MEUR,F,B1G,NL,2025,55442.0
F,gva_cp_meur,A,CP_MEUR,F,B1G,PL,1995,8330.5
F,gva_cp_meur,A,CP_MEUR,F,B1G,PL,1996,9868.8
F,gva_cp_meur,A,CP_MEUR,F,B1G,PL,1997,11392.5
F,gva_cp_meur,A,CP_MEUR,F,B1G,PL,1998,13535.3
F,gva_cp_meur,A,CP_MEUR,F,B1G,PL,1999,13343.2
F,gva_cp_meur,A,CP_MEUR,F,B1G,PL,2000,14034.0
F,gva_cp_meur,A,CP_MEUR,F,B1G,PL,2001,15744.7
F,gva_cp_meur,A,CP_MEUR,F,B1G,PL,2002,14309.9
F,gva_cp_meur,A,CP_MEUR,F,B1G,PL,2003,12047.5
F,gva_cp_meur,A,CP_MEUR,F,B1G,PL,2004,13790.8
F,gva_cp_meur,A,CP_MEUR,F,B1G,PL,2005,16736.8
F,gva_cp_meur,A,CP_MEUR,F,B1G,PL,2006,19222.0
F,gva_cp_meur,A,CP_MEUR,F,B1G,PL,2007,22555.7
F,gva_cp_meur,A,CP_MEUR,F,B1G,PL,2008,25938.6
F,gva_cp_meur,A,CP_MEUR,F,B1G,PL,2009,24672.8
F,gva_cp_meur,A,CP_MEUR,F,B1G,PL,2010,26976.0
F,gva_cp_meur,A,CP_MEUR,F,B1G,PL,2011,31073.1
F,gva_cp_meur,A,CP_MEUR,F,B1G,PL,2012,28726.1
F,gva_cp_meur,A,CP_MEUR,F,B1G,PL,2013,27294.8
F,gva_cp_meur,A,CP_MEUR,F,B1G,PL,2014,30233.5
F,gva_cp_meur,A,CP_MEUR,F,B1G,PL,2015,33852.9
F,gva_cp_meur,A,CP_MEUR,F,B1G,PL,2016,30236.5
F,gva_cp_meur,A,CP_MEUR,F,B1G,PL,2017,31431.8
F,gva_cp_meur,A,CP_MEUR,F,B1G,PL,2018,37179.6
F,gva_cp_meur,A,CP_MEUR,F,B1G,PL,2019,39530.4
F,gva_cp_meur,A,CP_MEUR,F,B1G,PL,2020,37861.4
F,gva_cp_meur,A,CP_MEUR,F,B1G,PL,2021,35558.6
F,gva_cp_meur,A,CP_MEUR,F,B1G,PL,2022,38647.5
F,gva_cp_meur,A,CP_MEUR,F,B1G,PL,2023,46816.6
F,gva_cp_meur,A,CP_MEUR,F,B1G,PL,2024,53103.3
F,gva_cp_meur,A,CP_MEUR,F,B1G,RO,1995,1805.4
F,gva_cp_meur,A,CP_MEUR,F,B1G,RO,1996,1895.5
F,gva_cp_meur,A,CP_MEUR,F,B1G,RO,1997,1825.9
F,gva_cp_meur,A,CP_MEUR,F,B1G,RO,1998,2037.3
F,gva_cp_meur,A,CP_MEUR,F,B1G,RO,1999,1757.5
F,gva_cp_meur,A,CP_MEUR,F,B1G,RO,2000,2119.0
F,gva_cp_meur,A,CP_MEUR,F,B1G,RO,2001,2571.6
F,gva_cp_meur,A,CP_MEUR,F,B1G,RO,2002,3004.8
F,gva_cp_meur,A,CP_MEUR,F,B1G,RO,2003,3226.1
F,gva_cp_meur,A,CP_MEUR,F,B1G,RO,2004,3853.5
F,gva_cp_meur,A,CP_MEUR,F,B1G,RO,2005,5561.4
F,gva_cp_meur,A,CP_MEUR,F,B1G,RO,2006,7746.5
F,gva_cp_meur,A,CP_MEUR,F,B1G,RO,2007,12224.8
F,gva_cp_meur,A,CP_MEUR,F,B1G,RO,2008,16644.2
F,gva_cp_meur,A,CP_MEUR,F,B1G,RO,2009,13379.9
F,gva_cp_meur,A,CP_MEUR,F,B1G,RO,2010,10240.2
F,gva_cp_meur,A,CP_MEUR,F,B1G,RO,2011,9123.6
F,gva_cp_meur,A,CP_MEUR,F,B1G,RO,2012,10517.0
F,gva_cp_meur,A,CP_MEUR,F,B1G,RO,2013,9820.7
F,gva_cp_meur,A,CP_MEUR,F,B1G,RO,2014,9597.4
F,gva_cp_meur,A,CP_MEUR,F,B1G,RO,2015,9492.7
F,gva_cp_meur,A,CP_MEUR,F,B1G,RO,2016,10100.3
F,gva_cp_meur,A,CP_MEUR,F,B1G,RO,2017,10105.7
F,gva_cp_meur,A,CP_MEUR,F,B1G,RO,2018,12225.1
F,gva_cp_meur,A,CP_MEUR,F,B1G,RO,2019,14154.6
F,gva_cp_meur,A,CP_MEUR,F,B1G,RO,2020,14262.6
F,gva_cp_meur,A,CP_MEUR,F,B1G,RO,2021,15475.1
F,gva_cp_meur,A,CP_MEUR,F,B1G,RO,2022,19139.8
F,gva_cp_meur,A,CP_MEUR,F,B1G,RO,2023,25863.5
F,gva_cp_meur,A,CP_MEUR,F,B1G,RO,2024,28079.8
F,gva_cp_meur,A,CP_MEUR,F,B1G,IT,1995,42516.4
F,gva_cp_meur,A,CP_MEUR,F,B1G,IT,1996,48490.1
F,gva_cp_meur,A,CP_MEUR,F,B1G,IT,1997,49491.4
F,gva_cp_meur,A,CP_MEUR,F,B1G,IT,1998,48901.8
F,gva_cp_meur,A,CP_MEUR,F,B1G,IT,1999,50024.6
F,gva_cp_meur,A,CP_MEUR,F,B1G,IT,2000,53815.3
F,gva_cp_meur,A,CP_MEUR,F,B1G,IT,2001,59583.7
F,gva_cp_meur,A,CP_MEUR,F,B1G,IT,2002,64146.1
F,gva_cp_meur,A,CP_MEUR,F,B1G,IT,2003,69102.0
F,gva_cp_meur,A,CP_MEUR,F,B1G,IT,2004,74592.3
F,gva_cp_meur,A,CP_MEUR,F,B1G,IT,2005,79023.4
F,gva_cp_meur,A,CP_MEUR,F,B1G,IT,2006,82747.9
F,gva_cp_meur,A,CP_MEUR,F,B1G,IT,2007,86465.4
F,gva_cp_meur,A,CP_MEUR,F,B1G,IT,2008,88805.8
F,gva_cp_meur,A,CP_MEUR,F,B1G,IT,2009,84270.4
F,gva_cp_meur,A,CP_MEUR,F,B1G,IT,2010,80291.7
F,gva_cp_meur,A,CP_MEUR,F,B1G,IT,2011,81533.5
F,gva_cp_meur,A,CP_MEUR,F,B1G,IT,2012,75509.6
F,gva_cp_meur,A,CP_MEUR,F,B1G,IT,2013,70440.3
F,gva_cp_meur,A,CP_MEUR,F,B1G,IT,2014,64357.2
F,gva_cp_meur,A,CP_MEUR,F,B1G,IT,2015,63469.7
F,gva_cp_meur,A,CP_MEUR,F,B1G,IT,2016,64483.8
F,gva_cp_meur,A,CP_MEUR,F,B1G,IT,2017,65500.3
F,gva_cp_meur,A,CP_MEUR,F,B1G,IT,2018,66588.9
F,gva_cp_meur,A,CP_MEUR,F,B1G,IT,2019,69190.8
F,gva_cp_meur,A,CP_MEUR,F,B1G,IT,2020,65962.9
F,gva_cp_meur,A,CP_MEUR,F,B1G,IT,2021,85329.4
F,gva_cp_meur,A,CP_MEUR,F,B1G,IT,2022,102168.9
F,gva_cp_meur,A,CP_MEUR,F,B1G,IT,2023,116675.7
F,gva_cp_meur,A,CP_MEUR,F,B1G,IT,2024,110868.6
F,gva_cp_meur,A,CP_MEUR,F,B1G,IT,2025,114397.3
F,gva_cp_meur,A,CP_MEUR,F,B1G,ES,1995,40334.8
F,gva_cp_meur,A,CP_MEUR,F,B1G,ES,1996,42051.0
F,gva_cp_meur,A,CP_MEUR,F,B1G,ES,1997,42598.8
F,gva_cp_meur,A,CP_MEUR,F,B1G,ES,1998,46339.7
F,gva_cp_meur,A,CP_MEUR,F,B1G,ES,1999,52407.0
F,gva_cp_meur,A,CP_MEUR,F,B1G,ES,2000,59618.0
F,gva_cp_meur,A,CP_MEUR,F,B1G,ES,2001,67550.0
F,gva_cp_meur,A,CP_MEUR,F,B1G,ES,2002,75008.0
F,gva_cp_meur,A,CP_MEUR,F,B1G,ES,2003,81851.0
F,gva_cp_meur,A,CP_MEUR,F,B1G,ES,2004,88836.0
F,gva_cp_meur,A,CP_MEUR,F,B1G,ES,2005,100903.0
F,gva_cp_meur,A,CP_MEUR,F,B1G,ES,2006,111572.0
F,gva_cp_meur,A,CP_MEUR,F,B1G,ES,2007,116462.0
F,gva_cp_meur,A,CP_MEUR,F,B1G,ES,2008,118569.0
F,gva_cp_meur,A,CP_MEUR,F,B1G,ES,2009,110029.0
F,gva_cp_meur,A,CP_MEUR,F,B1G,ES,2010,89685.0
F,gva_cp_meur,A,CP_MEUR,F,B1G,ES,2011,75556.0
F,gva_cp_meur,A,CP_MEUR,F,B1G,ES,2012,64407.0
F,gva_cp_meur,A,CP_MEUR,F,B1G,ES,2013,55533.0
F,gva_cp_meur,A,CP_MEUR,F,B1G,ES,2014,55390.0
F,gva_cp_meur,A,CP_MEUR,F,B1G,ES,2015,58924.0
F,gva_cp_meur,A,CP_MEUR,F,B1G,ES,2016,61744.0
F,gva_cp_meur,A,CP_MEUR,F,B1G,ES,2017,64233.0
F,gva_cp_meur,A,CP_MEUR,F,B1G,ES,2018,67144.0
F,gva_cp_meur,A,CP_MEUR,F,B1G,ES,2019,73774.0
F,gva_cp_meur,A,CP_MEUR,F,B1G,ES,2020,63700.0
F,gva_cp_meur,A,CP_MEUR,F,B1G,ES,2021,65544.0
F,gva_cp_meur,A,CP_MEUR,F,B1G,ES,2022,73065.0
F,gva_cp_meur,A,CP_MEUR,F,B1G,ES,2023,78819.0
F,gva_cp_meur,A,CP_MEUR,F,B1G,ES,2024,82843.0
F,gva_cp_meur,A,CP_MEUR,F,B1G,IE,1995,2822.9
F,gva_cp_meur,A,CP_MEUR,F,B1G,IE,1996,3162.4
F,gva_cp_meur,A,CP_MEUR,F,B1G,IE,1997,3963.0
F,gva_cp_meur,A,CP_MEUR,F,B1G,IE,1998,4604.5
F,gva_cp_meur,A,CP_MEUR,F,B1G,IE,1999,5582.9
F,gva_cp_meur,A,CP_MEUR,F,B1G,IE,2000,6931.0
F,gva_cp_meur,A,CP_MEUR,F,B1G,IE,2001,8081.4
F,gva_cp_meur,A,CP_MEUR,F,B1G,IE,2002,8671.8
F,gva_cp_meur,A,CP_MEUR,F,B1G,IE,2003,9933.1
F,gva_cp_meur,A,CP_MEUR,F,B1G,IE,2004,11947.1
F,gva_cp_meur,A,CP_MEUR,F,B1G,IE,2005,14622.0
F,gva_cp_meur,A,CP_MEUR,F,B1G,IE,2006,17365.0
F,gva_cp_meur,A,CP_MEUR,F,B1G,IE,2007,16062.1
F,gva_cp_meur,A,CP_MEUR,F,B1G,IE,2008,11049.2
F,gva_cp_meur,A,CP_MEUR,F,B1G,IE,2009,4170.5
F,gva_cp_meur,A,CP_MEUR,F,B1G,IE,2010,2342.3
F,gva_cp_meur,A,CP_MEUR,F,B1G,IE,2011,2069.9
F,gva_cp_meur,A,CP_MEUR,F,B1G,IE,2012,3037.4
F,gva_cp_meur,A,CP_MEUR,F,B1G,IE,2013,3813.6
F,gva_cp_meur,A,CP_MEUR,F,B1G,IE,2014,4792.8
F,gva_cp_meur,A,CP_MEUR,F,B1G,IE,2015,5310.8
F,gva_cp_meur,A,CP_MEUR,F,B1G,IE,2016,6188.5
F,gva_cp_meur,A,CP_MEUR,F,B1G,IE,2017,8000.3
F,gva_cp_meur,A,CP_MEUR,F,B1G,IE,2018,8645.3
F,gva_cp_meur,A,CP_MEUR,F,B1G,IE,2019,9461.0
F,gva_cp_meur,A,CP_MEUR,F,B1G,IE,2020,8699.9
F,gva_cp_meur,A,CP_MEUR,F,B1G,IE,2021,10129.7
F,gva_cp_meur,A,CP_MEUR,F,B1G,IE,2022,12242.5
F,gva_cp_meur,A,CP_MEUR,F,B1G,IE,2023,13563.7
F,gva_cp_meur,A,CP_MEUR,F,B1G,IE,2024,14312.0
F,gva_cp_meur,A,CP_MEUR,F,B1G,BE,1995,10507.1
F,gva_cp_meur,A,CP_MEUR,F,B1G,BE,1996,10028.9
F,gva_cp_meur,A,CP_MEUR,F,B1G,BE,1997,10148.3
F,gva_cp_meur,A,CP_MEUR,F,B1G,BE,1998,10295.2
F,gva_cp_meur,A,CP_MEUR,F,B1G,BE,1999,11136.0
F,gva_cp_meur,A,CP_MEUR,F,B1G,BE,2000,11796.0
F,gva_cp_meur,A,CP_MEUR,F,B1G,BE,2001,12029.4
F,gva_cp_meur,A,CP_MEUR,F,B1G,BE,2002,12027.0
F,gva_cp_meur,A,CP_MEUR,F,B1G,BE,2003,12369.8
F,gva_cp_meur,A,CP_MEUR,F,B1G,BE,2004,13126.9
F,gva_cp_meur,A,CP_MEUR,F,B1G,BE,2005,13642.3
F,gva_cp_meur,A,CP_MEUR,F,B1G,BE,2006,15356.4
F,gva_cp_meur,A,CP_MEUR,F,B1G,BE,2007,16687.5
F,gva_cp_meur,A,CP_MEUR,F,B1G,BE,2008,18030.4
F,gva_cp_meur,A,CP_MEUR,F,B1G,BE,2009,17486.9
F,gva_cp_meur,A,CP_MEUR,F,B1G,BE,2010,17656.0
F,gva_cp_meur,A,CP_MEUR,F,B1G,BE,2011,18886.0
F,gva_cp_meur,A,CP_MEUR,F,B1G,BE,2012,18736.8
F,gva_cp_meur,A,CP_MEUR,F,B1G,BE,2013,18601.1
F,gva_cp_meur,A,CP_MEUR,F,B1G,BE,2014,18835.3
F,gva_cp_meur,A,CP_MEUR,F,B1G,BE,2015,19017.9
F,gva_cp_meur,A,CP_MEUR,F,B1G,BE,2016,19387.0
F,gva_cp_meur,A,CP_MEUR,F,B1G,BE,2017,19693.8
F,gva_cp_meur,A,CP_MEUR,F,B1G,BE,2018,21064.2
F,gva_cp_meur,A,CP_MEUR,F,B1G,BE,2019,22247.6
F,gva_cp_meur,A,CP_MEUR,F,B1G,BE,2020,21673.2
F,gva_cp_meur,A,CP_MEUR,F,B1G,BE,2021,24533.6
F,gva_cp_meur,A,CP_MEUR,F,B1G,BE,2022,27576.0
F,gva_cp_meur,A,CP_MEUR,F,B1G,BE,2023,29771.7
F,gva_cp_meur,A,CP_MEUR,F,B1G,BE,2024,30118.5
F,gva_cp_meur,A,CP_MEUR,F,B1G,AT,1995,12952.1
F,gva_cp_meur,A,CP_MEUR,F,B1G,AT,1996,13306.7
F,gva_cp_meur,A,CP_MEUR,F,B1G,AT,1997,12983.0
F,gva_cp_meur,A,CP_MEUR,F,B1G,AT,1998,13570.1
F,gva_cp_meur,A,CP_MEUR,F,B1G,AT,1999,13944.8
F,gva_cp_meur,A,CP_MEUR,F,B1G,AT,2000,13936.0
F,gva_cp_meur,A,CP_MEUR,F,B1G,AT,2001,13595.9
F,gva_cp_meur,A,CP_MEUR,F,B1G,AT,2002,13690.9
F,gva_cp_meur,A,CP_MEUR,F,B1G,AT,2003,14615.4
F,gva_cp_meur,A,CP_MEUR,F,B1G,AT,2004,15087.6
F,gva_cp_meur,A,CP_MEUR,F,B1G,AT,2005,15293.3
F,gva_cp_meur,A,CP_MEUR,F,B1G,AT,2006,15540.5
F,gva_cp_meur,A,CP_MEUR,F,B1G,AT,2007,16913.4
F,gva_cp_meur,A,CP_MEUR,F,B1G,AT,2008,17901.0
F,gva_cp_meur,A,CP_MEUR,F,B1G,AT,2009,17409.9
F,gva_cp_meur,A,CP_MEUR,F,B1G,AT,2010,16797.8
F,gva_cp_meur,A,CP_MEUR,F,B1G,AT,2011,16768.6
F,gva_cp_meur,A,CP_MEUR,F,B1G,AT,2012,17471.7
F,gva_cp_meur,A,CP_MEUR,F,B1G,AT,2013,18080.9
F,gva_cp_meur,A,CP_MEUR,F,B1G,AT,2014,18500.9
F,gva_cp_meur,A,CP_MEUR,F,B1G,AT,2015,18846.3
F,gva_cp_meur,A,CP_MEUR,F,B1G,AT,2016,19653.4
F,gva_cp_meur,A,CP_MEUR,F,B1G,AT,2017,20873.1
F,gva_cp_meur,A,CP_MEUR,F,B1G,AT,2018,22084.0
F,gva_cp_meur,A,CP_MEUR,F,B1G,AT,2019,22949.8
F,gva_cp_meur,A,CP_MEUR,F,B1G,AT,2020,23778.8
F,gva_cp_meur,A,CP_MEUR,F,B1G,AT,2021,24531.2
F,gva_cp_meur,A,CP_MEUR,F,B1G,AT,2022,26422.3
F,gva_cp_meur,A,CP_MEUR,F,B1G,AT,2023,28395.0
F,gva_cp_meur,A,CP_MEUR,F,B1G,AT,2024,28435.6
F,gva_cp_meur,A,CP_MEUR,F,B1G,SE,1993,7750.6
F,gva_cp_meur,A,CP_MEUR,F,B1G,SE,1994,7547.9
F,gva_cp_meur,A,CP_MEUR,F,B1G,SE,1995,7695.1
F,gva_cp_meur,A,CP_MEUR,F,B1G,SE,1996,8589.0
F,gva_cp_meur,A,CP_MEUR,F,B1G,SE,1997,8399.5
F,gva_cp_meur,A,CP_MEUR,F,B1G,SE,1998,8673.4
F,gva_cp_meur,A,CP_MEUR,F,B1G,SE,1999,9376.4
F,gva_cp_meur,A,CP_MEUR,F,B1G,SE,2000,10372.8
F,gva_cp_meur,A,CP_MEUR,F,B1G,SE,2001,10575.1
F,gva_cp_meur,A,CP_MEUR,F,B1G,SE,2002,11450.7
F,gva_cp_meur,A,CP_MEUR,F,B1G,SE,2003,12113.5
F,gva_cp_meur,A,CP_MEUR,F,B1G,SE,2004,13392.0
F,gva_cp_meur,A,CP_MEUR,F,B1G,SE,2005,13519.2
F,gva_cp_meur,A,CP_MEUR,F,B1G,SE,2006,15519.6
F,gva_cp_meur,A,CP_MEUR,F,B1G,SE,2007,17558.0
F,gva_cp_meur,A,CP_MEUR,F,B1G,SE,2008,16671.3
F,gva_cp_meur,A,CP_MEUR,F,B1G,SE,2009,15588.5
F,gva_cp_meur,A,CP_MEUR,F,B1G,SE,2010,18079.9
F,gva_cp_meur,A,CP_MEUR,F,B1G,SE,2011,20610.1
F,gva_cp_meur,A,CP_MEUR,F,B1G,SE,2012,22058.8
F,gva_cp_meur,A,CP_MEUR,F,B1G,SE,2013,22311.0
F,gva_cp_meur,A,CP_MEUR,F,B1G,SE,2014,22676.4
F,gva_cp_meur,A,CP_MEUR,F,B1G,SE,2015,24630.4
F,gva_cp_meur,A,CP_MEUR,F,B1G,SE,2016,25840.6
F,gva_cp_meur,A,CP_MEUR,F,B1G,SE,2017,27215.9
F,gva_cp_meur,A,CP_MEUR,F,B1G,SE,2018,27098.5
F,gva_cp_meur,A,CP_MEUR,F,B1G,SE,2019,27493.6
F,gva_cp_meur,A,CP_MEUR,F,B1G,SE,2020,28247.5
F,gva_cp_meur,A,CP_MEUR,F,B1G,SE,2021,31335.7
F,gva_cp_meur,A,CP_MEUR,F,B1G,SE,2022,32643.3
F,gva_cp_meur,A,CP_MEUR,F,B1G,SE,2023,30856.3
F,gva_cp_meur,A,CP_MEUR,F,B1G,SE,2024,31029.2
F,gva_cp_meur,A,CP_MEUR,F,B1G,DK,1975,2045.3
F,gva_cp_meur,A,CP_MEUR,F,B1G,DK,1976,2390.6
F,gva_cp_meur,A,CP_MEUR,F,B1G,DK,1977,2522.1
F,gva_cp_meur,A,CP_MEUR,F,B1G,DK,1978,2602.5
F,gva_cp_meur,A,CP_MEUR,F,B1G,DK,1979,2518.7
F,gva_cp_meur,A,CP_MEUR,F,B1G,DK,1980,2790.8
F,gva_cp_meur,A,CP_MEUR,F,B1G,DK,1981,2564.2
F,gva_cp_meur,A,CP_MEUR,F,B1G,DK,1982,2627.7
F,gva_cp_meur,A,CP_MEUR,F,B1G,DK,1983,2775.1
F,gva_cp_meur,A,CP_MEUR,F,B1G,DK,1984,3174.0
F,gva_cp_meur,A,CP_MEUR,F,B1G,DK,1985,3440.8
F,gva_cp_meur,A,CP_MEUR,F,B1G,DK,1986,3854.7
F,gva_cp_meur,A,CP_MEUR,F,B1G,DK,1987,4662.0
F,gva_cp_meur,A,CP_MEUR,F,B1G,DK,1988,4914.2
F,gva_cp_meur,A,CP_MEUR,F,B1G,DK,1989,4800.3
F,gva_cp_meur,A,CP_MEUR,F,B1G,DK,1990,4727.9
F,gva_cp_meur,A,CP_MEUR,F,B1G,DK,1991,4675.9
F,gva_cp_meur,A,CP_MEUR,F,B1G,DK,1992,4871.0
F,gva_cp_meur,A,CP_MEUR,F,B1G,DK,1993,4664.4
F,gva_cp_meur,A,CP_MEUR,F,B1G,DK,1994,5042.9
F,gva_cp_meur,A,CP_MEUR,F,B1G,DK,1995,5623.5
F,gva_cp_meur,A,CP_MEUR,F,B1G,DK,1996,6316.5
F,gva_cp_meur,A,CP_MEUR,F,B1G,DK,1997,6117.4
F,gva_cp_meur,A,CP_MEUR,F,B1G,DK,1998,6975.0
F,gva_cp_meur,A,CP_MEUR,F,B1G,DK,1999,7875.4
F,gva_cp_meur,A,CP_MEUR,F,B1G,DK,2000,8390.0
F,gva_cp_meur,A,CP_MEUR,F,B1G,DK,2001,8134.3
F,gva_cp_meur,A,CP_MEUR,F,B1G,DK,2002,8427.2
F,gva_cp_meur,A,CP_MEUR,F,B1G,DK,2003,8968.7
F,gva_cp_meur,A,CP_MEUR,F,B1G,DK,2004,9419.1
F,gva_cp_meur,A,CP_MEUR,F,B1G,DK,2005,9874.3
F,gva_cp_meur,A,CP_MEUR,F,B1G,DK,2006,11212.8
F,gva_cp_meur,A,CP_MEUR,F,B1G,DK,2007,11476.5
F,gva_cp_meur,A,CP_MEUR,F,B1G,DK,2008,12643.5
F,gva_cp_meur,A,CP_MEUR,F,B1G,DK,2009,10361.2
F,gva_cp_meur,A,CP_MEUR,F,B1G,DK,2010,9397.3
F,gva_cp_meur,A,CP_MEUR,F,B1G,DK,2011,10031.8
F,gva_cp_meur,A,CP_MEUR,F,B1G,DK,2012,10137.4
F,gva_cp_meur,A,CP_MEUR,F,B1G,DK,2013,10249.3
F,gva_cp_meur,A,CP_MEUR,F,B1G,DK,2014,10652.1
F,gva_cp_meur,A,CP_MEUR,F,B1G,DK,2015,11821.8
F,gva_cp_meur,A,CP_MEUR,F,B1G,DK,2016,13448.4
F,gva_cp_meur,A,CP_MEUR,F,B1G,DK,2017,14389.1
F,gva_cp_meur,A,CP_MEUR,F,B1G,DK,2018,14815.1
F,gva_cp_meur,A,CP_MEUR,F,B1G,DK,2019,14717.2
F,gva_cp_meur,A,CP_MEUR,F,B1G,DK,2020,14659.9
F,gva_cp_meur,A,CP_MEUR,F,B1G,DK,2021,16002.2
F,gva_cp_meur,A,CP_MEUR,F,B1G,DK,2022,16897.2
F,gva_cp_meur,A,CP_MEUR,F,B1G,DK,2023,17018.6
F,gva_cp_meur,A,CP_MEUR,F,B1G,DK,2024,17430.9
F,gva_cp_meur,A,CP_MEUR,F,B1G,DK,2025,18580.2
F,gva_cp_meur,A,CP_MEUR,F,B1G,PT,1995,5223.9
F,gva_cp_meur,A,CP_MEUR,F,B1G,PT,1996,5590.9
F,gva_cp_meur,A,CP_MEUR,F,B1G,PT,1997,6417.9
F,gva_cp_meur,A,CP_MEUR,F,B1G,PT,1998,7017.2
F,gva_cp_meur,A,CP_MEUR,F,B1G,PT,1999,7616.7
F,gva_cp_meur,A,CP_MEUR,F,B1G,PT,2000,8602.8
F,gva_cp_meur,A,CP_MEUR,F,B1G,PT,2001,9226.6
F,gva_cp_meur,A,CP_MEUR,F,B1G,PT,2002,9479.4
F,gva_cp_meur,A,CP_MEUR,F,B1G,PT,2003,9157.8
F,gva_cp_meur,A,CP_MEUR,F,B1G,PT,2004,9465.0
F,gva_cp_meur,A,CP_MEUR,F,B1G,PT,2005,9538.3
F,gva_cp_meur,A,CP_MEUR,F,B1G,PT,2006,9682.1
F,gva_cp_meur,A,CP_MEUR,F,B1G,PT,2007,10291.2
F,gva_cp_meur,A,CP_MEUR,F,B1G,PT,2008,10528.8
F,gva_cp_meur,A,CP_MEUR,F,B1G,PT,2009,9767.9
F,gva_cp_meur,A,CP_MEUR,F,B1G,PT,2010,9244.9
F,gva_cp_meur,A,CP_MEUR,F,B1G,PT,2011,8484.3
F,gva_cp_meur,A,CP_MEUR,F,B1G,PT,2012,7173.9
F,gva_cp_meur,A,CP_MEUR,F,B1G,PT,2013,6773.0
F,gva_cp_meur,A,CP_MEUR,F,B1G,PT,2014,6304.4
F,gva_cp_meur,A,CP_MEUR,F,B1G,PT,2015,6398.1
F,gva_cp_meur,A,CP_MEUR,F,B1G,PT,2016,6523.8
F,gva_cp_meur,A,CP_MEUR,F,B1G,PT,2017,6920.3
F,gva_cp_meur,A,CP_MEUR,F,B1G,PT,2018,7541.1
F,gva_cp_meur,A,CP_MEUR,F,B1G,PT,2019,8151.7
F,gva_cp_meur,A,CP_MEUR,F,B1G,PT,2020,8352.2
F,gva_cp_meur,A,CP_MEUR,F,B1G,PT,2021,8695.7
F,gva_cp_meur,A,CP_MEUR,F,B1G,PT,2022,10048.2
F,gva_cp_meur,A,CP_MEUR,F,B1G,PT,2023,11547.6
F,gva_cp_meur,A,CP_MEUR,F,B1G,PT,2024,12779.3
F,gva_cp_meur,A,CP_MEUR,F,B1G,CZ,1995,3199.1
F,gva_cp_meur,A,CP_MEUR,F,B1G,CZ,1996,3714.4
F,gva_cp_meur,A,CP_MEUR,F,B1G,CZ,1997,3732.7
F,gva_cp_meur,A,CP_MEUR,F,B1G,CZ,1998,3997.2
F,gva_cp_meur,A,CP_MEUR,F,B1G,CZ,1999,3771.6
F,gva_cp_meur,A,CP_MEUR,F,B1G,CZ,2000,3762.7
F,gva_cp_meur,A,CP_MEUR,F,B1G,CZ,2001,4145.7
F,gva_cp_meur,A,CP_MEUR,F,B1G,CZ,2002,5081.4
F,gva_cp_meur,A,CP_MEUR,F,B1G,CZ,2003,5287.3
F,gva_cp_meur,A,CP_MEUR,F,B1G,CZ,2004,5654.7
F,gva_cp_meur,A,CP_MEUR,F,B1G,CZ,2005,6648.9
F,gva_cp_meur,A,CP_MEUR,F,B1G,CZ,2006,7167.7
F,gva_cp_meur,A,CP_MEUR,F,B1G,CZ,2007,8047.0
F,gva_cp_meur,A,CP_MEUR,F,B1G,CZ,2008,9300.6
F,gva_cp_meur,A,CP_MEUR,F,B1G,CZ,2009,9420.2
F,gva_cp_meur,A,CP_MEUR,F,B1G,CZ,2010,10071.0
F,gva_cp_meur,A,CP_MEUR,F,B1G,CZ,2011,9588.4
F,gva_cp_meur,A,CP_MEUR,F,B1G,CZ,2012,8622.9
F,gva_cp_meur,A,CP_MEUR,F,B1G,CZ,2013,8207.0
F,gva_cp_meur,A,CP_MEUR,F,B1G,CZ,2014,8040.9
F,gva_cp_meur,A,CP_MEUR,F,B1G,CZ,2015,8579.2
F,gva_cp_meur,A,CP_MEUR,F,B1G,CZ,2016,8659.1
F,gva_cp_meur,A,CP_MEUR,F,B1G,CZ,2017,9451.5
F,gva_cp_meur,A,CP_MEUR,F,B1G,CZ,2018,10502.2
F,gva_cp_meur,A,CP_MEUR,F,B1G,CZ,2019,11284.0
F,gva_cp_meur,A,CP_MEUR,F,B1G,CZ,2020,11049.4
F,gva_cp_meur,A,CP_MEUR,F,B1G,CZ,2021,12174.5
F,gva_cp_meur,A,CP_MEUR,F,B1G,CZ,2022,14286.7
F,gva_cp_meur,A,CP_MEUR,F,B1G,CZ,2023,16416.1
F,gva_cp_meur,A,CP_MEUR,F,B1G,CZ,2024,16564.7
F,gva_cp_meur,A,CP_MEUR,F,B1G,CZ,2025,18873.1
F,gva_cp_meur,A,CP_MEUR,F,B1G,HU,1995,1498.2
F,gva_cp_meur,A,CP_MEUR,F,B1G,HU,1996,1438.8
F,gva_cp_meur,A,CP_MEUR,F,B1G,HU,1997,1746.8
F,gva_cp_meur,A,CP_MEUR,F,B1G,HU,1998,1815.5
F,gva_cp_meur,A,CP_MEUR,F,B1G,HU,1999,1962.4
F,gva_cp_meur,A,CP_MEUR,F,B1G,HU,2000,2217.1
F,gva_cp_meur,A,CP_MEUR,F,B1G,HU,2001,2805.4
F,gva_cp_meur,A,CP_MEUR,F,B1G,HU,2002,3601.7
F,gva_cp_meur,A,CP_MEUR,F,B1G,HU,2003,3523.1
F,gva_cp_meur,A,CP_MEUR,F,B1G,HU,2004,3833.0
F,gva_cp_meur,A,CP_MEUR,F,B1G,HU,2005,4509.7
F,gva_cp_meur,A,CP_MEUR,F,B1G,HU,2006,4263.0
F,gva_cp_meur,A,CP_MEUR,F,B1G,HU,2007,4324.6
F,gva_cp_meur,A,CP_MEUR,F,B1G,HU,2008,4535.7
F,gva_cp_meur,A,CP_MEUR,F,B1G,HU,2009,3889.8
F,gva_cp_meur,A,CP_MEUR,F,B1G,HU,2010,3505.8
F,gva_cp_meur,A,CP_MEUR,F,B1G,HU,2011,3502.7
F,gva_cp_meur,A,CP_MEUR,F,B1G,HU,2012,3240.6
F,gva_cp_meur,A,CP_MEUR,F,B1G,HU,2013,3492.2
F,gva_cp_meur,A,CP_MEUR,F,B1G,HU,2014,3761.1
F,gva_cp_meur,A,CP_MEUR,F,B1G,HU,2015,4006.2
F,gva_cp_meur,A,CP_MEUR,F,B1G,HU,2016,3530.2
F,gva_cp_meur,A,CP_MEUR,F,B1G,HU,2017,4591.5
F,gva_cp_meur,A,CP_MEUR,F,B1G,HU,2018,5836.2
F,gva_cp_meur,A,CP_MEUR,F,B1G,HU,2019,7192.7
F,gva_cp_meur,A,CP_MEUR,F,B1G,HU,2020,6698.0
F,gva_cp_meur,A,CP_MEUR,F,B1G,HU,2021,8052.4
F,gva_cp_meur,A,CP_MEUR,F,B1G,HU,2022,9150.7
F,gva_cp_meur,A,CP_MEUR,F,B1G,HU,2023,10443.1
F,gva_cp_meur,A,CP_MEUR,F,B1G,HU,2024,10547.7
F,gva_cp_meur,A,CP_MEUR,F,B1G,FI,1980,2555.4
F,gva_cp_meur,A,CP_MEUR,F,B1G,FI,1981,3083.9
F,gva_cp_meur,A,CP_MEUR,F,B1G,FI,1982,3569.6
F,gva_cp_meur,A,CP_MEUR,F,B1G,FI,1983,3950.9
F,gva_cp_meur,A,CP_MEUR,F,B1G,FI,1984,4447.9
F,gva_cp_meur,A,CP_MEUR,F,B1G,FI,1985,4550.9
F,gva_cp_meur,A,CP_MEUR,F,B1G,FI,1986,4625.5
F,gva_cp_meur,A,CP_MEUR,F,B1G,FI,1987,4918.4
F,gva_cp_meur,A,CP_MEUR,F,B1G,FI,1988,6011.2
F,gva_cp_meur,A,CP_MEUR,F,B1G,FI,1989,7990.1
F,gva_cp_meur,A,CP_MEUR,F,B1G,FI,1990,8101.2
F,gva_cp_meur,A,CP_MEUR,F,B1G,FI,1991,6903.7
F,gva_cp_meur,A,CP_MEUR,F,B1G,FI,1992,4519.4
F,gva_cp_meur,A,CP_MEUR,F,B1G,FI,1993,3238.2
F,gva_cp_meur,A,CP_MEUR,F,B1G,FI,1994,3690.9
F,gva_cp_meur,A,CP_MEUR,F,B1G,FI,1995,4327.6
F,gva_cp_meur,A,CP_MEUR,F,B1G,FI,1996,4752.0
F,gva_cp_meur,A,CP_MEUR,F,B1G,FI,1997,5203.0
F,gva_cp_meur,A,CP_MEUR,F,B1G,FI,1998,5959.1
F,gva_cp_meur,A,CP_MEUR,F,B1G,FI,1999,6602.0
F,gva_cp_meur,A,CP_MEUR,F,B1G,FI,2000,7344.0
F,gva_cp_meur,A,CP_MEUR,F,B1G,FI,2001,7464.0
F,gva_cp_meur,A,CP_MEUR,F,B1G,FI,2002,7254.0
F,gva_cp_meur,A,CP_MEUR,F,B1G,FI,2003,7652.0
F,gva_cp_meur,A,CP_MEUR,F,B1G,FI,2004,8329.0
F,gva_cp_meur,A,CP_MEUR,F,B1G,FI,2005,9256.0
F,gva_cp_meur,A,CP_MEUR,F,B1G,FI,2006,9904.0
F,gva_cp_meur,A,CP_MEUR,F,B1G,FI,2007,11040.0
F,gva_cp_meur,A,CP_MEUR,F,B1G,FI,2008,11824.0
F,gva_cp_meur,A,CP_MEUR,F,B1G,FI,2009,10733.0
F,gva_cp_meur,A,CP_MEUR,F,B1G,FI,2010,10724.0
F,gva_cp_meur,A,CP_MEUR,F,B1G,FI,2011,11068.0
F,gva_cp_meur,A,CP_MEUR,F,B1G,FI,2012,11406.0
F,gva_cp_meur,A,CP_MEUR,F,B1G,FI,2013,11327.0
F,gva_cp_meur,A,CP_MEUR,F,B1G,FI,2014,11085.0
F,gva_cp_meur,A,CP_MEUR,F,B1G,FI,2015,11472.0
F,gva_cp_meur,A,CP_MEUR,F,B1G,FI,2016,12534.0
F,gva_cp_meur,A,CP_MEUR,F,B1G,FI,2017,13637.0
F,gva_cp_meur,A,CP_MEUR,F,B1G,FI,2018,14546.0
F,gva_cp_meur,A,CP_MEUR,F,B1G,FI,2019,14966.0
F,gva_cp_meur,A,CP_MEUR,F,B1G,FI,2020,15368.0
F,gva_cp_meur,A,CP_MEUR,F,B1G,FI,2021,14924.0
F,gva_cp_meur,A,CP_MEUR,F,B1G,FI,2022,15211.0
F,gva_cp_meur,A,CP_MEUR,F,B1G,FI,2023,14921.0
F,gva_cp_meur,A,CP_MEUR,F,B1G,FI,2024,13900.0
F,gva_cp_meur,A,CP_MEUR,F,B1G,FI,2025,13899.0
F,gva_cp_meur,A,CP_MEUR,F,B1G,EL,1995,4914.5
F,gva_cp_meur,A,CP_MEUR,F,B1G,EL,1996,5506.4
F,gva_cp_meur,A,CP_MEUR,F,B1G,EL,1997,6300.8
F,gva_cp_meur,A,CP_MEUR,F,B1G,EL,1998,7038.6
F,gva_cp_meur,A,CP_MEUR,F,B1G,EL,1999,8113.0
F,gva_cp_meur,A,CP_MEUR,F,B1G,EL,2000,8071.2
F,gva_cp_meur,A,CP_MEUR,F,B1G,EL,2001,8796.3
F,gva_cp_meur,A,CP_MEUR,F,B1G,EL,2002,9280.0
F,gva_cp_meur,A,CP_MEUR,F,B1G,EL,2003,13026.3
F,gva_cp_meur,A,CP_MEUR,F,B1G,EL,2004,14862.3
F,gva_cp_meur,A,CP_MEUR,F,B1G,EL,2005,11225.8
F,gva_cp_meur,A,CP_MEUR,F,B1G,EL,2006,17902.4
F,gva_cp_meur,A,CP_MEUR,F,B1G,EL,2007,15742.0
F,gva_cp_meur,A,CP_MEUR,F,B1G,EL,2008,12220.3
F,gva_cp_meur,A,CP_MEUR,F,B1G,EL,2009,11279.6
F,gva_cp_meur,A,CP_MEUR,F,B1G,EL,2010,8747.7
F,gva_cp_meur,A,CP_MEUR,F,B1G,EL,2011,5834.9
F,gva_cp_meur,A,CP_MEUR,F,B1G,EL,2012,4239.0
F,gva_cp_meur,A,CP_MEUR,F,B1G,EL,2013,4453.2
F,gva_cp_meur,A,CP_MEUR,F,B1G,EL,2014,3001.3
F,gva_cp_meur,A,CP_MEUR,F,B1G,EL,2015,3201.7
F,gva_cp_meur,A,CP_MEUR,F,B1G,EL,2016,2881.0
F,gva_cp_meur,A,CP_MEUR,F,B1G,EL,2017,1930.4
F,gva_cp_meur,A,CP_MEUR,F,B1G,EL,2018,2330.2
F,gva_cp_meur,A,CP_MEUR,F,B1G,EL,2019,2458.0
F,gva_cp_meur,A,CP_MEUR,F,B1G,EL,2020,2374.4
F,gva_cp_meur,A,CP_MEUR,F,B1G,EL,2021,3025.8
F,gva_cp_meur,A,CP_MEUR,F,B1G,EL,2022,3897.4
F,gva_cp_meur,A,CP_MEUR,F,B1G,EL,2023,4438.8
F,gva_cp_meur,A,CP_MEUR,F,B1G,EL,2024,4574.0
F,gva_cp_meur,A,CP_MEUR,F,B1G,UK,1995,49108.9
F,gva_cp_meur,A,CP_MEUR,F,B1G,UK,1996,53629.9
F,gva_cp_meur,A,CP_MEUR,F,B1G,UK,1997,62719.9
F,gva_cp_meur,A,CP_MEUR,F,B1G,UK,1998,72697.8
F,gva_cp_meur,A,CP_MEUR,F,B1G,UK,1999,84001.3
F,gva_cp_meur,A,CP_MEUR,F,B1G,UK,2000,98242.8
F,gva_cp_meur,A,CP_MEUR,F,B1G,UK,2001,101104.7
F,gva_cp_meur,A,CP_MEUR,F,B1G,UK,2002,108603.3
F,gva_cp_meur,A,CP_MEUR,F,B1G,UK,2003,103177.8
F,gva_cp_meur,A,CP_MEUR,F,B1G,UK,2004,107480.9
F,gva_cp_meur,A,CP_MEUR,F,B1G,UK,2005,117490.5
F,gva_cp_meur,A,CP_MEUR,F,B1G,UK,2006,125538.0
F,gva_cp_meur,A,CP_MEUR,F,B1G,UK,2007,134677.2
F,gva_cp_meur,A,CP_MEUR,F,B1G,UK,2008,118477.2
F,gva_cp_meur,A,CP_MEUR,F,B1G,UK,2009,91051.0
F,gva_cp_meur,A,CP_MEUR,F,B1G,UK,2010,96190.4
F,gva_cp_meur,A,CP_MEUR,F,B1G,UK,2011,99042.5
F,gva_cp_meur,A,CP_MEUR,F,B1G,UK,2012,109212.3
F,gva_cp_meur,A,CP_MEUR,F,B1G,UK,2013,112167.1
F,gva_cp_meur,A,CP_MEUR,F,B1G,UK,2014,126316.2
F,gva_cp_meur,A,CP_MEUR,F,B1G,UK,2015,151330.9
F,gva_cp_meur,A,CP_MEUR,F,B1G,UK,2016,137955.8
F,gva_cp_meur,A,CP_MEUR,F,B1G,UK,2017,136374.0
F,gva_cp_meur,A,CP_MEUR,F,B1G,UK,2018,139253.5
M,gva_cp_meur,A,CP_MEUR,M,B1G,EU27_2020,1995,323118.9
M,gva_cp_meur,A,CP_MEUR,M,B1G,EU27_2020,1996,343374.2
M,gva_cp_meur,A,CP_MEUR,M,B1G,EU27_2020,1997,357311.0
M,gva_cp_meur,A,CP_MEUR,M,B1G,EU27_2020,1998,372955.4
M,gva_cp_meur,A,CP_MEUR,M,B1G,EU27_2020,1999,400536.2
M,gva_cp_meur,A,CP_MEUR,M,B1G,EU27_2020,2000,434910.4
M,gva_cp_meur,A,CP_MEUR,M,B1G,EU27_2020,2001,459338.2
M,gva_cp_meur,A,CP_MEUR,M,B1G,EU27_2020,2002,475841.4
M,gva_cp_meur,A,CP_MEUR,M,B1G,EU27_2020,2003,491164.9
M,gva_cp_meur,A,CP_MEUR,M,B1G,EU27_2020,2004,506151.7
M,gva_cp_meur,A,CP_MEUR,M,B1G,EU27_2020,2005,532862.0
M,gva_cp_meur,A,CP_MEUR,M,B1G,EU27_2020,2006,566771.6
M,gva_cp_meur,A,CP_MEUR,M,B1G,EU27_2020,2007,606752.5
M,gva_cp_meur,A,CP_MEUR,M,B1G,EU27_2020,2008,642162.4
M,gva_cp_meur,A,CP_MEUR,M,B1G,EU27_2020,2009,607856.1
M,gva_cp_meur,A,CP_MEUR,M,B1G,EU27_2020,2010,624200.0
M,gva_cp_meur,A,CP_MEUR,M,B1G,EU27_2020,2011,647421.9
M,gva_cp_meur,A,CP_MEUR,M,B1G,EU27_2020,2012,655578.2
M,gva_cp_meur,A,CP_MEUR,M,B1G,EU27_2020,2013,675364.9
M,gva_cp_meur,A,CP_MEUR,M,B1G,EU27_2020,2014,690706.3
M,gva_cp_meur,A,CP_MEUR,M,B1G,EU27_2020,2015,725075.9
M,gva_cp_meur,A,CP_MEUR,M,B1G,EU27_2020,2016,751824.4
M,gva_cp_meur,A,CP_MEUR,M,B1G,EU27_2020,2017,799066.0
M,gva_cp_meur,A,CP_MEUR,M,B1G,EU27_2020,2018,837027.7
M,gva_cp_meur,A,CP_MEUR,M,B1G,EU27_2020,2019,861424.5
M,gva_cp_meur,A,CP_MEUR,M,B1G,EU27_2020,2020,862077.8
M,gva_cp_meur,A,CP_MEUR,M,B1G,EU27_2020,2021,946080.9
M,gva_cp_meur,A,CP_MEUR,M,B1G,EU27_2020,2022,1014281.3
M,gva_cp_meur,A,CP_MEUR,M,B1G,EU27_2020,2023,1104208.8
M,gva_cp_meur,A,CP_MEUR,M,B1G,EU27_2020,2024,1157471.2
M,gva_cp_meur,A,CP_MEUR,M,B1G,DE,1995,116462.6
M,gva_cp_meur,A,CP_MEUR,M,B1G,DE,1996,117228.5
M,gva_cp_meur,A,CP_MEUR,M,B1G,DE,1997,115038.3
M,gva_cp_meur,A,CP_MEUR,M,B1G,DE,1998,119070.4
M,gva_cp_meur,A,CP_MEUR,M,B1G,DE,1999,126801.0
M,gva_cp_meur,A,CP_MEUR,M,B1G,DE,2000,132486.0
M,gva_cp_meur,A,CP_MEUR,M,B1G,DE,2001,138402.0
M,gva_cp_meur,A,CP_MEUR,M,B1G,DE,2002,139761.0
M,gva_cp_meur,A,CP_MEUR,M,B1G,DE,2003,138171.0
M,gva_cp_meur,A,CP_MEUR,M,B1G,DE,2004,134795.0
M,gva_cp_meur,A,CP_MEUR,M,B1G,DE,2005,138157.0
M,gva_cp_meur,A,CP_MEUR,M,B1G,DE,2006,143702.0
M,gva_cp_meur,A,CP_MEUR,M,B1G,DE,2007,151912.0
M,gva_cp_meur,A,CP_MEUR,M,B1G,DE,2008,158768.0
M,gva_cp_meur,A,CP_MEUR,M,B1G,DE,2009,139144.0
M,gva_cp_meur,A,CP_MEUR,M,B1G,DE,2010,146171.0
M,gva_cp_meur,A,CP_MEUR,M,B1G,DE,2011,151998.0
M,gva_cp_meur,A,CP_MEUR,M,B1G,DE,2012,156385.0
M,gva_cp_meur,A,CP_MEUR,M,B1G,DE,2013,165280.0
M,gva_cp_meur,A,CP_MEUR,M,B1G,DE,2014,168017.0
M,gva_cp_meur,A,CP_MEUR,M,B1G,DE,2015,177791.0
M,gva_cp_meur,A,CP_MEUR,M,B1G,DE,2016,188644.0
M,gva_cp_meur,A,CP_MEUR,M,B1G,DE,2017,205038.0
M,gva_cp_meur,A,CP_MEUR,M,B1G,DE,2018,214613.0
M,gva_cp_meur,A,CP_MEUR,M,B1G,DE,2019,212201.0
M,gva_cp_meur,A,CP_MEUR,M,B1G,DE,2020,215016.0
M,gva_cp_meur,A,CP_MEUR,M,B1G,DE,2021,238914.0
M,gva_cp_meur,A,CP_MEUR,M,B1G,DE,2022,244865.0
M,gva_cp_meur,A,CP_MEUR,M,B1G,DE,2023,267634.0
M,gva_cp_meur,A,CP_MEUR,M,B1G,DE,2024,278550.0
M,gva_cp_meur,A,CP_MEUR,M,B1G,FR,1978,16871.8
M,gva_cp_meur,A,CP_MEUR,M,B1G,FR,1979,18677.8
M,gva_cp_meur,A,CP_MEUR,M,B1G,FR,1980,22187.7
M,gva_cp_meur,A,CP_MEUR,M,B1G,FR,1981,25104.3
M,gva_cp_meur,A,CP_MEUR,M,B1G,FR,1982,26631.5
M,gva_cp_meur,A,CP_MEUR,M,B1G,FR,1983,28275.2
M,gva_cp_meur,A,CP_MEUR,M,B1G,FR,1984,30971.4
M,gva_cp_meur,A,CP_MEUR,M,B1G,FR,1985,34272.7
M,gva_cp_meur,A,CP_MEUR,M,B1G,FR,1986,38948.2
M,gva_cp_meur,A,CP_MEUR,M,B1G,FR,1987,40572.5
M,gva_cp_meur,A,CP_MEUR,M,B1G,FR,1988,44374.4
M,gva_cp_meur,A,CP_MEUR,M,B1G,FR,1989,49468.2
M,gva_cp_meur,A,CP_MEUR,M,B1G,FR,1990,53398.7
M,gva_cp_meur,A,CP_MEUR,M,B1G,FR,1991,55809.6
M,gva_cp_meur,A,CP_MEUR,M,B1G,FR,1992,59389.6
M,gva_cp_meur,A,CP_MEUR,M,B1G,FR,1993,61565.9
M,gva_cp_meur,A,CP_MEUR,M,B1G,FR,1994,63508.6
M,gva_cp_meur,A,CP_MEUR,M,B1G,FR,1995,67589.4
M,gva_cp_meur,A,CP_MEUR,M,B1G,FR,1996,71060.1
M,gva_cp_meur,A,CP_MEUR,M,B1G,FR,1997,72137.6
M,gva_cp_meur,A,CP_MEUR,M,B1G,FR,1998,76609.9
M,gva_cp_meur,A,CP_MEUR,M,B1G,FR,1999,81803.6
M,gva_cp_meur,A,CP_MEUR,M,B1G,FR,2000,87762.1
M,gva_cp_meur,A,CP_MEUR,M,B1G,FR,2001,93486.3
M,gva_cp_meur,A,CP_MEUR,M,B1G,FR,2002,98764.1
M,gva_cp_meur,A,CP_MEUR,M,B1G,FR,2003,103304.3
M,gva_cp_meur,A,CP_MEUR,M,B1G,FR,2004,109241.0
M,gva_cp_meur,A,CP_MEUR,M,B1G,FR,2005,116015.2
M,gva_cp_meur,A,CP_MEUR,M,B1G,FR,2006,124946.1
M,gva_cp_meur,A,CP_MEUR,M,B1G,FR,2007,133097.5
M,gva_cp_meur,A,CP_MEUR,M,B1G,FR,2008,139644.1
M,gva_cp_meur,A,CP_MEUR,M,B1G,FR,2009,134870.1
M,gva_cp_meur,A,CP_MEUR,M,B1G,FR,2010,140541.2
M,gva_cp_meur,A,CP_MEUR,M,B1G,FR,2011,148859.5
M,gva_cp_meur,A,CP_MEUR,M,B1G,FR,2012,150652.2
M,gva_cp_meur,A,CP_MEUR,M,B1G,FR,2013,152816.6
M,gva_cp_meur,A,CP_MEUR,M,B1G,FR,2014,155743.3
M,gva_cp_meur,A,CP_MEUR,M,B1G,FR,2015,160030.6
M,gva_cp_meur,A,CP_MEUR,M,B1G,FR,2016,164070.5
M,gva_cp_meur,A,CP_MEUR,M,B1G,FR,2017,170237.5
M,gva_cp_meur,A,CP_MEUR,M,B1G,FR,2018,176116.9
M,gva_cp_meur,A,CP_MEUR,M,B1G,FR,2019,185584.3
M,gva_cp_meur,A,CP_MEUR,M,B1G,FR,2020,177320.0
M,gva_cp_meur,A,CP_MEUR,M,B1G,FR,2021,192205.5
M,gva_cp_meur,A,CP_MEUR,M,B1G,FR,2022,203163.2
M,gva_cp_meur,A,CP_MEUR,M,B1G,FR,2023,210556.8
M,gva_cp_meur,A,CP_MEUR,M,B1G,FR,2024,219963.3
M,gva_cp_meur,A,CP_MEUR,M,B1G,FR,2025,225141.5
M,gva_cp_meur,A,CP_MEUR,M,B1G,NL,1995,21680.0
M,gva_cp_meur,A,CP_MEUR,M,B1G,NL,1996,23210.8
M,gva_cp_meur,A,CP_MEUR,M,B1G,NL,1997,24602.8
M,gva_cp_meur,A,CP_MEUR,M,B1G,NL,1998,25829.0
M,gva_cp_meur,A,CP_MEUR,M,B1G,NL,1999,28868.0
M,gva_cp_meur,A,CP_MEUR,M,B1G,NL,2000,31704.0
M,gva_cp_meur,A,CP_MEUR,M,B1G,NL,2001,35214.0
M,gva_cp_meur,A,CP_MEUR,M,B1G,NL,2002,36168.0
M,gva_cp_meur,A,CP_MEUR,M,B1G,NL,2003,36443.0
M,gva_cp_meur,A,CP_MEUR,M,B1G,NL,2004,37799.0
M,gva_cp_meur,A,CP_MEUR,M,B1G,NL,2005,39767.0
M,gva_cp_meur,A,CP_MEUR,M,B1G,NL,2006,42989.0
M,gva_cp_meur,A,CP_MEUR,M,B1G,NL,2007,46313.0
M,gva_cp_meur,A,CP_MEUR,M,B1G,NL,2008,49451.0
M,gva_cp_meur,A,CP_MEUR,M,B1G,NL,2009,48609.0
M,gva_cp_meur,A,CP_MEUR,M,B1G,NL,2010,48082.0
M,gva_cp_meur,A,CP_MEUR,M,B1G,NL,2011,49619.0
M,gva_cp_meur,A,CP_MEUR,M,B1G,NL,2012,49397.0
M,gva_cp_meur,A,CP_MEUR,M,B1G,NL,2013,49251.0
M,gva_cp_meur,A,CP_MEUR,M,B1G,NL,2014,51591.0
M,gva_cp_meur,A,CP_MEUR,M,B1G,NL,2015,54992.0
M,gva_cp_meur,A,CP_MEUR,M,B1G,NL,2016,56939.0
M,gva_cp_meur,A,CP_MEUR,M,B1G,NL,2017,59523.0
M,gva_cp_meur,A,CP_MEUR,M,B1G,NL,2018,62456.0
M,gva_cp_meur,A,CP_MEUR,M,B1G,NL,2019,65436.0
M,gva_cp_meur,A,CP_MEUR,M,B1G,NL,2020,67882.0
M,gva_cp_meur,A,CP_MEUR,M,B1G,NL,2021,74731.0
M,gva_cp_meur,A,CP_MEUR,M,B1G,NL,2022,81277.0
M,gva_cp_meur,A,CP_MEUR,M,B1G,NL,2023,87475.0
M,gva_cp_meur,A,CP_MEUR,M,B1G,NL,2024,91744.0
M,gva_cp_meur,A,CP_MEUR,M,B1G,NL,2025,96028.0
M,gva_cp_meur,A,CP_MEUR,M,B1G,PL,1995,2186.4
M,gva_cp_meur,A,CP_MEUR,M,B1G,PL,1996,2292.3
M,gva_cp_meur,A,CP_MEUR,M,B1G,PL,1997,3350.6
M,gva_cp_meur,A,CP_MEUR,M,B1G,PL,1998,4821.7
M,gva_cp_meur,A,CP_MEUR,M,B1G,PL,1999,5153.0
M,gva_cp_meur,A,CP_MEUR,M,B1G,PL,2000,8602.1
M,gva_cp_meur,A,CP_MEUR,M,B1G,PL,2001,9719.2
M,gva_cp_meur,A,CP_MEUR,M,B1G,PL,2002,9316.4
M,gva_cp_meur,A,CP_MEUR,M,B1G,PL,2003,8648.3
M,gva_cp_meur,A,CP_MEUR,M,B1G,PL,2004,8663.3
M,gva_cp_meur,A,CP_MEUR,M,B1G,PL,2005,10904.5
M,gva_cp_meur,A,CP_MEUR,M,B1G,PL,2006,12356.3
M,gva_cp_meur,A,CP_MEUR,M,B1G,PL,2007,14280.7
M,gva_cp_meur,A,CP_MEUR,M,B1G,PL,2008,17207.1
M,gva_cp_meur,A,CP_MEUR,M,B1G,PL,2009,15294.4
M,gva_cp_meur,A,CP_MEUR,M,B1G,PL,2010,15527.8
M,gva_cp_meur,A,CP_MEUR,M,B1G,PL,2011,15607.9
M,gva_cp_meur,A,CP_MEUR,M,B1G,PL,2012,16695.6
M,gva_cp_meur,A,CP_MEUR,M,B1G,PL,2013,18267.3
M,gva_cp_meur,A,CP_MEUR,M,B1G,PL,2014,19452.5
M,gva_cp_meur,A,CP_MEUR,M,B1G,PL,2015,21954.8
M,gva_cp_meur,A,CP_MEUR,M,B1G,PL,2016,20600.2
M,gva_cp_meur,A,CP_MEUR,M,B1G,PL,2017,23883.7
M,gva_cp_meur,A,CP_MEUR,M,B1G,PL,2018,26223.6
M,gva_cp_meur,A,CP_MEUR,M,B1G,PL,2019,27117.2
M,gva_cp_meur,A,CP_MEUR,M,B1G,PL,2020,27153.0
M,gva_cp_meur,A,CP_MEUR,M,B1G,PL,2021,28697.8
M,gva_cp_meur,A,CP_MEUR,M,B1G,PL,2022,30885.2
M,gva_cp_meur,A,CP_MEUR,M,B1G,PL,2023,38394.1
M,gva_cp_meur,A,CP_MEUR,M,B1G,PL,2024,41446.7
M,gva_cp_meur,A,CP_MEUR,M,B1G,RO,1995,413.6
M,gva_cp_meur,A,CP_MEUR,M,B1G,RO,1996,442.9
M,gva_cp_meur,A,CP_MEUR,M,B1G,RO,1997,590.9
M,gva_cp_meur,A,CP_MEUR,M,B1G,RO,1998,629.0
M,gva_cp_meur,A,CP_MEUR,M,B1G,RO,1999,571.9
M,gva_cp_meur,A,CP_MEUR,M,B1G,RO,2000,694.0
M,gva_cp_meur,A,CP_MEUR,M,B1G,RO,2001,667.8
M,gva_cp_meur,A,CP_MEUR,M,B1G,RO,2002,940.1
M,gva_cp_meur,A,CP_MEUR,M,B1G,RO,2003,1059.7
M,gva_cp_meur,A,CP_MEUR,M,B1G,RO,2004,1158.7
M,gva_cp_meur,A,CP_MEUR,M,B1G,RO,2005,1540.5
M,gva_cp_meur,A,CP_MEUR,M,B1G,RO,2006,2360.2
M,gva_cp_meur,A,CP_MEUR,M,B1G,RO,2007,3149.5
M,gva_cp_meur,A,CP_MEUR,M,B1G,RO,2008,4142.9
M,gva_cp_meur,A,CP_MEUR,M,B1G,RO,2009,3730.6
M,gva_cp_meur,A,CP_MEUR,M,B1G,RO,2010,3515.8
M,gva_cp_meur,A,CP_MEUR,M,B1G,RO,2011,4624.9
M,gva_cp_meur,A,CP_MEUR,M,B1G,RO,2012,4821.7
M,gva_cp_meur,A,CP_MEUR,M,B1G,RO,2013,6393.1
M,gva_cp_meur,A,CP_MEUR,M,B1G,RO,2014,6390.2
M,gva_cp_meur,A,CP_MEUR,M,B1G,RO,2015,7959.8
M,gva_cp_meur,A,CP_MEUR,M,B1G,RO,2016,8071.4
M,gva_cp_meur,A,CP_MEUR,M,B1G,RO,2017,9420.6
M,gva_cp_meur,A,CP_MEUR,M,B1G,RO,2018,9712.4
M,gva_cp_meur,A,CP_MEUR,M,B1G,RO,2019,11479.3
M,gva_cp_meur,A,CP_MEUR,M,B1G,RO,2020,10894.9
M,gva_cp_meur,A,CP_MEUR,M,B1G,RO,2021,11289.4
M,gva_cp_meur,A,CP_MEUR,M,B1G,RO,2022,14940.5
M,gva_cp_meur,A,CP_MEUR,M,B1G,RO,2023,17282.2
M,gva_cp_meur,A,CP_MEUR,M,B1G,RO,2024,19620.0
M,gva_cp_meur,A,CP_MEUR,M,B1G,IT,1995,51417.3
M,gva_cp_meur,A,CP_MEUR,M,B1G,IT,1996,60701.9
M,gva_cp_meur,A,CP_MEUR,M,B1G,IT,1997,68454.7
M,gva_cp_meur,A,CP_MEUR,M,B1G,IT,1998,67331.6
M,gva_cp_meur,A,CP_MEUR,M,B1G,IT,1999,71560.5
M,gva_cp_meur,A,CP_MEUR,M,B1G,IT,2000,79191.2
M,gva_cp_meur,A,CP_MEUR,M,B1G,IT,2001,80027.8
M,gva_cp_meur,A,CP_MEUR,M,B1G,IT,2002,83074.0
M,gva_cp_meur,A,CP_MEUR,M,B1G,IT,2003,89657.5
M,gva_cp_meur,A,CP_MEUR,M,B1G,IT,2004,91696.2
M,gva_cp_meur,A,CP_MEUR,M,B1G,IT,2005,93325.5
M,gva_cp_meur,A,CP_MEUR,M,B1G,IT,2006,93166.3
M,gva_cp_meur,A,CP_MEUR,M,B1G,IT,2007,95671.0
M,gva_cp_meur,A,CP_MEUR,M,B1G,IT,2008,98957.5
M,gva_cp_meur,A,CP_MEUR,M,B1G,IT,2009,96809.5
M,gva_cp_meur,A,CP_MEUR,M,B1G,IT,2010,98180.7
M,gva_cp_meur,A,CP_MEUR,M,B1G,IT,2011,97273.2
M,gva_cp_meur,A,CP_MEUR,M,B1G,IT,2012,95961.7
M,gva_cp_meur,A,CP_MEUR,M,B1G,IT,2013,94909.6
M,gva_cp_meur,A,CP_MEUR,M,B1G,IT,2014,95660.9
M,gva_cp_meur,A,CP_MEUR,M,B1G,IT,2015,97399.0
M,gva_cp_meur,A,CP_MEUR,M,B1G,IT,2016,99328.9
M,gva_cp_meur,A,CP_MEUR,M,B1G,IT,2017,101840.2
M,gva_cp_meur,A,CP_MEUR,M,B1G,IT,2018,105688.9
M,gva_cp_meur,A,CP_MEUR,M,B1G,IT,2019,103542.3
M,gva_cp_meur,A,CP_MEUR,M,B1G,IT,2020,105368.0
M,gva_cp_meur,A,CP_MEUR,M,B1G,IT,2021,112993.0
M,gva_cp_meur,A,CP_MEUR,M,B1G,IT,2022,123764.6
M,gva_cp_meur,A,CP_MEUR,M,B1G,IT,2023,138650.4
M,gva_cp_meur,A,CP_MEUR,M,B1G,IT,2024,140920.3
M,gva_cp_meur,A,CP_MEUR,M,B1G,IT,2025,144084.8
M,gva_cp_meur,A,CP_MEUR,M,B1G,ES,1995,14593.0
M,gva_cp_meur,A,CP_MEUR,M,B1G,ES,1996,15730.1
M,gva_cp_meur,A,CP_MEUR,M,B1G,ES,1997,16363.1
M,gva_cp_meur,A,CP_MEUR,M,B1G,ES,1998,17551.8
M,gva_cp_meur,A,CP_MEUR,M,B1G,ES,1999,18881.0
M,gva_cp_meur,A,CP_MEUR,M,B1G,ES,2000,20810.0
M,gva_cp_meur,A,CP_MEUR,M,B1G,ES,2001,23112.0
M,gva_cp_meur,A,CP_MEUR,M,B1G,ES,2002,24307.0
M,gva_cp_meur,A,CP_MEUR,M,B1G,ES,2003,26573.0
M,gva_cp_meur,A,CP_MEUR,M,B1G,ES,2004,28194.0
M,gva_cp_meur,A,CP_MEUR,M,B1G,ES,2005,31276.0
M,gva_cp_meur,A,CP_MEUR,M,B1G,ES,2006,35367.0
M,gva_cp_meur,A,CP_MEUR,M,B1G,ES,2007,38603.0
M,gva_cp_meur,A,CP_MEUR,M,B1G,ES,2008,42312.0
M,gva_cp_meur,A,CP_MEUR,M,B1G,ES,2009,43054.0
M,gva_cp_meur,A,CP_MEUR,M,B1G,ES,2010,40947.0
M,gva_cp_meur,A,CP_MEUR,M,B1G,ES,2011,41964.0
M,gva_cp_meur,A,CP_MEUR,M,B1G,ES,2012,40495.0
M,gva_cp_meur,A,CP_MEUR,M,B1G,ES,2013,40456.0
M,gva_cp_meur,A,CP_MEUR,M,B1G,ES,2014,42375.0
M,gva_cp_meur,A,CP_MEUR,M,B1G,ES,2015,45368.0
M,gva_cp_meur,A,CP_MEUR,M,B1G,ES,2016,46098.0
M,gva_cp_meur,A,CP_MEUR,M,B1G,ES,2017,48872.0
M,gva_cp_meur,A,CP_MEUR,M,B1G,ES,2018,52204.0
M,gva_cp_meur,A,CP_MEUR,M,B1G,ES,2019,55962.0
M,gva_cp_meur,A,CP_MEUR,M,B1G,ES,2020,53359.0
M,gva_cp_meur,A,CP_MEUR,M,B1G,ES,2021,59000.0
M,gva_cp_meur,A,CP_MEUR,M,B1G,ES,2022,65875.0
M,gva_cp_meur,A,CP_MEUR,M,B1G,ES,2023,71935.0
M,gva_cp_meur,A,CP_MEUR,M,B1G,ES,2024,74860.0
M,gva_cp_meur,A,CP_MEUR,M,B1G,IE,1995,1235.2
M,gva_cp_meur,A,CP_MEUR,M,B1G,IE,1996,1448.6
M,gva_cp_meur,A,CP_MEUR,M,B1G,IE,1997,1885.6
M,gva_cp_meur,A,CP_MEUR,M,B1G,IE,1998,2368.3
M,gva_cp_meur,A,CP_MEUR,M,B1G,IE,1999,2821.8
M,gva_cp_meur,A,CP_MEUR,M,B1G,IE,2000,3743.5
M,gva_cp_meur,A,CP_MEUR,M,B1G,IE,2001,4104.0
M,gva_cp_meur,A,CP_MEUR,M,B1G,IE,2002,4286.4
M,gva_cp_meur,A,CP_MEUR,M,B1G,IE,2003,4899.9
M,gva_cp_meur,A,CP_MEUR,M,B1G,IE,2004,5878.2
M,gva_cp_meur,A,CP_MEUR,M,B1G,IE,2005,6589.2
M,gva_cp_meur,A,CP_MEUR,M,B1G,IE,2006,7190.5
M,gva_cp_meur,A,CP_MEUR,M,B1G,IE,2007,7958.2
M,gva_cp_meur,A,CP_MEUR,M,B1G,IE,2008,7565.6
M,gva_cp_meur,A,CP_MEUR,M,B1G,IE,2009,6594.5
M,gva_cp_meur,A,CP_MEUR,M,B1G,IE,2010,6392.0
M,gva_cp_meur,A,CP_MEUR,M,B1G,IE,2011,7391.8
M,gva_cp_meur,A,CP_MEUR,M,B1G,IE,2012,7359.3
M,gva_cp_meur,A,CP_MEUR,M,B1G,IE,2013,8097.4
M,gva_cp_meur,A,CP_MEUR,M,B1G,IE,2014,9254.8
M,gva_cp_meur,A,CP_MEUR,M,B1G,IE,2015,10509.5
M,gva_cp_meur,A,CP_MEUR,M,B1G,IE,2016,10053.9
M,gva_cp_meur,A,CP_MEUR,M,B1G,IE,2017,12964.9
M,gva_cp_meur,A,CP_MEUR,M,B1G,IE,2018,15581.4
M,gva_cp_meur,A,CP_MEUR,M,B1G,IE,2019,18039.3
M,gva_cp_meur,A,CP_MEUR,M,B1G,IE,2020,20816.3
M,gva_cp_meur,A,CP_MEUR,M,B1G,IE,2021,23704.8
M,gva_cp_meur,A,CP_MEUR,M,B1G,IE,2022,27747.6
M,gva_cp_meur,A,CP_MEUR,M,B1G,IE,2023,31534.5
M,gva_cp_meur,A,CP_MEUR,M,B1G,IE,2024,33306.1
M,gva_cp_meur,A,CP_MEUR,M,B1G,BE,1995,13163.8
M,gva_cp_meur,A,CP_MEUR,M,B1G,BE,1996,13504.8
M,gva_cp_meur,A,CP_MEUR,M,B1G,BE,1997,14124.0
M,gva_cp_meur,A,CP_MEUR,M,B1G,BE,1998,15486.2
M,gva_cp_meur,A,CP_MEUR,M,B1G,BE,1999,16442.8
M,gva_cp_meur,A,CP_MEUR,M,B1G,BE,2000,17417.9
M,gva_cp_meur,A,CP_MEUR,M,B1G,BE,2001,18842.7
M,gva_cp_meur,A,CP_MEUR,M,B1G,BE,2002,18569.9
M,gva_cp_meur,A,CP_MEUR,M,B1G,BE,2003,19723.3
M,gva_cp_meur,A,CP_MEUR,M,B1G,BE,2004,21159.1
M,gva_cp_meur,A,CP_MEUR,M,B1G,BE,2005,22650.8
M,gva_cp_meur,A,CP_MEUR,M,B1G,BE,2006,24558.2
M,gva_cp_meur,A,CP_MEUR,M,B1G,BE,2007,26649.5
M,gva_cp_meur,A,CP_MEUR,M,B1G,BE,2008,28184.3
M,gva_cp_meur,A,CP_MEUR,M,B1G,BE,2009,29008.1
M,gva_cp_meur,A,CP_MEUR,M,B1G,BE,2010,29541.8
M,gva_cp_meur,A,CP_MEUR,M,B1G,BE,2011,31234.6
M,gva_cp_meur,A,CP_MEUR,M,B1G,BE,2012,32181.6
M,gva_cp_meur,A,CP_MEUR,M,B1G,BE,2013,34134.3
M,gva_cp_meur,A,CP_MEUR,M,B1G,BE,2014,35386.6
M,gva_cp_meur,A,CP_MEUR,M,B1G,BE,2015,36380.5
M,gva_cp_meur,A,CP_MEUR,M,B1G,BE,2016,37478.2
M,gva_cp_meur,A,CP_MEUR,M,B1G,BE,2017,40066.4
M,gva_cp_meur,A,CP_MEUR,M,B1G,BE,2018,42021.1
M,gva_cp_meur,A,CP_MEUR,M,B1G,BE,2019,43405.3
M,gva_cp_meur,A,CP_MEUR,M,B1G,BE,2020,43544.7
M,gva_cp_meur,A,CP_MEUR,M,B1G,BE,2021,47906.3
M,gva_cp_meur,A,CP_MEUR,M,B1G,BE,2022,52273.8
M,gva_cp_meur,A,CP_MEUR,M,B1G,BE,2023,57302.4
M,gva_cp_meur,A,CP_MEUR,M,B1G,BE,2024,60519.6
M,gva_cp_meur,A,CP_MEUR,M,B1G,AT,1995,5484.1
M,gva_cp_meur,A,CP_MEUR,M,B1G,AT,1996,5725.1
M,gva_cp_meur,A,CP_MEUR,M,B1G,AT,1997,5914.4
M,gva_cp_meur,A,CP_MEUR,M,B1G,AT,1998,6210.6
M,gva_cp_meur,A,CP_MEUR,M,B1G,AT,1999,6875.5
M,gva_cp_meur,A,CP_MEUR,M,B1G,AT,2000,7215.9
M,gva_cp_meur,A,CP_MEUR,M,B1G,AT,2001,7912.2
M,gva_cp_meur,A,CP_MEUR,M,B1G,AT,2002,8690.3
M,gva_cp_meur,A,CP_MEUR,M,B1G,AT,2003,8890.4
M,gva_cp_meur,A,CP_MEUR,M,B1G,AT,2004,9147.3
M,gva_cp_meur,A,CP_MEUR,M,B1G,AT,2005,9897.1
M,gva_cp_meur,A,CP_MEUR,M,B1G,AT,2006,10480.1
M,gva_cp_meur,A,CP_MEUR,M,B1G,AT,2007,11357.3
M,gva_cp_meur,A,CP_MEUR,M,B1G,AT,2008,12338.4
M,gva_cp_meur,A,CP_MEUR,M,B1G,AT,2009,12249.4
M,gva_cp_meur,A,CP_MEUR,M,B1G,AT,2010,12469.8
M,gva_cp_meur,A,CP_MEUR,M,B1G,AT,2011,13257.7
M,gva_cp_meur,A,CP_MEUR,M,B1G,AT,2012,13994.3
M,gva_cp_meur,A,CP_MEUR,M,B1G,AT,2013,14567.6
M,gva_cp_meur,A,CP_MEUR,M,B1G,AT,2014,15031.1
M,gva_cp_meur,A,CP_MEUR,M,B1G,AT,2015,16029.9
M,gva_cp_meur,A,CP_MEUR,M,B1G,AT,2016,16931.0
M,gva_cp_meur,A,CP_MEUR,M,B1G,AT,2017,17561.1
M,gva_cp_meur,A,CP_MEUR,M,B1G,AT,2018,18323.3
M,gva_cp_meur,A,CP_MEUR,M,B1G,AT,2019,19714.5
M,gva_cp_meur,A,CP_MEUR,M,B1G,AT,2020,19530.8
M,gva_cp_meur,A,CP_MEUR,M,B1G,AT,2021,20966.3
M,gva_cp_meur,A,CP_MEUR,M,B1G,AT,2022,22869.8
M,gva_cp_meur,A,CP_MEUR,M,B1G,AT,2023,23957.9
M,gva_cp_meur,A,CP_MEUR,M,B1G,AT,2024,25067.5
M,gva_cp_meur,A,CP_MEUR,M,B1G,SE,1993,6472.2
M,gva_cp_meur,A,CP_MEUR,M,B1G,SE,1994,7200.4
M,gva_cp_meur,A,CP_MEUR,M,B1G,SE,1995,7790.7
M,gva_cp_meur,A,CP_MEUR,M,B1G,SE,1996,9308.5
M,gva_cp_meur,A,CP_MEUR,M,B1G,SE,1997,9943.7
M,gva_cp_meur,A,CP_MEUR,M,B1G,SE,1998,10761.0
M,gva_cp_meur,A,CP_MEUR,M,B1G,SE,1999,12122.5
M,gva_cp_meur,A,CP_MEUR,M,B1G,SE,2000,14609.4
M,gva_cp_meur,A,CP_MEUR,M,B1G,SE,2001,14006.4
M,gva_cp_meur,A,CP_MEUR,M,B1G,SE,2002,14601.5
M,gva_cp_meur,A,CP_MEUR,M,B1G,SE,2003,14932.7
M,gva_cp_meur,A,CP_MEUR,M,B1G,SE,2004,16335.0
M,gva_cp_meur,A,CP_MEUR,M,B1G,SE,2005,16940.9
M,gva_cp_meur,A,CP_MEUR,M,B1G,SE,2006,19585.2
M,gva_cp_meur,A,CP_MEUR,M,B1G,SE,2007,21768.6
M,gva_cp_meur,A,CP_MEUR,M,B1G,SE,2008,20960.6
M,gva_cp_meur,A,CP_MEUR,M,B1G,SE,2009,17899.0
M,gva_cp_meur,A,CP_MEUR,M,B1G,SE,2010,22075.3
M,gva_cp_meur,A,CP_MEUR,M,B1G,SE,2011,24874.0
M,gva_cp_meur,A,CP_MEUR,M,B1G,SE,2012,26771.3
M,gva_cp_meur,A,CP_MEUR,M,B1G,SE,2013,28954.6
M,gva_cp_meur,A,CP_MEUR,M,B1G,SE,2014,28978.2
M,gva_cp_meur,A,CP_MEUR,M,B1G,SE,2015,29865.0
M,gva_cp_meur,A,CP_MEUR,M,B1G,SE,2016,31301.1
M,gva_cp_meur,A,CP_MEUR,M,B1G,SE,2017,33031.5
M,gva_cp_meur,A,CP_MEUR,M,B1G,SE,2018,32401.7
M,gva_cp_meur,A,CP_MEUR,M,B1G,SE,2019,33038.6
M,gva_cp_meur,A,CP_MEUR,M,B1G,SE,2020,34321.7
M,gva_cp_meur,A,CP_MEUR,M,B1G,SE,2021,37003.2
M,gva_cp_meur,A,CP_MEUR,M,B1G,SE,2022,39540.2
M,gva_cp_meur,A,CP_MEUR,M,B1G,SE,2023,39278.1
M,gva_cp_meur,A,CP_MEUR,M,B1G,SE,2024,42561.4
M,gva_cp_meur,A,CP_MEUR,M,B1G,DK,1975,813.4
M,gva_cp_meur,A,CP_MEUR,M,B1G,DK,1976,973.3
M,gva_cp_meur,A,CP_MEUR,M,B1G,DK,1977,1111.5
M,gva_cp_meur,A,CP_MEUR,M,B1G,DK,1978,1250.4
M,gva_cp_meur,A,CP_MEUR,M,B1G,DK,1979,1427.3
M,gva_cp_meur,A,CP_MEUR,M,B1G,DK,1980,1478.2
M,gva_cp_meur,A,CP_MEUR,M,B1G,DK,1981,1642.0
M,gva_cp_meur,A,CP_MEUR,M,B1G,DK,1982,1885.7
M,gva_cp_meur,A,CP_MEUR,M,B1G,DK,1983,2122.3
M,gva_cp_meur,A,CP_MEUR,M,B1G,DK,1984,2276.1
M,gva_cp_meur,A,CP_MEUR,M,B1G,DK,1985,2568.3
M,gva_cp_meur,A,CP_MEUR,M,B1G,DK,1986,2907.8
M,gva_cp_meur,A,CP_MEUR,M,B1G,DK,1987,3277.7
M,gva_cp_meur,A,CP_MEUR,M,B1G,DK,1988,3610.1
M,gva_cp_meur,A,CP_MEUR,M,B1G,DK,1989,4056.4
M,gva_cp_meur,A,CP_MEUR,M,B1G,DK,1990,4462.5
M,gva_cp_meur,A,CP_MEUR,M,B1G,DK,1991,4690.1
M,gva_cp_meur,A,CP_MEUR,M,B1G,DK,1992,4806.0
M,gva_cp_meur,A,CP_MEUR,M,B1G,DK,1993,4935.4
M,gva_cp_meur,A,CP_MEUR,M,B1G,DK,1994,5153.4
M,gva_cp_meur,A,CP_MEUR,M,B1G,DK,1995,5246.4
M,gva_cp_meur,A,CP_MEUR,M,B1G,DK,1996,5524.9
M,gva_cp_meur,A,CP_MEUR,M,B1G,DK,1997,6264.3
M,gva_cp_meur,A,CP_MEUR,M,B1G,DK,1998,6250.9
M,gva_cp_meur,A,CP_MEUR,M,B1G,DK,1999,6743.0
M,gva_cp_meur,A,CP_MEUR,M,B1G,DK,2000,7264.2
M,gva_cp_meur,A,CP_MEUR,M,B1G,DK,2001,7800.0
M,gva_cp_meur,A,CP_MEUR,M,B1G,DK,2002,7624.3
M,gva_cp_meur,A,CP_MEUR,M,B1G,DK,2003,7593.4
M,gva_cp_meur,A,CP_MEUR,M,B1G,DK,2004,8224.0
M,gva_cp_meur,A,CP_MEUR,M,B1G,DK,2005,9255.6
M,gva_cp_meur,A,CP_MEUR,M,B1G,DK,2006,9890.8
M,gva_cp_meur,A,CP_MEUR,M,B1G,DK,2007,10005.6
M,gva_cp_meur,A,CP_MEUR,M,B1G,DK,2008,11623.9
M,gva_cp_meur,A,CP_MEUR,M,B1G,DK,2009,11690.4
M,gva_cp_meur,A,CP_MEUR,M,B1G,DK,2010,11803.9
M,gva_cp_meur,A,CP_MEUR,M,B1G,DK,2011,11618.0
M,gva_cp_meur,A,CP_MEUR,M,B1G,DK,2012,11515.5
M,gva_cp_meur,A,CP_MEUR,M,B1G,DK,2013,12278.8
M,gva_cp_meur,A,CP_MEUR,M,B1G,DK,2014,12471.4
M,gva_cp_meur,A,CP_MEUR,M,B1G,DK,2015,13288.8
M,gva_cp_meur,A,CP_MEUR,M,B1G,DK,2016,15440.9
M,gva_cp_meur,A,CP_MEUR,M,B1G,DK,2017,15979.8
M,gva_cp_meur,A,CP_MEUR,M,B1G,DK,2018,16942.3
M,gva_cp_meur,A,CP_MEUR,M,B1G,DK,2019,17447.0
M,gva_cp_meur,A,CP_MEUR,M,B1G,DK,2020,17902.5
M,gva_cp_meur,A,CP_MEUR,M,B1G,DK,2021,21076.0
M,gva_cp_meur,A,CP_MEUR,M,B1G,DK,2022,20480.6
M,gva_cp_meur,A,CP_MEUR,M,B1G,DK,2023,21229.8
M,gva_cp_meur,A,CP_MEUR,M,B1G,DK,2024,24407.5
M,gva_cp_meur,A,CP_MEUR,M,B1G,DK,2025,25982.7
M,gva_cp_meur,A,CP_MEUR,M,B1G,PT,1995,2431.6
M,gva_cp_meur,A,CP_MEUR,M,B1G,PT,1996,2570.6
M,gva_cp_meur,A,CP_MEUR,M,B1G,PT,1997,2748.9
M,gva_cp_meur,A,CP_MEUR,M,B1G,PT,1998,3070.5
M,gva_cp_meur,A,CP_MEUR,M,B1G,PT,1999,3567.7
M,gva_cp_meur,A,CP_MEUR,M,B1G,PT,2000,3892.2
M,gva_cp_meur,A,CP_MEUR,M,B1G,PT,2001,4004.1
M,gva_cp_meur,A,CP_MEUR,M,B1G,PT,2002,4061.0
M,gva_cp_meur,A,CP_MEUR,M,B1G,PT,2003,4268.6
M,gva_cp_meur,A,CP_MEUR,M,B1G,PT,2004,4479.4
M,gva_cp_meur,A,CP_MEUR,M,B1G,PT,2005,4815.8
M,gva_cp_meur,A,CP_MEUR,M,B1G,PT,2006,4850.4
M,gva_cp_meur,A,CP_MEUR,M,B1G,PT,2007,5475.2
M,gva_cp_meur,A,CP_MEUR,M,B1G,PT,2008,5974.6
M,gva_cp_meur,A,CP_MEUR,M,B1G,PT,2009,5895.0
M,gva_cp_meur,A,CP_MEUR,M,B1G,PT,2010,5936.5
M,gva_cp_meur,A,CP_MEUR,M,B1G,PT,2011,5705.0
M,gva_cp_meur,A,CP_MEUR,M,B1G,PT,2012,5296.6
M,gva_cp_meur,A,CP_MEUR,M,B1G,PT,2013,5435.3
M,gva_cp_meur,A,CP_MEUR,M,B1G,PT,2014,5878.0
M,gva_cp_meur,A,CP_MEUR,M,B1G,PT,2015,5780.5
M,gva_cp_meur,A,CP_MEUR,M,B1G,PT,2016,6028.4
M,gva_cp_meur,A,CP_MEUR,M,B1G,PT,2017,6473.7
M,gva_cp_meur,A,CP_MEUR,M,B1G,PT,2018,7255.8
M,gva_cp_meur,A,CP_MEUR,M,B1G,PT,2019,7972.0
M,gva_cp_meur,A,CP_MEUR,M,B1G,PT,2020,8142.7
M,gva_cp_meur,A,CP_MEUR,M,B1G,PT,2021,8888.9
M,gva_cp_meur,A,CP_MEUR,M,B1G,PT,2022,10628.5
M,gva_cp_meur,A,CP_MEUR,M,B1G,PT,2023,12067.4
M,gva_cp_meur,A,CP_MEUR,M,B1G,PT,2024,13013.1
M,gva_cp_meur,A,CP_MEUR,M,B1G,CZ,1995,1924.9
M,gva_cp_meur,A,CP_MEUR,M,B1G,CZ,1996,2106.4
M,gva_cp_meur,A,CP_MEUR,M,B1G,CZ,1997,1997.2
M,gva_cp_meur,A,CP_MEUR,M,B1G,CZ,1998,2198.9
M,gva_cp_meur,A,CP_MEUR,M,B1G,CZ,1999,2246.6
M,gva_cp_meur,A,CP_MEUR,M,B1G,CZ,2000,2584.3
M,gva_cp_meur,A,CP_MEUR,M,B1G,CZ,2001,2902.7
M,gva_cp_meur,A,CP_MEUR,M,B1G,CZ,2002,3859.2
M,gva_cp_meur,A,CP_MEUR,M,B1G,CZ,2003,3879.7
M,gva_cp_meur,A,CP_MEUR,M,B1G,CZ,2004,4141.5
M,gva_cp_meur,A,CP_MEUR,M,B1G,CZ,2005,4821.7
M,gva_cp_meur,A,CP_MEUR,M,B1G,CZ,2006,5264.0
M,gva_cp_meur,A,CP_MEUR,M,B1G,CZ,2007,5964.5
M,gva_cp_meur,A,CP_MEUR,M,B1G,CZ,2008,7096.2
M,gva_cp_meur,A,CP_MEUR,M,B1G,CZ,2009,6489.4
M,gva_cp_meur,A,CP_MEUR,M,B1G,CZ,2010,6866.5
M,gva_cp_meur,A,CP_MEUR,M,B1G,CZ,2011,6932.2
M,gva_cp_meur,A,CP_MEUR,M,B1G,CZ,2012,7390.7
M,gva_cp_meur,A,CP_MEUR,M,B1G,CZ,2013,7320.3
M,gva_cp_meur,A,CP_MEUR,M,B1G,CZ,2014,7154.6
M,gva_cp_meur,A,CP_MEUR,M,B1G,CZ,2015,7543.5
M,gva_cp_meur,A,CP_MEUR,M,B1G,CZ,2016,8258.0
M,gva_cp_meur,A,CP_MEUR,M,B1G,CZ,2017,9074.9
M,gva_cp_meur,A,CP_MEUR,M,B1G,CZ,2018,9874.7
M,gva_cp_meur,A,CP_MEUR,M,B1G,CZ,2019,10707.9
M,gva_cp_meur,A,CP_MEUR,M,B1G,CZ,2020,10356.3
M,gva_cp_meur,A,CP_MEUR,M,B1G,CZ,2021,11688.3
M,gva_cp_meur,A,CP_MEUR,M,B1G,CZ,2022,13434.3
M,gva_cp_meur,A,CP_MEUR,M,B1G,CZ,2023,15093.3
M,gva_cp_meur,A,CP_MEUR,M,B1G,CZ,2024,15754.2
M,gva_cp_meur,A,CP_MEUR,M,B1G,CZ,2025,16855.2
M,gva_cp_meur,A,CP_MEUR,M,B1G,HU,1995,1086.8
M,gva_cp_meur,A,CP_MEUR,M,B1G,HU,1996,1268.1
M,gva_cp_meur,A,CP_MEUR,M,B1G,HU,1997,1493.0
M,gva_cp_meur,A,CP_MEUR,M,B1G,HU,1998,1543.6
M,gva_cp_meur,A,CP_MEUR,M,B1G,HU,1999,1664.2
M,gva_cp_meur,A,CP_MEUR,M,B1G,HU,2000,1937.3
M,gva_cp_meur,A,CP_MEUR,M,B1G,HU,2001,2543.2
M,gva_cp_meur,A,CP_MEUR,M,B1G,HU,2002,3107.0
M,gva_cp_meur,A,CP_MEUR,M,B1G,HU,2003,3276.8
M,gva_cp_meur,A,CP_MEUR,M,B1G,HU,2004,3560.5
M,gva_cp_meur,A,CP_MEUR,M,B1G,HU,2005,3943.1
M,gva_cp_meur,A,CP_MEUR,M,B1G,HU,2006,4151.9
M,gva_cp_meur,A,CP_MEUR,M,B1G,HU,2007,4411.5
M,gva_cp_meur,A,CP_MEUR,M,B1G,HU,2008,4999.9
M,gva_cp_meur,A,CP_MEUR,M,B1G,HU,2009,4449.3
M,gva_cp_meur,A,CP_MEUR,M,B1G,HU,2010,4835.4
M,gva_cp_meur,A,CP_MEUR,M,B1G,HU,2011,4868.2
M,gva_cp_meur,A,CP_MEUR,M,B1G,HU,2012,4680.5
M,gva_cp_meur,A,CP_MEUR,M,B1G,HU,2013,4873.7
M,gva_cp_meur,A,CP_MEUR,M,B1G,HU,2014,4960.5
M,gva_cp_meur,A,CP_MEUR,M,B1G,HU,2015,5395.0
M,gva_cp_meur,A,CP_MEUR,M,B1G,HU,2016,5786.6
M,gva_cp_meur,A,CP_MEUR,M,B1G,HU,2017,6504.2
M,gva_cp_meur,A,CP_MEUR,M,B1G,HU,2018,7114.5
M,gva_cp_meur,A,CP_MEUR,M,B1G,HU,2019,7810.8
M,gva_cp_meur,A,CP_MEUR,M,B1G,HU,2020,7569.0
M,gva_cp_meur,A,CP_MEUR,M,B1G,HU,2021,8508.0
M,gva_cp_meur,A,CP_MEUR,M,B1G,HU,2022,8866.4
M,gva_cp_meur,A,CP_MEUR,M,B1G,HU,2023,10596.7
M,gva_cp_meur,A,CP_MEUR,M,B1G,HU,2024,11152.5
M,gva_cp_meur,A,CP_MEUR,M,B1G,FI,1980,587.4
M,gva_cp_meur,A,CP_MEUR,M,B1G,FI,1981,745.5
M,gva_cp_meur,A,CP_MEUR,M,B1G,FI,1982,882.9
M,gva_cp_meur,A,CP_MEUR,M,B1G,FI,1983,967.3
M,gva_cp_meur,A,CP_MEUR,M,B1G,FI,1984,1164.2
M,gva_cp_meur,A,CP_MEUR,M,B1G,FI,1985,1337.5
M,gva_cp_meur,A,CP_MEUR,M,B1G,FI,1986,1461.4
M,gva_cp_meur,A,CP_MEUR,M,B1G,FI,1987,1648.1
M,gva_cp_meur,A,CP_MEUR,M,B1G,FI,1988,2007.3
M,gva_cp_meur,A,CP_MEUR,M,B1G,FI,1989,2522.8
M,gva_cp_meur,A,CP_MEUR,M,B1G,FI,1990,2780.0
M,gva_cp_meur,A,CP_MEUR,M,B1G,FI,1991,2536.6
M,gva_cp_meur,A,CP_MEUR,M,B1G,FI,1992,2061.1
M,gva_cp_meur,A,CP_MEUR,M,B1G,FI,1993,1899.3
M,gva_cp_meur,A,CP_MEUR,M,B1G,FI,1994,2355.9
M,gva_cp_meur,A,CP_MEUR,M,B1G,FI,1995,2904.9
M,gva_cp_meur,A,CP_MEUR,M,B1G,FI,1996,3206.4
M,gva_cp_meur,A,CP_MEUR,M,B1G,FI,1997,3626.7
M,gva_cp_meur,A,CP_MEUR,M,B1G,FI,1998,3785.6
M,gva_cp_meur,A,CP_MEUR,M,B1G,FI,1999,4158.0
M,gva_cp_meur,A,CP_MEUR,M,B1G,FI,2000,4454.0
M,gva_cp_meur,A,CP_MEUR,M,B1G,FI,2001,4950.0
M,gva_cp_meur,A,CP_MEUR,M,B1G,FI,2002,5020.0
M,gva_cp_meur,A,CP_MEUR,M,B1G,FI,2003,5248.0
M,gva_cp_meur,A,CP_MEUR,M,B1G,FI,2004,5640.0
M,gva_cp_meur,A,CP_MEUR,M,B1G,FI,2005,5947.0
M,gva_cp_meur,A,CP_MEUR,M,B1G,FI,2006,6370.0
M,gva_cp_meur,A,CP_MEUR,M,B1G,FI,2007,7142.0
M,gva_cp_meur,A,CP_MEUR,M,B1G,FI,2008,7654.0
M,gva_cp_meur,A,CP_MEUR,M,B1G,FI,2009,7525.0
M,gva_cp_meur,A,CP_MEUR,M,B1G,FI,2010,7755.0
M,gva_cp_meur,A,CP_MEUR,M,B1G,FI,2011,8397.0
M,gva_cp_meur,A,CP_MEUR,M,B1G,FI,2012,8774.0
M,gva_cp_meur,A,CP_MEUR,M,B1G,FI,2013,8950.0
M,gva_cp_meur,A,CP_MEUR,M,B1G,FI,2014,8893.0
M,gva_cp_meur,A,CP_MEUR,M,B1G,FI,2015,9164.0
M,gva_cp_meur,A,CP_MEUR,M,B1G,FI,2016,9258.0
M,gva_cp_meur,A,CP_MEUR,M,B1G,FI,2017,9809.0
M,gva_cp_meur,A,CP_MEUR,M,B1G,FI,2018,10439.0
M,gva_cp_meur,A,CP_MEUR,M,B1G,FI,2019,10861.0
M,gva_cp_meur,A,CP_MEUR,M,B1G,FI,2020,11018.0
M,gva_cp_meur,A,CP_MEUR,M,B1G,FI,2021,11745.0
M,gva_cp_meur,A,CP_MEUR,M,B1G,FI,2022,12374.0
M,gva_cp_meur,A,CP_MEUR,M,B1G,FI,2023,12670.0
M,gva_cp_meur,A,CP_MEUR,M,B1G,FI,2024,12880.0
M,gva_cp_meur,A,CP_MEUR,M,B1G,FI,2025,13246.0
M,gva_cp_meur,A,CP_MEUR,M,B1G,EL,1995,4213.9
M,gva_cp_meur,A,CP_MEUR,M,B1G,EL,1996,4379.9
M,gva_cp_meur,A,CP_MEUR,M,B1G,EL,1997,4736.4
M,gva_cp_meur,A,CP_MEUR,M,B1G,EL,1998,4879.9
M,gva_cp_meur,A,CP_MEUR,M,B1G,EL,1999,5547.0
M,gva_cp_meur,A,CP_MEUR,M,B1G,EL,2000,5314.5
M,gva_cp_meur,A,CP_MEUR,M,B1G,EL,2001,5806.7
M,gva_cp_meur,A,CP_MEUR,M,B1G,EL,2002,6770.2
M,gva_cp_meur,A,CP_MEUR,M,B1G,EL,2003,7195.8
M,gva_cp_meur,A,CP_MEUR,M,B1G,EL,2004,7847.3
M,gva_cp_meur,A,CP_MEUR,M,B1G,EL,2005,7848.6
M,gva_cp_meur,A,CP_MEUR,M,B1G,EL,2006,8875.1
M,gva_cp_meur,A,CP_MEUR,M,B1G,EL,2007,9833.9
M,gva_cp_meur,A,CP_MEUR,M,B1G,EL,2008,9731.7
M,gva_cp_meur,A,CP_MEUR,M,B1G,EL,2009,9124.9
M,gva_cp_meur,A,CP_MEUR,M,B1G,EL,2010,7658.0
M,gva_cp_meur,A,CP_MEUR,M,B1G,EL,2011,6522.1
M,gva_cp_meur,A,CP_MEUR,M,B1G,EL,2012,6002.3
M,gva_cp_meur,A,CP_MEUR,M,B1G,EL,2013,5940.1
M,gva_cp_meur,A,CP_MEUR,M,B1G,EL,2014,5417.4
M,gva_cp_meur,A,CP_MEUR,M,B1G,EL,2015,5578.4
M,gva_cp_meur,A,CP_MEUR,M,B1G,EL,2016,5255.6
M,gva_cp_meur,A,CP_MEUR,M,B1G,EL,2017,5298.9
M,gva_cp_meur,A,CP_MEUR,M,B1G,EL,2018,5394.8
M,gva_cp_meur,A,CP_MEUR,M,B1G,EL,2019,5753.5
M,gva_cp_meur,A,CP_MEUR,M,B1G,EL,2020,5648.2
M,gva_cp_meur,A,CP_MEUR,M,B1G,EL,2021,6570.8
M,gva_cp_meur,A,CP_MEUR,M,B1G,EL,2022,7192.1
M,gva_cp_meur,A,CP_MEUR,M,B1G,EL,2023,8133.7
M,gva_cp_meur,A,CP_MEUR,M,B1G,EL,2024,8774.7
M,gva_cp_meur,A,CP_MEUR,M,B1G,UK,1995,45545.9
M,gva_cp_meur,A,CP_MEUR,M,B1G,UK,1996,51558.1
M,gva_cp_meur,A,CP_MEUR,M,B1G,UK,1997,66173.6
M,gva_cp_meur,A,CP_MEUR,M,B1G,UK,1998,75129.7
M,gva_cp_meur,A,CP_MEUR,M,B1G,UK,1999,83383.4
M,gva_cp_meur,A,CP_MEUR,M,B1G,UK,2000,97816.2
M,gva_cp_meur,A,CP_MEUR,M,B1G,UK,2001,102928.3
M,gva_cp_meur,A,CP_MEUR,M,B1G,UK,2002,108228.0
M,gva_cp_meur,A,CP_MEUR,M,B1G,UK,2003,105592.6
M,gva_cp_meur,A,CP_MEUR,M,B1G,UK,2004,116005.1
M,gva_cp_meur,A,CP_MEUR,M,B1G,UK,2005,120592.3
M,gva_cp_meur,A,CP_MEUR,M,B1G,UK,2006,131729.6
M,gva_cp_meur,A,CP_MEUR,M,B1G,UK,2007,139078.5
M,gva_cp_meur,A,CP_MEUR,M,B1G,UK,2008,123230.5
M,gva_cp_meur,A,CP_MEUR,M,B1G,UK,2009,110441.8
M,gva_cp_meur,A,CP_MEUR,M,B1G,UK,2010,121534.3
M,gva_cp_meur,A,CP_MEUR,M,B1G,UK,2011,121980.0
M,gva_cp_meur,A,CP_MEUR,M,B1G,UK,2012,133726.7
M,gva_cp_meur,A,CP_MEUR,M,B1G,UK,2013,136787.3
M,gva_cp_meur,A,CP_MEUR,M,B1G,UK,2014,151571.7
M,gva_cp_meur,A,CP_MEUR,M,B1G,UK,2015,179401.8
M,gva_cp_meur,A,CP_MEUR,M,B1G,UK,2016,164655.6
M,gva_cp_meur,A,CP_MEUR,M,B1G,UK,2017,161166.7
M,gva_cp_meur,A,CP_MEUR,M,B1G,UK,2018,165935.7
