STRUCTURE,STRUCTURE_ID,STRUCTURE_NAME,ACTION,REF_AREA,Reference area,FREQ,Frequency,MEASURE,Measure,SEX,Sex,ECO,Economic activity,TIME_PERIOD,Time period,OBS_VALUE,Observation value,OBS_STATUS,Observation status,UNIT_MEASURE_TYPE,Unit of measure type,UNIT_MEASURE,Unit of measure,UNIT_MULT,Unit multiplier,SOURCE,Source,NOTE_SOURCE,Source Notes,NOTE_INDICATOR,Indicator Notes,NOTE_CLASSIF,Classification Notes,DECIMALS,Decimals,UPPER_BOUND,Upper bound of Observation Value,LOWER_BOUND,Lower bound of Observation Value
DATAFLOW,ILO:DF_EMP_TEMP_SEX_ECO_NB(1.0),Employment by sex and economic activity,I,ARE,United Arab Emirates,A,Annual,EMP_TEMP_NB,Employment (previous ILO definition - ICLS13),SEX_T,Total,ECO_ISIC4_F,F. Construction,2018,,1610.756,,,,NB,Number,PS,Persons,3,Thousands,LFS - Labour Force Survey,,Repository: ILO-STATISTICS - Micro data processing,,,,,,1,1,,,,
DATAFLOW,ILO:DF_EMP_TEMP_SEX_ECO_NB(1.0),Employment by sex and economic activity,I,ARE,United Arab Emirates,A,Annual,EMP_TEMP_NB,Employment (previous ILO definition - ICLS13),SEX_T,Total,ECO_ISIC4_M,"M. Professional, scientific and technical activities",2018,,302.359,,,,NB,Number,PS,Persons,3,Thousands,LFS - Labour Force Survey,,Repository: ILO-STATISTICS - Micro data processing,,,,,,1,1,,,,
DATAFLOW,ILO:DF_EMP_TEMP_SEX_ECO_NB(1.0),Employment by sex and economic activity,I,ARE,United Arab Emirates,A,Annual,EMP_TEMP_NB,Employment (previous ILO definition - ICLS13),SEX_T,Total,ECO_ISIC4_F,F. Construction,2019,,1289.764,,,,NB,Number,PS,Persons,3,Thousands,LFS - Labour Force Survey,,Repository: ILO-STATISTICS - Micro data processing,,,,,,1,1,,,,
DATAFLOW,ILO:DF_EMP_TEMP_SEX_ECO_NB(1.0),Employment by sex and economic activity,I,ARE,United Arab Emirates,A,Annual,EMP_TEMP_NB,Employment (previous ILO definition - ICLS13),SEX_T,Total,ECO_ISIC4_M,"M. Professional, scientific and technical activities",2019,,328.661,,,,NB,Number,PS,Persons,3,Thousands,LFS - Labour Force Survey,,Repository: ILO-STATISTICS - Micro data processing,,,,,,1,1,,,,
DATAFLOW,ILO:DF_EMP_TEMP_SEX_ECO_NB(1.0),Employment by sex and economic activity,I,ARE,United Arab Emirates,A,Annual,EMP_TEMP_NB,Employment (previous ILO definition - ICLS13),SEX_T,Total,ECO_ISIC4_F,F. Construction,2020,,1192.413,,,,NB,Number,PS,Persons,3,Thousands,LFS - Labour Force Survey,,Repository: ILO-STATISTICS - Micro data processing,,,,,,1,1,,,,
DATAFLOW,ILO:DF_EMP_TEMP_SEX_ECO_NB(1.0),Employment by sex and economic activity,I,ARE,United Arab Emirates,A,Annual,EMP_TEMP_NB,Employment (previous ILO definition - ICLS13),SEX_T,Total,ECO_ISIC4_M,"M. Professional, scientific and technical activities",2020,,370.816,,,,NB,Number,PS,Persons,3,Thousands,LFS - Labour Force Survey,,Repository: ILO-STATISTICS - Micro data processing,,,,,,1,1,,,,
DATAFLOW,ILO:DF_EMP_TEMP_SEX_ECO_NB(1.0),Employment by sex and economic activity,I,ARE,United Arab Emirates,A,Annual,EMP_TEMP_NB,Employment (previous ILO definition - ICLS13),SEX_T,Total,ECO_ISIC4_F,F. Construction,2021,,1290.335,,,,NB,Number,PS,Persons,3,Thousands,LFS - Labour Force Survey,,Repository: ILO-STATISTICS - Micro data processing,,,,,,1,1,,,,
DATAFLOW,ILO:DF_EMP_TEMP_SEX_ECO_NB(1.0),Employment by sex and economic activity,I,ARE,United Arab Emirates,A,Annual,EMP_TEMP_NB,Employment (previous ILO definition - ICLS13),SEX_T,Total,ECO_ISIC4_M,"M. Professional, scientific and technical activities",2021,,308.912,,,,NB,Number,PS,Persons,3,Thousands,LFS - Labour Force Survey,,Repository: ILO-STATISTICS - Micro data processing,,,,,,1,1,,,,
DATAFLOW,ILO:DF_EMP_TEMP_SEX_ECO_NB(1.0),Employment by sex and economic activity,I,ARE,United Arab Emirates,A,Annual,EMP_TEMP_NB,Employment (previous ILO definition - ICLS13),SEX_T,Total,ECO_ISIC4_F,F. Construction,2022,,1297.337,,,,NB,Number,PS,Persons,3,Thousands,LFS - Labour Force Survey,,Repository: ILO-STATISTICS - Micro data processing,,,,,,1,1,,,,
DATAFLOW,ILO:DF_EMP_TEMP_SEX_ECO_NB(1.0),Employment by sex and economic activity,I,ARE,United Arab Emirates,A,Annual,EMP_TEMP_NB,Employment (previous ILO definition - ICLS13),SEX_T,Total,ECO_ISIC4_M,"M. Professional, scientific and technical activities",2022,,446.396,,,,NB,Number,PS,Persons,3,Thousands,LFS - Labour Force Survey,,Repository: ILO-STATISTICS - Micro data processing,,,,,,1,1,,,,
DATAFLOW,ILO:DF_EMP_TEMP_SEX_ECO_NB(1.0),Employment by sex and economic activity,I,ARE,United Arab Emirates,A,Annual,EMP_TEMP_NB,Employment (previous ILO definition - ICLS13),SEX_T,Total,ECO_ISIC4_F,F. Construction,2023,,1409.45,,,,NB,Number,PS,Persons,3,Thousands,LFS - Labour Force Survey,,Repository: ILO-STATISTICS - Micro data processing,,,,,,1,1,,,,
DATAFLOW,ILO:DF_EMP_TEMP_SEX_ECO_NB(1.0),Employment by sex and economic activity,I,ARE,United Arab Emirates,A,Annual,EMP_TEMP_NB,Employment (previous ILO definition - ICLS13),SEX_T,Total,ECO_ISIC4_M,"M. Professional, scientific and technical activities",2023,,345.58,,,,NB,Number,PS,Persons,3,Thousands,LFS - Labour Force Survey,,Repository: ILO-STATISTICS - Micro data processing,,,,,,1,1,,,,
DATAFLOW,ILO:DF_EMP_TEMP_SEX_ECO_NB(1.0),Employment by sex and economic activity,I,ARE,United Arab Emirates,A,Annual,EMP_TEMP_NB,Employment (previous ILO definition - ICLS13),SEX_T,Total,ECO_ISIC4_F,F. Construction,2024,,1977.66,,,,NB,Number,PS,Persons,3,Thousands,LFS - Labour Force Survey,,Repository: ILO-STATISTICS - Micro data processing,,,,,,1,1,,,,
DATAFLOW,ILO:DF_EMP_TEMP_SEX_ECO_NB(1.0),Employment by sex and economic activity,I,ARE,United Arab Emirates,A,Annual,EMP_TEMP_NB,Employment (previous ILO definition - ICLS13),SEX_T,Total,ECO_ISIC4_M,"M. Professional, scientific and technical activities",2024,,384.694,,,,NB,Number,PS,Persons,3,Thousands,LFS - Labour Force Survey,,Repository: ILO-STATISTICS - Micro data processing,,,,,,1,1,,,,
DATAFLOW,ILO:DF_EMP_TEMP_SEX_ECO_NB(1.0),Employment by sex and economic activity,I,ARE,United Arab Emirates,A,Annual,EMP_TEMP_NB,Employment (previous ILO definition - ICLS13),SEX_T,Total,ECO_ISIC4_F,F. Construction,2025,,1827.924,,,,NB,Number,PS,Persons,3,Thousands,LFS - Labour Force Survey,,Repository: ILO-STATISTICS - Micro data processing,,,,,,1,1,,,,
DATAFLOW,ILO:DF_EMP_TEMP_SEX_ECO_NB(1.0),Employment by sex and economic activity,I,ARE,United Arab Emirates,A,Annual,EMP_TEMP_NB,Employment (previous ILO definition - ICLS13),SEX_T,Total,ECO_ISIC4_M,"M. Professional, scientific and technical activities",2025,,498.34,,,,NB,Number,PS,Persons,3,Thousands,LFS - Labour Force Survey,,Repository: ILO-STATISTICS - Micro data processing,,,,,,1,1,,,,
DATAFLOW,ILO:DF_EMP_TEMP_SEX_ECO_NB(1.0),Employment by sex and economic activity,I,AUS,Australia,A,Annual,EMP_TEMP_NB,Employment (previous ILO definition - ICLS13),SEX_T,Total,ECO_ISIC4_F,F. Construction,2018,,1177.057,,B,Break in series,NB,Number,PS,Persons,3,Thousands,LFS - Labour Force Survey,,Repository: ILO-STATISTICS - Micro data processing,,Break in series: Methodology revised,,,,1,1,,,,
DATAFLOW,ILO:DF_EMP_TEMP_SEX_ECO_NB(1.0),Employment by sex and economic activity,I,AUS,Australia,A,Annual,EMP_TEMP_NB,Employment (previous ILO definition - ICLS13),SEX_T,Total,ECO_ISIC4_M,"M. Professional, scientific and technical activities",2018,,802.019,,B,Break in series,NB,Number,PS,Persons,3,Thousands,LFS - Labour Force Survey,,Repository: ILO-STATISTICS - Micro data processing,,Break in series: Methodology revised,,,,1,1,,,,
DATAFLOW,ILO:DF_EMP_TEMP_SEX_ECO_NB(1.0),Employment by sex and economic activity,I,AUS,Australia,A,Annual,EMP_TEMP_NB,Employment (previous ILO definition - ICLS13),SEX_T,Total,ECO_ISIC4_F,F. Construction,2019,,1173.475,,,,NB,Number,PS,Persons,3,Thousands,LFS - Labour Force Survey,,Repository: ILO-STATISTICS - Micro data processing,,,,,,1,1,,,,
DATAFLOW,ILO:DF_EMP_TEMP_SEX_ECO_NB(1.0),Employment by sex and economic activity,I,AUS,Australia,A,Annual,EMP_TEMP_NB,Employment (previous ILO definition - ICLS13),SEX_T,Total,ECO_ISIC4_M,"M. Professional, scientific and technical activities",2019,,886.424,,,,NB,Number,PS,Persons,3,Thousands,LFS - Labour Force Survey,,Repository: ILO-STATISTICS - Micro data processing,,,,,,1,1,,,,
DATAFLOW,ILO:DF_EMP_TEMP_SEX_ECO_NB(1.0),Employment by sex and economic activity,I,AUS,Australia,A,Annual,EMP_TEMP_NB,Employment (previous ILO definition - ICLS13),SEX_T,Total,ECO_ISIC4_F,F. Construction,2020,,1173.395,,,,NB,Number,PS,Persons,3,Thousands,LFS - Labour Force Survey,,Repository: ILO-STATISTICS - Micro data processing,,,,,,1,1,,,,
DATAFLOW,ILO:DF_EMP_TEMP_SEX_ECO_NB(1.0),Employment by sex and economic activity,I,AUS,Australia,A,Annual,EMP_TEMP_NB,Employment (previous ILO definition - ICLS13),SEX_T,Total,ECO_ISIC4_M,"M. Professional, scientific and technical activities",2020,,852.063,,,,NB,Number,PS,Persons,3,Thousands,LFS - Labour Force Survey,,Repository: ILO-STATISTICS - Micro data processing,,,,,,1,1,,,,
DATAFLOW,ILO:DF_EMP_TEMP_SEX_ECO_NB(1.0),Employment by sex and economic activity,I,AUS,Australia,A,Annual,EMP_TEMP_NB,Employment (previous ILO definition - ICLS13),SEX_T,Total,ECO_ISIC4_F,F. Construction,2021,,1149.19,,,,NB,Number,PS,Persons,3,Thousands,LFS - Labour Force Survey,,Repository: ILO-STATISTICS - Micro data processing,,,,,,1,1,,,,
DATAFLOW,ILO:DF_EMP_TEMP_SEX_ECO_NB(1.0),Employment by sex and economic activity,I,AUS,Australia,A,Annual,EMP_TEMP_NB,Employment (previous ILO definition - ICLS13),SEX_T,Total,ECO_ISIC4_M,"M. Professional, scientific and technical activities",2021,,898.646,,,,NB,Number,PS,Persons,3,Thousands,LFS - Labour Force Survey,,Repository: ILO-STATISTICS - Micro data processing,,,,,,1,1,,,,
DATAFLOW,ILO:DF_EMP_TEMP_SEX_ECO_NB(1.0),Employment by sex and economic activity,I,AUS,Australia,A,Annual,EMP_TEMP_NB,Employment (previous ILO definition - ICLS13),SEX_T,Total,ECO_ISIC4_F,F. Construction,2022,,1232.992,,,,NB,Number,PS,Persons,3,Thousands,LFS - Labour Force Survey,,Repository: ILO-STATISTICS - Micro data processing,,,,,,1,1,,,,
DATAFLOW,ILO:DF_EMP_TEMP_SEX_ECO_NB(1.0),Employment by sex and economic activity,I,AUS,Australia,A,Annual,EMP_TEMP_NB,Employment (previous ILO definition - ICLS13),SEX_T,Total,ECO_ISIC4_M,"M. Professional, scientific and technical activities",2022,,914.511,,,,NB,Number,PS,Persons,3,Thousands,LFS - Labour Force Survey,,Repository: ILO-STATISTICS - Micro data processing,,,,,,1,1,,,,
DATAFLOW,ILO:DF_EMP_TEMP_SEX_ECO_NB(1.0),Employment by sex and economic activity,I,AUS,Australia,A,Annual,EMP_TEMP_NB,Employment (previous ILO definition - ICLS13),SEX_T,Total,ECO_ISIC4_F,F. Construction,2023,,1324.856,,,,NB,Number,PS,Persons,3,Thousands,LFS - Labour Force Survey,,Repository: ILO-STATISTICS - Micro data processing,,,,,,1,1,,,,
DATAFLOW,ILO:DF_EMP_TEMP_SEX_ECO_NB(1.0),Employment by sex and economic activity,I,AUS,Australia,A,Annual,EMP_TEMP_NB,Employment (previous ILO definition - ICLS13),SEX_T,Total,ECO_ISIC4_M,"M. Professional, scientific and technical activities",2023,,975.953,,,,NB,Number,PS,Persons,3,Thousands,LFS - Labour Force Survey,,Repository: ILO-STATISTICS - Micro data processing,,,,,,1,1,,,,
DATAFLOW,ILO:DF_EMP_TEMP_SEX_ECO_NB(1.0),Employment by sex and economic activity,I,AUS,Australia,A,Annual,EMP_TEMP_NB,Employment (previous ILO definition - ICLS13),SEX_T,Total,ECO_ISIC4_F,F. Construction,2024,,1333.133,,,,NB,Number,PS,Persons,3,Thousands,LFS - Labour Force Survey,,Repository: ILO-STATISTICS - Micro data processing,,,,,,1,1,,,,
DATAFLOW,ILO:DF_EMP_TEMP_SEX_ECO_NB(1.0),Employment by sex and economic activity,I,AUS,Australia,A,Annual,EMP_TEMP_NB,Employment (previous ILO definition - ICLS13),SEX_T,Total,ECO_ISIC4_M,"M. Professional, scientific and technical activities",2024,,968.038,,,,NB,Number,PS,Persons,3,Thousands,LFS - Labour Force Survey,,Repository: ILO-STATISTICS - Micro data processing,,,,,,1,1,,,,
DATAFLOW,ILO:DF_EMP_TEMP_SEX_ECO_NB(1.0),Employment by sex and economic activity,I,AUS,Australia,A,Annual,EMP_TEMP_NB,Employment (previous ILO definition - ICLS13),SEX_T,Total,ECO_ISIC4_F,F. Construction,2025,,1340.638,,,,NB,Number,PS,Persons,3,Thousands,LFS - Labour Force Survey,,Repository: ILO-STATISTICS - Micro data processing,,,,,,1,1,,,,
DATAFLOW,ILO:DF_EMP_TEMP_SEX_ECO_NB(1.0),Employment by sex and economic activity,I,AUS,Australia,A,Annual,EMP_TEMP_NB,Employment (previous ILO definition - ICLS13),SEX_T,Total,ECO_ISIC4_M,"M. Professional, scientific and technical activities",2025,,1000.111,,,,NB,Number,PS,Persons,3,Thousands,LFS - Labour Force Survey,,Repository: ILO-STATISTICS - Micro data processing,,,,,,1,1,,,,
DATAFLOW,ILO:DF_EMP_TEMP_SEX_ECO_NB(1.0),Employment by sex and economic activity,I,DEU,Germany,A,Annual,EMP_TEMP_NB,Employment (previous ILO definition - ICLS13),SEX_T,Total,ECO_ISIC4_F,F. Construction,2018,,2828.949,,,,NB,Number,PS,Persons,3,Thousands,LFS - EU Labour Force Survey,,Repository: ILO-STATISTICS - Micro data processing,,,,,,1,1,,,,
DATAFLOW,ILO:DF_EMP_TEMP_SEX_ECO_NB(1.0),Employment by sex and economic activity,I,DEU,Germany,A,Annual,EMP_TEMP_NB,Employment (previous ILO definition - ICLS13),SEX_T,Total,ECO_ISIC4_M,"M. Professional, scientific and technical activities",2018,,2381.611,,,,NB,Number,PS,Persons,3,Thousands,LFS - EU Labour Force Survey,,Repository: ILO-STATISTICS - Micro data processing,,,,,,1,1,,,,
DATAFLOW,ILO:DF_EMP_TEMP_SEX_ECO_NB(1.0),Employment by sex and economic activity,I,DEU,Germany,A,Annual,EMP_TEMP_NB,Employment (previous ILO definition - ICLS13),SEX_T,Total,ECO_ISIC4_F,F. Construction,2019,,2846.283,,,,NB,Number,PS,Persons,3,Thousands,LFS - EU Labour Force Survey,,Repository: ILO-STATISTICS - Micro data processing,,,,,,1,1,,,,
DATAFLOW,ILO:DF_EMP_TEMP_SEX_ECO_NB(1.0),Employment by sex and economic activity,I,DEU,Germany,A,Annual,EMP_TEMP_NB,Employment (previous ILO definition - ICLS13),SEX_T,Total,ECO_ISIC4_M,"M. Professional, scientific and technical activities",2019,,2457.539,,,,NB,Number,PS,Persons,3,Thousands,LFS - EU Labour Force Survey,,Repository: ILO-STATISTICS - Micro data processing,,,,,,1,1,,,,
DATAFLOW,ILO:DF_EMP_TEMP_SEX_ECO_NB(1.0),Employment by sex and economic activity,I,DEU,Germany,A,Annual,EMP_TEMP_NB,Employment (previous ILO definition - ICLS13),SEX_T,Total,ECO_ISIC4_F,F. Construction,2020,,2337.536,,,,NB,Number,PS,Persons,3,Thousands,LFS - EU Labour Force Survey,,Repository: ILO-STATISTICS - Micro data processing,,,,,,1,1,,,,
DATAFLOW,ILO:DF_EMP_TEMP_SEX_ECO_NB(1.0),Employment by sex and economic activity,I,DEU,Germany,A,Annual,EMP_TEMP_NB,Employment (previous ILO definition - ICLS13),SEX_T,Total,ECO_ISIC4_M,"M. Professional, scientific and technical activities",2020,,2239.827,,,,NB,Number,PS,Persons,3,Thousands,LFS - EU Labour Force Survey,,Repository: ILO-STATISTICS - Micro data processing,,,,,,1,1,,,,
DATAFLOW,ILO:DF_EMP_TEMP_SEX_ECO_NB(1.0),Employment by sex and economic activity,I,DEU,Germany,A,Annual,EMP_TEMP_NB,Employment (previous ILO definition - ICLS13),SEX_T,Total,ECO_ISIC4_F,F. Construction,2021,,2406.894,,,,NB,Number,PS,Persons,3,Thousands,LFS - EU Labour Force Survey,,Repository: ILO-STATISTICS - Micro data processing,,,,,,1,1,,,,
DATAFLOW,ILO:DF_EMP_TEMP_SEX_ECO_NB(1.0),Employment by sex and economic activity,I,DEU,Germany,A,Annual,EMP_TEMP_NB,Employment (previous ILO definition - ICLS13),SEX_T,Total,ECO_ISIC4_M,"M. Professional, scientific and technical activities",2021,,2159.376,,,,NB,Number,PS,Persons,3,Thousands,LFS - EU Labour Force Survey,,Repository: ILO-STATISTICS - Micro data processing,,,,,,1,1,,,,
DATAFLOW,ILO:DF_EMP_TEMP_SEX_ECO_NB(1.0),Employment by sex and economic activity,I,DEU,Germany,A,Annual,EMP_TEMP_NB,Employment (previous ILO definition - ICLS13),SEX_T,Total,ECO_ISIC4_F,F. Construction,2022,,2578.371,,,,NB,Number,PS,Persons,3,Thousands,LFS - EU Labour Force Survey,,Repository: ILO-STATISTICS - Micro data processing,,,,,,1,1,,,,
DATAFLOW,ILO:DF_EMP_TEMP_SEX_ECO_NB(1.0),Employment by sex and economic activity,I,DEU,Germany,A,Annual,EMP_TEMP_NB,Employment (previous ILO definition - ICLS13),SEX_T,Total,ECO_ISIC4_M,"M. Professional, scientific and technical activities",2022,,2315.582,,,,NB,Number,PS,Persons,3,Thousands,LFS - EU Labour Force Survey,,Repository: ILO-STATISTICS - Micro data processing,,,,,,1,1,,,,
DATAFLOW,ILO:DF_EMP_TEMP_SEX_ECO_NB(1.0),Employment by sex and economic activity,I,DEU,Germany,A,Annual,EMP_TEMP_NB,Employment (previous ILO definition - ICLS13),SEX_T,Total,ECO_ISIC4_F,F. Construction,2023,,2786.864,,,,NB,Number,PS,Persons,3,Thousands,LFS - EU Labour Force Survey,,Repository: ILO-STATISTICS - Micro data processing,,,,,,1,1,,,,
DATAFLOW,ILO:DF_EMP_TEMP_SEX_ECO_NB(1.0),Employment by sex and economic activity,I,DEU,Germany,A,Annual,EMP_TEMP_NB,Employment (previous ILO definition - ICLS13),SEX_T,Total,ECO_ISIC4_M,"M. Professional, scientific and technical activities",2023,,2388.769,,,,NB,Number,PS,Persons,3,Thousands,LFS - EU Labour Force Survey,,Repository: ILO-STATISTICS - Micro data processing,,,,,,1,1,,,,
DATAFLOW,ILO:DF_EMP_TEMP_SEX_ECO_NB(1.0),Employment by sex and economic activity,I,DEU,Germany,A,Annual,EMP_TEMP_NB,Employment (previous ILO definition - ICLS13),SEX_T,Total,ECO_ISIC4_F,F. Construction,2024,,2690.448,,,,NB,Number,PS,Persons,3,Thousands,LFS - EU Labour Force Survey,,Repository: ILO-STATISTICS - Micro data processing,,,,,,1,1,,,,
DATAFLOW,ILO:DF_EMP_TEMP_SEX_ECO_NB(1.0),Employment by sex and economic activity,I,DEU,Germany,A,Annual,EMP_TEMP_NB,Employment (previous ILO definition - ICLS13),SEX_T,Total,ECO_ISIC4_M,"M. Professional, scientific and technical activities",2024,,2357.075,,,,NB,Number,PS,Persons,3,Thousands,LFS - EU Labour Force Survey,,Repository: ILO-STATISTICS - Micro data processing,,,,,,1,1,,,,
DATAFLOW,ILO:DF_EMP_TEMP_SEX_ECO_NB(1.0),Employment by sex and economic activity,I,DEU,Germany,A,Annual,EMP_TEMP_NB,Employment (previous ILO definition - ICLS13),SEX_T,Total,ECO_ISIC4_F,F. Construction,2025,,2691.542,,,,NB,Number,PS,Persons,3,Thousands,LFS - EU Labour Force Survey,,Repository: Eurostat special tabulation,,,,,,1,1,,,,
DATAFLOW,ILO:DF_EMP_TEMP_SEX_ECO_NB(1.0),Employment by sex and economic activity,I,DEU,Germany,A,Annual,EMP_TEMP_NB,Employment (previous ILO definition - ICLS13),SEX_T,Total,ECO_ISIC4_M,"M. Professional, scientific and technical activities",2025,,2377,,,,NB,Number,PS,Persons,3,Thousands,LFS - EU Labour Force Survey,,Repository: Eurostat special tabulation,,,,,,1,1,,,,
DATAFLOW,ILO:DF_EMP_TEMP_SEX_ECO_NB(1.0),Employment by sex and economic activity,I,ESP,Spain,A,Annual,EMP_TEMP_NB,Employment (previous ILO definition - ICLS13),SEX_T,Total,ECO_ISIC4_F,F. Construction,2018,,1145.212,,,,NB,Number,PS,Persons,3,Thousands,LFS - EU Labour Force Survey,,Repository: ILO-STATISTICS - Micro data processing,,,,,,1,1,,,,
DATAFLOW,ILO:DF_EMP_TEMP_SEX_ECO_NB(1.0),Employment by sex and economic activity,I,ESP,Spain,A,Annual,EMP_TEMP_NB,Employment (previous ILO definition - ICLS13),SEX_T,Total,ECO_ISIC4_M,"M. Professional, scientific and technical activities",2018,,1001.191,,,,NB,Number,PS,Persons,3,Thousands,LFS - EU Labour Force Survey,,Repository: ILO-STATISTICS - Micro data processing,,,,,,1,1,,,,
DATAFLOW,ILO:DF_EMP_TEMP_SEX_ECO_NB(1.0),Employment by sex and economic activity,I,ESP,Spain,A,Annual,EMP_TEMP_NB,Employment (previous ILO definition - ICLS13),SEX_T,Total,ECO_ISIC4_F,F. Construction,2019,,1314.888,,,,NB,Number,PS,Persons,3,Thousands,LFS - EU Labour Force Survey,,Repository: ILO-STATISTICS - Micro data processing,,,,,,1,1,,,,
DATAFLOW,ILO:DF_EMP_TEMP_SEX_ECO_NB(1.0),Employment by sex and economic activity,I,ESP,Spain,A,Annual,EMP_TEMP_NB,Employment (previous ILO definition - ICLS13),SEX_T,Total,ECO_ISIC4_M,"M. Professional, scientific and technical activities",2019,,998.135,,,,NB,Number,PS,Persons,3,Thousands,LFS - EU Labour Force Survey,,Repository: ILO-STATISTICS - Micro data processing,,,,,,1,1,,,,
DATAFLOW,ILO:DF_EMP_TEMP_SEX_ECO_NB(1.0),Employment by sex and economic activity,I,ESP,Spain,A,Annual,EMP_TEMP_NB,Employment (previous ILO definition - ICLS13),SEX_T,Total,ECO_ISIC4_F,F. Construction,2020,,1212.889,,,,NB,Number,PS,Persons,3,Thousands,LFS - EU Labour Force Survey,,Repository: ILO-STATISTICS - Micro data processing,,,,,,1,1,,,,
DATAFLOW,ILO:DF_EMP_TEMP_SEX_ECO_NB(1.0),Employment by sex and economic activity,I,ESP,Spain,A,Annual,EMP_TEMP_NB,Employment (previous ILO definition - ICLS13),SEX_T,Total,ECO_ISIC4_M,"M. Professional, scientific and technical activities",2020,,1033.507,,,,NB,Number,PS,Persons,3,Thousands,LFS - EU Labour Force Survey,,Repository: ILO-STATISTICS - Micro data processing,,,,,,1,1,,,,
DATAFLOW,ILO:DF_EMP_TEMP_SEX_ECO_NB(1.0),Employment by sex and economic activity,I,ESP,Spain,A,Annual,EMP_TEMP_NB,Employment (previous ILO definition - ICLS13),SEX_T,Total,ECO_ISIC4_F,F. Construction,2021,,1319.268,,,,NB,Number,PS,Persons,3,Thousands,LFS - EU Labour Force Survey,,Repository: ILO-STATISTICS - Micro data processing,,,,,,1,1,,,,
DATAFLOW,ILO:DF_EMP_TEMP_SEX_ECO_NB(1.0),Employment by sex and economic activity,I,ESP,Spain,A,Annual,EMP_TEMP_NB,Employment (previous ILO definition - ICLS13),SEX_T,Total,ECO_ISIC4_M,"M. Professional, scientific and technical activities",2021,,1139.932,,,,NB,Number,PS,Persons,3,Thousands,LFS - EU Labour Force Survey,,Repository: ILO-STATISTICS - Micro data processing,,,,,,1,1,,,,
DATAFLOW,ILO:DF_EMP_TEMP_SEX_ECO_NB(1.0),Employment by sex and economic activity,I,ESP,Spain,A,Annual,EMP_TEMP_NB,Employment (previous ILO definition - ICLS13),SEX_T,Total,ECO_ISIC4_F,F. Construction,2022,,1419.106,,,,NB,Number,PS,Persons,3,Thousands,LFS - EU Labour Force Survey,,Repository: ILO-STATISTICS - Micro data processing,,,,,,1,1,,,,
DATAFLOW,ILO:DF_EMP_TEMP_SEX_ECO_NB(1.0),Employment by sex and economic activity,I,ESP,Spain,A,Annual,EMP_TEMP_NB,Employment (previous ILO definition - ICLS13),SEX_T,Total,ECO_ISIC4_M,"M. Professional, scientific and technical activities",2022,,1097.395,,,,NB,Number,PS,Persons,3,Thousands,LFS - EU Labour Force Survey,,Repository: ILO-STATISTICS - Micro data processing,,,,,,1,1,,,,
DATAFLOW,ILO:DF_EMP_TEMP_SEX_ECO_NB(1.0),Employment by sex and economic activity,I,ESP,Spain,A,Annual,EMP_TEMP_NB,Employment (previous ILO definition - ICLS13),SEX_T,Total,ECO_ISIC4_F,F. Construction,2023,,1337.948,,,,NB,Number,PS,Persons,3,Thousands,LFS - EU Labour Force Survey,,Repository: ILO-STATISTICS - Micro data processing,,,,,,1,1,,,,
DATAFLOW,ILO:DF_EMP_TEMP_SEX_ECO_NB(1.0),Employment by sex and economic activity,I,ESP,Spain,A,Annual,EMP_TEMP_NB,Employment (previous ILO definition - ICLS13),SEX_T,Total,ECO_ISIC4_M,"M. Professional, scientific and technical activities",2023,,1203.734,,,,NB,Number,PS,Persons,3,Thousands,LFS - EU Labour Force Survey,,Repository: ILO-STATISTICS - Micro data processing,,,,,,1,1,,,,
DATAFLOW,ILO:DF_EMP_TEMP_SEX_ECO_NB(1.0),Employment by sex and economic activity,I,ESP,Spain,A,Annual,EMP_TEMP_NB,Employment (previous ILO definition - ICLS13),SEX_T,Total,ECO_ISIC4_F,F. Construction,2024,,1453.618,,,,NB,Number,PS,Persons,3,Thousands,LFS - EU Labour Force Survey,,Repository: ILO-STATISTICS - Micro data processing,,,,,,1,1,,,,
DATAFLOW,ILO:DF_EMP_TEMP_SEX_ECO_NB(1.0),Employment by sex and economic activity,I,ESP,Spain,A,Annual,EMP_TEMP_NB,Employment (previous ILO definition - ICLS13),SEX_T,Total,ECO_ISIC4_M,"M. Professional, scientific and technical activities",2024,,1281.358,,,,NB,Number,PS,Persons,3,Thousands,LFS - EU Labour Force Survey,,Repository: ILO-STATISTICS - Micro data processing,,,,,,1,1,,,,
DATAFLOW,ILO:DF_EMP_TEMP_SEX_ECO_NB(1.0),Employment by sex and economic activity,I,ESP,Spain,A,Annual,EMP_TEMP_NB,Employment (previous ILO definition - ICLS13),SEX_T,Total,ECO_ISIC4_F,F. Construction,2025,,1530.002,,,,NB,Number,PS,Persons,3,Thousands,LFS - EU Labour Force Survey,,Repository: Eurostat special tabulation,,,,,,1,1,,,,
DATAFLOW,ILO:DF_EMP_TEMP_SEX_ECO_NB(1.0),Employment by sex and economic activity,I,ESP,Spain,A,Annual,EMP_TEMP_NB,Employment (previous ILO definition - ICLS13),SEX_T,Total,ECO_ISIC4_M,"M. Professional, scientific and technical activities",2025,,1288.664,,,,NB,Number,PS,Persons,3,Thousands,LFS - EU Labour Force Survey,,Repository: Eurostat special tabulation,,,,,,1,1,,,,
DATAFLOW,ILO:DF_EMP_TEMP_SEX_ECO_NB(1.0),Employment by sex and economic activity,I,FRA,France,A,Annual,EMP_TEMP_NB,Employment (previous ILO definition - ICLS13),SEX_T,Total,ECO_ISIC4_F,F. Construction,2018,,1790.626,,,,NB,Number,PS,Persons,3,Thousands,LFS - Enquête sur l'emploi,,Repository: ILO-STATISTICS - Micro data processing,,,,,,1,1,,,,
DATAFLOW,ILO:DF_EMP_TEMP_SEX_ECO_NB(1.0),Employment by sex and economic activity,I,FRA,France,A,Annual,EMP_TEMP_NB,Employment (previous ILO definition - ICLS13),SEX_T,Total,ECO_ISIC4_M,"M. Professional, scientific and technical activities",2018,,1611.298,,,,NB,Number,PS,Persons,3,Thousands,LFS - Enquête sur l'emploi,,Repository: ILO-STATISTICS - Micro data processing,,,,,,1,1,,,,
DATAFLOW,ILO:DF_EMP_TEMP_SEX_ECO_NB(1.0),Employment by sex and economic activity,I,FRA,France,A,Annual,EMP_TEMP_NB,Employment (previous ILO definition - ICLS13),SEX_T,Total,ECO_ISIC4_F,F. Construction,2019,,1806.1,,,,NB,Number,PS,Persons,3,Thousands,LFS - Enquête sur l'emploi,,Repository: ILO-STATISTICS - Micro data processing,,,,,,1,1,,,,
DATAFLOW,ILO:DF_EMP_TEMP_SEX_ECO_NB(1.0),Employment by sex and economic activity,I,FRA,France,A,Annual,EMP_TEMP_NB,Employment (previous ILO definition - ICLS13),SEX_T,Total,ECO_ISIC4_M,"M. Professional, scientific and technical activities",2019,,1628.115,,,,NB,Number,PS,Persons,3,Thousands,LFS - Enquête sur l'emploi,,Repository: ILO-STATISTICS - Micro data processing,,,,,,1,1,,,,
DATAFLOW,ILO:DF_EMP_TEMP_SEX_ECO_NB(1.0),Employment by sex and economic activity,I,FRA,France,A,Annual,EMP_TEMP_NB,Employment (previous ILO definition - ICLS13),SEX_T,Total,ECO_ISIC4_F,F. Construction,2020,,1797.376,,,,NB,Number,PS,Persons,3,Thousands,LFS - Enquête sur l'emploi,,Repository: ILO-STATISTICS - Micro data processing,,,,,,1,1,,,,
DATAFLOW,ILO:DF_EMP_TEMP_SEX_ECO_NB(1.0),Employment by sex and economic activity,I,FRA,France,A,Annual,EMP_TEMP_NB,Employment (previous ILO definition - ICLS13),SEX_T,Total,ECO_ISIC4_M,"M. Professional, scientific and technical activities",2020,,1671.688,,,,NB,Number,PS,Persons,3,Thousands,LFS - Enquête sur l'emploi,,Repository: ILO-STATISTICS - Micro data processing,,,,,,1,1,,,,
DATAFLOW,ILO:DF_EMP_TEMP_SEX_ECO_NB(1.0),Employment by sex and economic activity,I,FRA,France,A,Annual,EMP_TEMP_NB,Employment (previous ILO definition - ICLS13),SEX_T,Total,ECO_ISIC4_F,F. Construction,2021,,1793.939,,,,NB,Number,PS,Persons,3,Thousands,LFS - Enquête sur l'emploi,,Repository: ILO-STATISTICS - Micro data processing,,,,,,1,1,,,,
DATAFLOW,ILO:DF_EMP_TEMP_SEX_ECO_NB(1.0),Employment by sex and economic activity,I,FRA,France,A,Annual,EMP_TEMP_NB,Employment (previous ILO definition - ICLS13),SEX_T,Total,ECO_ISIC4_M,"M. Professional, scientific and technical activities",2021,,1786.43,,,,NB,Number,PS,Persons,3,Thousands,LFS - Enquête sur l'emploi,,Repository: ILO-STATISTICS - Micro data processing,,,,,,1,1,,,,
DATAFLOW,ILO:DF_EMP_TEMP_SEX_ECO_NB(1.0),Employment by sex and economic activity,I,FRA,France,A,Annual,EMP_TEMP_NB,Employment (previous ILO definition - ICLS13),SEX_T,Total,ECO_ISIC4_F,F. Construction,2022,,1843.714,,,,NB,Number,PS,Persons,3,Thousands,LFS - Enquête sur l'emploi,,Repository: ILO-STATISTICS - Micro data processing,,,,,,1,1,,,,
DATAFLOW,ILO:DF_EMP_TEMP_SEX_ECO_NB(1.0),Employment by sex and economic activity,I,FRA,France,A,Annual,EMP_TEMP_NB,Employment (previous ILO definition - ICLS13),SEX_T,Total,ECO_ISIC4_M,"M. Professional, scientific and technical activities",2022,,1855.994,,,,NB,Number,PS,Persons,3,Thousands,LFS - Enquête sur l'emploi,,Repository: ILO-STATISTICS - Micro data processing,,,,,,1,1,,,,
DATAFLOW,ILO:DF_EMP_TEMP_SEX_ECO_NB(1.0),Employment by sex and economic activity,I,FRA,France,A,Annual,EMP_TEMP_NB,Employment (previous ILO definition - ICLS13),SEX_T,Total,ECO_ISIC4_F,F. Construction,2023,,1812.325,,,,NB,Number,PS,Persons,3,Thousands,LFS - Enquête sur l'emploi,,Repository: ILO-STATISTICS - Micro data processing,,,,,,1,1,,,,
DATAFLOW,ILO:DF_EMP_TEMP_SEX_ECO_NB(1.0),Employment by sex and economic activity,I,FRA,France,A,Annual,EMP_TEMP_NB,Employment (previous ILO definition - ICLS13),SEX_T,Total,ECO_ISIC4_M,"M. Professional, scientific and technical activities",2023,,1956.561,,,,NB,Number,PS,Persons,3,Thousands,LFS - Enquête sur l'emploi,,Repository: ILO-STATISTICS - Micro data processing,,,,,,1,1,,,,
DATAFLOW,ILO:DF_EMP_TEMP_SEX_ECO_NB(1.0),Employment by sex and economic activity,I,FRA,France,A,Annual,EMP_TEMP_NB,Employment (previous ILO definition - ICLS13),SEX_T,Total,ECO_ISIC4_F,F. Construction,2024,,1909.137,,,,NB,Number,PS,Persons,3,Thousands,LFS - Enquête sur l'emploi,,Repository: ILO-STATISTICS - Micro data processing,,,,,,1,1,,,,
DATAFLOW,ILO:DF_EMP_TEMP_SEX_ECO_NB(1.0),Employment by sex and economic activity,I,FRA,France,A,Annual,EMP_TEMP_NB,Employment (previous ILO definition - ICLS13),SEX_T,Total,ECO_ISIC4_M,"M. Professional, scientific and technical activities",2024,,1995.787,,,,NB,Number,PS,Persons,3,Thousands,LFS - Enquête sur l'emploi,,Repository: ILO-STATISTICS - Micro data processing,,,,,,1,1,,,,
DATAFLOW,ILO:DF_EMP_TEMP_SEX_ECO_NB(1.0),Employment by sex and economic activity,I,FRA,France,A,Annual,EMP_TEMP_NB,Employment (previous ILO definition - ICLS13),SEX_T,Total,ECO_ISIC4_F,F. Construction,2025,,1956.352,,,,NB,Number,PS,Persons,3,Thousands,LFS - Enquête sur l'emploi,,Repository: Eurostat special tabulation,,,,,,1,1,,,,
DATAFLOW,ILO:DF_EMP_TEMP_SEX_ECO_NB(1.0),Employment by sex and economic activity,I,FRA,France,A,Annual,EMP_TEMP_NB,Employment (previous ILO definition - ICLS13),SEX_T,Total,ECO_ISIC4_M,"M. Professional, scientific and technical activities",2025,,2008.903,,,,NB,Number,PS,Persons,3,Thousands,LFS - Enquête sur l'emploi,,Repository: Eurostat special tabulation,,,,,,1,1,,,,
DATAFLOW,ILO:DF_EMP_TEMP_SEX_ECO_NB(1.0),Employment by sex and economic activity,I,GBR,United Kingdom of Great Britain and Northern Ireland,A,Annual,EMP_TEMP_NB,Employment (previous ILO definition - ICLS13),SEX_T,Total,ECO_ISIC4_F,F. Construction,2018,,2348.616,,,,NB,Number,PS,Persons,3,Thousands,LFS - Labour Force Survey,,Repository: ILO-STATISTICS - Micro data processing,,,,,,1,1,,,,
DATAFLOW,ILO:DF_EMP_TEMP_SEX_ECO_NB(1.0),Employment by sex and economic activity,I,GBR,United Kingdom of Great Britain and Northern Ireland,A,Annual,EMP_TEMP_NB,Employment (previous ILO definition - ICLS13),SEX_T,Total,ECO_ISIC4_M,"M. Professional, scientific and technical activities",2018,,2416.943,,,,NB,Number,PS,Persons,3,Thousands,LFS - Labour Force Survey,,Repository: ILO-STATISTICS - Micro data processing,,,,,,1,1,,,,
DATAFLOW,ILO:DF_EMP_TEMP_SEX_ECO_NB(1.0),Employment by sex and economic activity,I,GBR,United Kingdom of Great Britain and Northern Ireland,A,Annual,EMP_TEMP_NB,Employment (previous ILO definition - ICLS13),SEX_T,Total,ECO_ISIC4_F,F. Construction,2019,,2258.131,,,,NB,Number,PS,Persons,3,Thousands,LFS - Labour Force Survey,,Repository: ILO-STATISTICS - Micro data processing,,,,,,1,1,,,,
DATAFLOW,ILO:DF_EMP_TEMP_SEX_ECO_NB(1.0),Employment by sex and economic activity,I,GBR,United Kingdom of Great Britain and Northern Ireland,A,Annual,EMP_TEMP_NB,Employment (previous ILO definition - ICLS13),SEX_T,Total,ECO_ISIC4_M,"M. Professional, scientific and technical activities",2019,,2397.982,,,,NB,Number,PS,Persons,3,Thousands,LFS - Labour Force Survey,,Repository: ILO-STATISTICS - Micro data processing,,,,,,1,1,,,,
DATAFLOW,ILO:DF_EMP_TEMP_SEX_ECO_NB(1.0),Employment by sex and economic activity,I,GBR,United Kingdom of Great Britain and Northern Ireland,A,Annual,EMP_TEMP_NB,Employment (previous ILO definition - ICLS13),SEX_T,Total,ECO_ISIC4_F,F. Construction,2020,,2208.545,,,,NB,Number,PS,Persons,3,Thousands,LFS - Labour Force Survey,,Repository: ILO-STATISTICS - Micro data processing,,,,,,1,1,,,,
DATAFLOW,ILO:DF_EMP_TEMP_SEX_ECO_NB(1.0),Employment by sex and economic activity,I,GBR,United Kingdom of Great Britain and Northern Ireland,A,Annual,EMP_TEMP_NB,Employment (previous ILO definition - ICLS13),SEX_T,Total,ECO_ISIC4_M,"M. Professional, scientific and technical activities",2020,,2669.17,,,,NB,Number,PS,Persons,3,Thousands,LFS - Labour Force Survey,,Repository: ILO-STATISTICS - Micro data processing,,,,,,1,1,,,,
DATAFLOW,ILO:DF_EMP_TEMP_SEX_ECO_NB(1.0),Employment by sex and economic activity,I,GBR,United Kingdom of Great Britain and Northern Ireland,A,Annual,EMP_TEMP_NB,Employment (previous ILO definition - ICLS13),SEX_T,Total,ECO_ISIC4_F,F. Construction,2021,,2103.568,,,,NB,Number,PS,Persons,3,Thousands,LFS - Labour Force Survey,,Repository: ILO-STATISTICS - Micro data processing,,,,,,1,1,,,,
DATAFLOW,ILO:DF_EMP_TEMP_SEX_ECO_NB(1.0),Employment by sex and economic activity,I,GBR,United Kingdom of Great Britain and Northern Ireland,A,Annual,EMP_TEMP_NB,Employment (previous ILO definition - ICLS13),SEX_T,Total,ECO_ISIC4_M,"M. Professional, scientific and technical activities",2021,,2701.339,,,,NB,Number,PS,Persons,3,Thousands,LFS - Labour Force Survey,,Repository: ILO-STATISTICS - Micro data processing,,,,,,1,1,,,,
DATAFLOW,ILO:DF_EMP_TEMP_SEX_ECO_NB(1.0),Employment by sex and economic activity,I,GBR,United Kingdom of Great Britain and Northern Ireland,A,Annual,EMP_TEMP_NB,Employment (previous ILO definition - ICLS13),SEX_T,Total,ECO_ISIC4_F,F. Construction,2022,,2179.169,,,,NB,Number,PS,Persons,3,Thousands,LFS - Labour Force Survey,,Repository: ILO-STATISTICS - Micro data processing,,,,,,1,1,,,,
DATAFLOW,ILO:DF_EMP_TEMP_SEX_ECO_NB(1.0),Employment by sex and economic activity,I,GBR,United Kingdom of Great Britain and Northern Ireland,A,Annual,EMP_TEMP_NB,Employment (previous ILO definition - ICLS13),SEX_T,Total,ECO_ISIC4_M,"M. Professional, scientific and technical activities",2022,,2772.97,,,,NB,Number,PS,Persons,3,Thousands,LFS - Labour Force Survey,,Repository: ILO-STATISTICS - Micro data processing,,,,,,1,1,,,,
DATAFLOW,ILO:DF_EMP_TEMP_SEX_ECO_NB(1.0),Employment by sex and economic activity,I,GBR,United Kingdom of Great Britain and Northern Ireland,A,Annual,EMP_TEMP_NB,Employment (previous ILO definition - ICLS13),SEX_T,Total,ECO_ISIC4_F,F. Construction,2023,,2133.008,,,,NB,Number,PS,Persons,3,Thousands,LFS - Labour Force Survey,,Repository: ILO-STATISTICS - Micro data processing,,,,,,1,1,,,,
DATAFLOW,ILO:DF_EMP_TEMP_SEX_ECO_NB(1.0),Employment by sex and economic activity,I,GBR,United Kingdom of Great Britain and Northern Ireland,A,Annual,EMP_TEMP_NB,Employment (previous ILO definition - ICLS13),SEX_T,Total,ECO_ISIC4_M,"M. Professional, scientific and technical activities",2023,,2988.184,,,,NB,Number,PS,Persons,3,Thousands,LFS - Labour Force Survey,,Repository: ILO-STATISTICS - Micro data processing,,,,,,1,1,,,,
DATAFLOW,ILO:DF_EMP_TEMP_SEX_ECO_NB(1.0),Employment by sex and economic activity,I,GBR,United Kingdom of Great Britain and Northern Ireland,A,Annual,EMP_TEMP_NB,Employment (previous ILO definition - ICLS13),SEX_T,Total,ECO_ISIC4_F,F. Construction,2024,,2086.936,,,,NB,Number,PS,Persons,3,Thousands,LFS - Labour Force Survey,,Repository: ILO-STATISTICS - Micro data processing,,,,,,1,1,,,,
DATAFLOW,ILO:DF_EMP_TEMP_SEX_ECO_NB(1.0),Employment by sex and economic activity,I,GBR,United Kingdom of Great Britain and Northern Ireland,A,Annual,EMP_TEMP_NB,Employment (previous ILO definition - ICLS13),SEX_T,Total,ECO_ISIC4_M,"M. Professional, scientific and technical activities",2024,,2921.765,,,,NB,Number,PS,Persons,3,Thousands,LFS - Labour Force Survey,,Repository: ILO-STATISTICS - Micro data processing,,,,,,1,1,,,,
DATAFLOW,ILO:DF_EMP_TEMP_SEX_ECO_NB(1.0),Employment by sex and economic activity,I,GBR,United Kingdom of Great Britain and Northern Ireland,A,Annual,EMP_TEMP_NB,Employment (previous ILO definition - ICLS13),SEX_T,Total,ECO_ISIC4_F,F. Construction,2025,,2083.538,,,,NB,Number,PS,Persons,3,Thousands,LFS - Labour Force Survey,,Repository: ILO-STATISTICS - Micro data processing,,,,,,1,1,,,,
DATAFLOW,ILO:DF_EMP_TEMP_SEX_ECO_NB(1.0),Employment by sex and economic activity,I,GBR,United Kingdom of Great Britain and Northern Ireland,A,Annual,EMP_TEMP_NB,Employment (previous ILO definition - ICLS13),SEX_T,Total,ECO_ISIC4_M,"M. Professional, scientific and technical activities",2025,,2947.496,,,,NB,Number,PS,Persons,3,Thousands,LFS - Labour Force Survey,,Repository: ILO-STATISTICS - Micro data processing,,,,,,1,1,,,,
DATAFLOW,ILO:DF_EMP_TEMP_SEX_ECO_NB(1.0),Employment by sex and economic activity,I,IND,India,A,Annual,EMP_TEMP_NB,Employment (previous ILO definition - ICLS13),SEX_T,Total,ECO_ISIC4_F,F. Construction,2018,,41067.545,,,,NB,Number,PS,Persons,3,Thousands,LFS - Periodic Labour Force Survey,,Repository: ILO-STATISTICS - Micro data processing,,,,,,1,1,,,,
DATAFLOW,ILO:DF_EMP_TEMP_SEX_ECO_NB(1.0),Employment by sex and economic activity,I,IND,India,A,Annual,EMP_TEMP_NB,Employment (previous ILO definition - ICLS13),SEX_T,Total,ECO_ISIC4_M,"M. Professional, scientific and technical activities",2018,,3143.916,,,,NB,Number,PS,Persons,3,Thousands,LFS - Periodic Labour Force Survey,,Repository: ILO-STATISTICS - Micro data processing,,,,,,1,1,,,,
DATAFLOW,ILO:DF_EMP_TEMP_SEX_ECO_NB(1.0),Employment by sex and economic activity,I,IND,India,A,Annual,EMP_TEMP_NB,Employment (previous ILO definition - ICLS13),SEX_T,Total,ECO_ISIC4_F,F. Construction,2019,,45526.465,,,,NB,Number,PS,Persons,3,Thousands,LFS - Periodic Labour Force Survey,,Repository: ILO-STATISTICS - Micro data processing,,,,,,1,1,,,,
DATAFLOW,ILO:DF_EMP_TEMP_SEX_ECO_NB(1.0),Employment by sex and economic activity,I,IND,India,A,Annual,EMP_TEMP_NB,Employment (previous ILO definition - ICLS13),SEX_T,Total,ECO_ISIC4_M,"M. Professional, scientific and technical activities",2019,,3327.181,,,,NB,Number,PS,Persons,3,Thousands,LFS - Periodic Labour Force Survey,,Repository: ILO-STATISTICS - Micro data processing,,,,,,1,1,,,,
DATAFLOW,ILO:DF_EMP_TEMP_SEX_ECO_NB(1.0),Employment by sex and economic activity,I,IND,India,A,Annual,EMP_TEMP_NB,Employment (previous ILO definition - ICLS13),SEX_T,Total,ECO_ISIC4_F,F. Construction,2020,,44137.454,,,,NB,Number,PS,Persons,3,Thousands,LFS - Periodic Labour Force Survey,,Repository: ILO-STATISTICS - Micro data processing,,,,,,1,1,,,,
DATAFLOW,ILO:DF_EMP_TEMP_SEX_ECO_NB(1.0),Employment by sex and economic activity,I,IND,India,A,Annual,EMP_TEMP_NB,Employment (previous ILO definition - ICLS13),SEX_T,Total,ECO_ISIC4_M,"M. Professional, scientific and technical activities",2020,,2963.686,,,,NB,Number,PS,Persons,3,Thousands,LFS - Periodic Labour Force Survey,,Repository: ILO-STATISTICS - Micro data processing,,,,,,1,1,,,,
DATAFLOW,ILO:DF_EMP_TEMP_SEX_ECO_NB(1.0),Employment by sex and economic activity,I,IND,India,A,Annual,EMP_TEMP_NB,Employment (previous ILO definition - ICLS13),SEX_T,Total,ECO_ISIC4_F,F. Construction,2021,,48835.251,,,,NB,Number,PS,Persons,3,Thousands,LFS - Periodic Labour Force Survey,,Repository: ILO-STATISTICS - Micro data processing,,,,,,1,1,,,,
DATAFLOW,ILO:DF_EMP_TEMP_SEX_ECO_NB(1.0),Employment by sex and economic activity,I,IND,India,A,Annual,EMP_TEMP_NB,Employment (previous ILO definition - ICLS13),SEX_T,Total,ECO_ISIC4_M,"M. Professional, scientific and technical activities",2021,,3022.606,,,,NB,Number,PS,Persons,3,Thousands,LFS - Periodic Labour Force Survey,,Repository: ILO-STATISTICS - Micro data processing,,,,,,1,1,,,,
DATAFLOW,ILO:DF_EMP_TEMP_SEX_ECO_NB(1.0),Employment by sex and economic activity,I,IND,India,A,Annual,EMP_TEMP_NB,Employment (previous ILO definition - ICLS13),SEX_T,Total,ECO_ISIC4_F,F. Construction,2022,,60020.697,,,,NB,Number,PS,Persons,3,Thousands,LFS - Periodic Labour Force Survey,,Repository: ILO-STATISTICS - Micro data processing,,,,,,1,1,,,,
DATAFLOW,ILO:DF_EMP_TEMP_SEX_ECO_NB(1.0),Employment by sex and economic activity,I,IND,India,A,Annual,EMP_TEMP_NB,Employment (previous ILO definition - ICLS13),SEX_T,Total,ECO_ISIC4_M,"M. Professional, scientific and technical activities",2022,,2938.453,,,,NB,Number,PS,Persons,3,Thousands,LFS - Periodic Labour Force Survey,,Repository: ILO-STATISTICS - Micro data processing,,,,,,1,1,,,,
DATAFLOW,ILO:DF_EMP_TEMP_SEX_ECO_NB(1.0),Employment by sex and economic activity,I,IND,India,A,Annual,EMP_TEMP_NB,Employment (previous ILO definition - ICLS13),SEX_T,Total,ECO_ISIC4_F,F. Construction,2023,,57290.116,,,,NB,Number,PS,Persons,3,Thousands,LFS - Periodic Labour Force Survey,,Repository: ILO-STATISTICS - Micro data processing,,,,,,1,1,,,,
DATAFLOW,ILO:DF_EMP_TEMP_SEX_ECO_NB(1.0),Employment by sex and economic activity,I,IND,India,A,Annual,EMP_TEMP_NB,Employment (previous ILO definition - ICLS13),SEX_T,Total,ECO_ISIC4_M,"M. Professional, scientific and technical activities",2023,,3138.01,,,,NB,Number,PS,Persons,3,Thousands,LFS - Periodic Labour Force Survey,,Repository: ILO-STATISTICS - Micro data processing,,,,,,1,1,,,,
DATAFLOW,ILO:DF_EMP_TEMP_SEX_ECO_NB(1.0),Employment by sex and economic activity,I,IND,India,A,Annual,EMP_TEMP_NB,Employment (previous ILO definition - ICLS13),SEX_T,Total,ECO_ISIC4_F,F. Construction,2024,,60557.655,,,,NB,Number,PS,Persons,3,Thousands,LFS - Periodic Labour Force Survey,,Repository: ILO-STATISTICS - Micro data processing,,,,,,1,1,,,,
DATAFLOW,ILO:DF_EMP_TEMP_SEX_ECO_NB(1.0),Employment by sex and economic activity,I,IND,India,A,Annual,EMP_TEMP_NB,Employment (previous ILO definition - ICLS13),SEX_T,Total,ECO_ISIC4_M,"M. Professional, scientific and technical activities",2024,,3760.797,,,,NB,Number,PS,Persons,3,Thousands,LFS - Periodic Labour Force Survey,,Repository: ILO-STATISTICS - Micro data processing,,,,,,1,1,,,,
DATAFLOW,ILO:DF_EMP_TEMP_SEX_ECO_NB(1.0),Employment by sex and economic activity,I,IND,India,A,Annual,EMP_TEMP_NB,Employment (previous ILO definition - ICLS13),SEX_T,Total,ECO_ISIC4_F,F. Construction,2025,,56210.645,,,,NB,Number,PS,Persons,3,Thousands,LFS - Periodic Labour Force Survey,,Repository: ILO-STATISTICS - Micro data processing,,,,,,1,1,,,,
DATAFLOW,ILO:DF_EMP_TEMP_SEX_ECO_NB(1.0),Employment by sex and economic activity,I,IND,India,A,Annual,EMP_TEMP_NB,Employment (previous ILO definition - ICLS13),SEX_T,Total,ECO_ISIC4_M,"M. Professional, scientific and technical activities",2025,,4342.503,,,,NB,Number,PS,Persons,3,Thousands,LFS - Periodic Labour Force Survey,,Repository: ILO-STATISTICS - Micro data processing,,,,,,1,1,,,,
DATAFLOW,ILO:DF_EMP_TEMP_SEX_ECO_NB(1.0),Employment by sex and economic activity,I,IRL,Ireland,A,Annual,EMP_TEMP_NB,Employment (previous ILO definition - ICLS13),SEX_T,Total,ECO_ISIC4_F,F. Construction,2018,,143.383,,,,NB,Number,PS,Persons,3,Thousands,LFS - EU Labour Force Survey,,Repository: ILO-STATISTICS - Micro data processing,,,,,,1,1,,,,
DATAFLOW,ILO:DF_EMP_TEMP_SEX_ECO_NB(1.0),Employment by sex and economic activity,I,IRL,Ireland,A,Annual,EMP_TEMP_NB,Employment (previous ILO definition - ICLS13),SEX_T,Total,ECO_ISIC4_M,"M. Professional, scientific and technical activities",2018,,136.675,,,,NB,Number,PS,Persons,3,Thousands,LFS - EU Labour Force Survey,,Repository: ILO-STATISTICS - Micro data processing,,,,,,1,1,,,,
DATAFLOW,ILO:DF_EMP_TEMP_SEX_ECO_NB(1.0),Employment by sex and economic activity,I,IRL,Ireland,A,Annual,EMP_TEMP_NB,Employment (previous ILO definition - ICLS13),SEX_T,Total,ECO_ISIC4_F,F. Construction,2019,,146.992,,,,NB,Number,PS,Persons,3,Thousands,LFS - EU Labour Force Survey,,Repository: ILO-STATISTICS - Micro data processing,,,,,,1,1,,,,
DATAFLOW,ILO:DF_EMP_TEMP_SEX_ECO_NB(1.0),Employment by sex and economic activity,I,IRL,Ireland,A,Annual,EMP_TEMP_NB,Employment (previous ILO definition - ICLS13),SEX_T,Total,ECO_ISIC4_M,"M. Professional, scientific and technical activities",2019,,138.094,,,,NB,Number,PS,Persons,3,Thousands,LFS - EU Labour Force Survey,,Repository: ILO-STATISTICS - Micro data processing,,,,,,1,1,,,,
DATAFLOW,ILO:DF_EMP_TEMP_SEX_ECO_NB(1.0),Employment by sex and economic activity,I,IRL,Ireland,A,Annual,EMP_TEMP_NB,Employment (previous ILO definition - ICLS13),SEX_T,Total,ECO_ISIC4_F,F. Construction,2020,,137.18,,,,NB,Number,PS,Persons,3,Thousands,LFS - EU Labour Force Survey,,Repository: ILO-STATISTICS - Micro data processing,,,,,,1,1,,,,
DATAFLOW,ILO:DF_EMP_TEMP_SEX_ECO_NB(1.0),Employment by sex and economic activity,I,IRL,Ireland,A,Annual,EMP_TEMP_NB,Employment (previous ILO definition - ICLS13),SEX_T,Total,ECO_ISIC4_M,"M. Professional, scientific and technical activities",2020,,144.552,,,,NB,Number,PS,Persons,3,Thousands,LFS - EU Labour Force Survey,,Repository: ILO-STATISTICS - Micro data processing,,,,,,1,1,,,,
DATAFLOW,ILO:DF_EMP_TEMP_SEX_ECO_NB(1.0),Employment by sex and economic activity,I,IRL,Ireland,A,Annual,EMP_TEMP_NB,Employment (previous ILO definition - ICLS13),SEX_T,Total,ECO_ISIC4_F,F. Construction,2021,,149.418,,,,NB,Number,PS,Persons,3,Thousands,LFS - EU Labour Force Survey,,Repository: ILO-STATISTICS - Micro data processing,,,,,,1,1,,,,
DATAFLOW,ILO:DF_EMP_TEMP_SEX_ECO_NB(1.0),Employment by sex and economic activity,I,IRL,Ireland,A,Annual,EMP_TEMP_NB,Employment (previous ILO definition - ICLS13),SEX_T,Total,ECO_ISIC4_M,"M. Professional, scientific and technical activities",2021,,159.595,,,,NB,Number,PS,Persons,3,Thousands,LFS - EU Labour Force Survey,,Repository: ILO-STATISTICS - Micro data processing,,,,,,1,1,,,,
DATAFLOW,ILO:DF_EMP_TEMP_SEX_ECO_NB(1.0),Employment by sex and economic activity,I,IRL,Ireland,A,Annual,EMP_TEMP_NB,Employment (previous ILO definition - ICLS13),SEX_T,Total,ECO_ISIC4_F,F. Construction,2022,,167.879,,,,NB,Number,PS,Persons,3,Thousands,LFS - EU Labour Force Survey,,Repository: ILO-STATISTICS - Micro data processing,,,,,,1,1,,,,
DATAFLOW,ILO:DF_EMP_TEMP_SEX_ECO_NB(1.0),Employment by sex and economic activity,I,IRL,Ireland,A,Annual,EMP_TEMP_NB,Employment (previous ILO definition - ICLS13),SEX_T,Total,ECO_ISIC4_M,"M. Professional, scientific and technical activities",2022,,177.459,,,,NB,Number,PS,Persons,3,Thousands,LFS - EU Labour Force Survey,,Repository: ILO-STATISTICS - Micro data processing,,,,,,1,1,,,,
DATAFLOW,ILO:DF_EMP_TEMP_SEX_ECO_NB(1.0),Employment by sex and economic activity,I,IRL,Ireland,A,Annual,EMP_TEMP_NB,Employment (previous ILO definition - ICLS13),SEX_T,Total,ECO_ISIC4_F,F. Construction,2023,,161.371,,,,NB,Number,PS,Persons,3,Thousands,LFS - EU Labour Force Survey,,Repository: ILO-STATISTICS - Micro data processing,,,,,,1,1,,,,
DATAFLOW,ILO:DF_EMP_TEMP_SEX_ECO_NB(1.0),Employment by sex and economic activity,I,IRL,Ireland,A,Annual,EMP_TEMP_NB,Employment (previous ILO definition - ICLS13),SEX_T,Total,ECO_ISIC4_M,"M. Professional, scientific and technical activities",2023,,190.591,,,,NB,Number,PS,Persons,3,Thousands,LFS - EU Labour Force Survey,,Repository: ILO-STATISTICS - Micro data processing,,,,,,1,1,,,,
DATAFLOW,ILO:DF_EMP_TEMP_SEX_ECO_NB(1.0),Employment by sex and economic activity,I,IRL,Ireland,A,Annual,EMP_TEMP_NB,Employment (previous ILO definition - ICLS13),SEX_T,Total,ECO_ISIC4_F,F. Construction,2024,,172.11,,,,NB,Number,PS,Persons,3,Thousands,LFS - EU Labour Force Survey,,Repository: ILO-STATISTICS - Micro data processing,,,,,,1,1,,,,
DATAFLOW,ILO:DF_EMP_TEMP_SEX_ECO_NB(1.0),Employment by sex and economic activity,I,IRL,Ireland,A,Annual,EMP_TEMP_NB,Employment (previous ILO definition - ICLS13),SEX_T,Total,ECO_ISIC4_M,"M. Professional, scientific and technical activities",2024,,209.152,,,,NB,Number,PS,Persons,3,Thousands,LFS - EU Labour Force Survey,,Repository: ILO-STATISTICS - Micro data processing,,,,,,1,1,,,,
DATAFLOW,ILO:DF_EMP_TEMP_SEX_ECO_NB(1.0),Employment by sex and economic activity,I,IRL,Ireland,A,Annual,EMP_TEMP_NB,Employment (previous ILO definition - ICLS13),SEX_T,Total,ECO_ISIC4_F,F. Construction,2025,,184.391,,,,NB,Number,PS,Persons,3,Thousands,LFS - EU Labour Force Survey,,Repository: Eurostat special tabulation,,,,,,1,1,,,,
DATAFLOW,ILO:DF_EMP_TEMP_SEX_ECO_NB(1.0),Employment by sex and economic activity,I,IRL,Ireland,A,Annual,EMP_TEMP_NB,Employment (previous ILO definition - ICLS13),SEX_T,Total,ECO_ISIC4_M,"M. Professional, scientific and technical activities",2025,,199.888,,,,NB,Number,PS,Persons,3,Thousands,LFS - EU Labour Force Survey,,Repository: Eurostat special tabulation,,,,,,1,1,,,,
DATAFLOW,ILO:DF_EMP_TEMP_SEX_ECO_NB(1.0),Employment by sex and economic activity,I,ITA,Italy,A,Annual,EMP_TEMP_NB,Employment (previous ILO definition - ICLS13),SEX_T,Total,ECO_ISIC4_F,F. Construction,2018,,1385.286,,,,NB,Number,PS,Persons,3,Thousands,LFS - EU Labour Force Survey,,Repository: ILO-STATISTICS - Micro data processing,,,,,,1,1,,,,
DATAFLOW,ILO:DF_EMP_TEMP_SEX_ECO_NB(1.0),Employment by sex and economic activity,I,ITA,Italy,A,Annual,EMP_TEMP_NB,Employment (previous ILO definition - ICLS13),SEX_T,Total,ECO_ISIC4_M,"M. Professional, scientific and technical activities",2018,,1476.54,,,,NB,Number,PS,Persons,3,Thousands,LFS - EU Labour Force Survey,,Repository: ILO-STATISTICS - Micro data processing,,,,,,1,1,,,,
DATAFLOW,ILO:DF_EMP_TEMP_SEX_ECO_NB(1.0),Employment by sex and economic activity,I,ITA,Italy,A,Annual,EMP_TEMP_NB,Employment (previous ILO definition - ICLS13),SEX_T,Total,ECO_ISIC4_F,F. Construction,2019,,1323.094,,,,NB,Number,PS,Persons,3,Thousands,LFS - EU Labour Force Survey,,Repository: ILO-STATISTICS - Micro data processing,,,,,,1,1,,,,
DATAFLOW,ILO:DF_EMP_TEMP_SEX_ECO_NB(1.0),Employment by sex and economic activity,I,ITA,Italy,A,Annual,EMP_TEMP_NB,Employment (previous ILO definition - ICLS13),SEX_T,Total,ECO_ISIC4_M,"M. Professional, scientific and technical activities",2019,,1508.573,,,,NB,Number,PS,Persons,3,Thousands,LFS - EU Labour Force Survey,,Repository: ILO-STATISTICS - Micro data processing,,,,,,1,1,,,,
DATAFLOW,ILO:DF_EMP_TEMP_SEX_ECO_NB(1.0),Employment by sex and economic activity,I,ITA,Italy,A,Annual,EMP_TEMP_NB,Employment (previous ILO definition - ICLS13),SEX_T,Total,ECO_ISIC4_F,F. Construction,2020,,1341.549,,,,NB,Number,PS,Persons,3,Thousands,LFS - EU Labour Force Survey,,Repository: ILO-STATISTICS - Micro data processing,,,,,,1,1,,,,
DATAFLOW,ILO:DF_EMP_TEMP_SEX_ECO_NB(1.0),Employment by sex and economic activity,I,ITA,Italy,A,Annual,EMP_TEMP_NB,Employment (previous ILO definition - ICLS13),SEX_T,Total,ECO_ISIC4_M,"M. Professional, scientific and technical activities",2020,,1495.099,,,,NB,Number,PS,Persons,3,Thousands,LFS - EU Labour Force Survey,,Repository: ILO-STATISTICS - Micro data processing,,,,,,1,1,,,,
DATAFLOW,ILO:DF_EMP_TEMP_SEX_ECO_NB(1.0),Employment by sex and economic activity,I,ITA,Italy,A,Annual,EMP_TEMP_NB,Employment (previous ILO definition - ICLS13),SEX_T,Total,ECO_ISIC4_F,F. Construction,2021,,1430.804,,,,NB,Number,PS,Persons,3,Thousands,LFS - EU Labour Force Survey,,Repository: ILO-STATISTICS - Micro data processing,,,,,,1,1,,,,
DATAFLOW,ILO:DF_EMP_TEMP_SEX_ECO_NB(1.0),Employment by sex and economic activity,I,ITA,Italy,A,Annual,EMP_TEMP_NB,Employment (previous ILO definition - ICLS13),SEX_T,Total,ECO_ISIC4_M,"M. Professional, scientific and technical activities",2021,,1484.049,,,,NB,Number,PS,Persons,3,Thousands,LFS - EU Labour Force Survey,,Repository: ILO-STATISTICS - Micro data processing,,,,,,1,1,,,,
DATAFLOW,ILO:DF_EMP_TEMP_SEX_ECO_NB(1.0),Employment by sex and economic activity,I,ITA,Italy,A,Annual,EMP_TEMP_NB,Employment (previous ILO definition - ICLS13),SEX_T,Total,ECO_ISIC4_F,F. Construction,2022,,1550.688,,,,NB,Number,PS,Persons,3,Thousands,LFS - EU Labour Force Survey,,Repository: ILO-STATISTICS - Micro data processing,,,,,,1,1,,,,
DATAFLOW,ILO:DF_EMP_TEMP_SEX_ECO_NB(1.0),Employment by sex and economic activity,I,ITA,Italy,A,Annual,EMP_TEMP_NB,Employment (previous ILO definition - ICLS13),SEX_T,Total,ECO_ISIC4_M,"M. Professional, scientific and technical activities",2022,,1513.124,,,,NB,Number,PS,Persons,3,Thousands,LFS - EU Labour Force Survey,,Repository: ILO-STATISTICS - Micro data processing,,,,,,1,1,,,,
DATAFLOW,ILO:DF_EMP_TEMP_SEX_ECO_NB(1.0),Employment by sex and economic activity,I,ITA,Italy,A,Annual,EMP_TEMP_NB,Employment (previous ILO definition - ICLS13),SEX_T,Total,ECO_ISIC4_F,F. Construction,2023,,1530.93,,,,NB,Number,PS,Persons,3,Thousands,LFS - EU Labour Force Survey,,Repository: ILO-STATISTICS - Micro data processing,,,,,,1,1,,,,
DATAFLOW,ILO:DF_EMP_TEMP_SEX_ECO_NB(1.0),Employment by sex and economic activity,I,ITA,Italy,A,Annual,EMP_TEMP_NB,Employment (previous ILO definition - ICLS13),SEX_T,Total,ECO_ISIC4_M,"M. Professional, scientific and technical activities",2023,,1595.698,,,,NB,Number,PS,Persons,3,Thousands,LFS - EU Labour Force Survey,,Repository: ILO-STATISTICS - Micro data processing,,,,,,1,1,,,,
DATAFLOW,ILO:DF_EMP_TEMP_SEX_ECO_NB(1.0),Employment by sex and economic activity,I,ITA,Italy,A,Annual,EMP_TEMP_NB,Employment (previous ILO definition - ICLS13),SEX_T,Total,ECO_ISIC4_F,F. Construction,2024,,1607.385,,,,NB,Number,PS,Persons,3,Thousands,LFS - EU Labour Force Survey,,Repository: ILO-STATISTICS - Micro data processing,,,,,,1,1,,,,
DATAFLOW,ILO:DF_EMP_TEMP_SEX_ECO_NB(1.0),Employment by sex and economic activity,I,ITA,Italy,A,Annual,EMP_TEMP_NB,Employment (previous ILO definition - ICLS13),SEX_T,Total,ECO_ISIC4_M,"M. Professional, scientific and technical activities",2024,,1591.374,,,,NB,Number,PS,Persons,3,Thousands,LFS - EU Labour Force Survey,,Repository: ILO-STATISTICS - Micro data processing,,,,,,1,1,,,,
DATAFLOW,ILO:DF_EMP_TEMP_SEX_ECO_NB(1.0),Employment by sex and economic activity,I,ITA,Italy,A,Annual,EMP_TEMP_NB,Employment (previous ILO definition - ICLS13),SEX_T,Total,ECO_ISIC4_F,F. Construction,2025,,1682.204,,,,NB,Number,PS,Persons,3,Thousands,LFS - EU Labour Force Survey,,Repository: Eurostat special tabulation,,,,,,1,1,,,,
DATAFLOW,ILO:DF_EMP_TEMP_SEX_ECO_NB(1.0),Employment by sex and economic activity,I,ITA,Italy,A,Annual,EMP_TEMP_NB,Employment (previous ILO definition - ICLS13),SEX_T,Total,ECO_ISIC4_M,"M. Professional, scientific and technical activities",2025,,1632.691,,,,NB,Number,PS,Persons,3,Thousands,LFS - EU Labour Force Survey,,Repository: Eurostat special tabulation,,,,,,1,1,,,,
DATAFLOW,ILO:DF_EMP_TEMP_SEX_ECO_NB(1.0),Employment by sex and economic activity,I,JPN,Japan,A,Annual,EMP_TEMP_NB,Employment (previous ILO definition - ICLS13),SEX_T,Total,ECO_ISIC4_F,F. Construction,2018,,4977.586,,,,NB,Number,PS,Persons,3,Thousands,LFS - Labour Force Survey,,Repository: ILO-STATISTICS - Micro data processing,,,,,,1,1,,,,
DATAFLOW,ILO:DF_EMP_TEMP_SEX_ECO_NB(1.0),Employment by sex and economic activity,I,JPN,Japan,A,Annual,EMP_TEMP_NB,Employment (previous ILO definition - ICLS13),SEX_T,Total,ECO_ISIC4_M,"M. Professional, scientific and technical activities",2018,,1376.931,,,,NB,Number,PS,Persons,3,Thousands,LFS - Labour Force Survey,,Repository: ILO-STATISTICS - Micro data processing,,,,,,1,1,,,,
DATAFLOW,ILO:DF_EMP_TEMP_SEX_ECO_NB(1.0),Employment by sex and economic activity,I,JPN,Japan,A,Annual,EMP_TEMP_NB,Employment (previous ILO definition - ICLS13),SEX_T,Total,ECO_ISIC4_F,F. Construction,2019,,4960.678,,,,NB,Number,PS,Persons,3,Thousands,LFS - Labour Force Survey,,Repository: ILO-STATISTICS - Micro data processing,,,,,,1,1,,,,
DATAFLOW,ILO:DF_EMP_TEMP_SEX_ECO_NB(1.0),Employment by sex and economic activity,I,JPN,Japan,A,Annual,EMP_TEMP_NB,Employment (previous ILO definition - ICLS13),SEX_T,Total,ECO_ISIC4_M,"M. Professional, scientific and technical activities",2019,,1402.161,,,,NB,Number,PS,Persons,3,Thousands,LFS - Labour Force Survey,,Repository: ILO-STATISTICS - Micro data processing,,,,,,1,1,,,,
DATAFLOW,ILO:DF_EMP_TEMP_SEX_ECO_NB(1.0),Employment by sex and economic activity,I,JPN,Japan,A,Annual,EMP_TEMP_NB,Employment (previous ILO definition - ICLS13),SEX_T,Total,ECO_ISIC4_F,F. Construction,2020,,4882.559,,,,NB,Number,PS,Persons,3,Thousands,LFS - Labour Force Survey,,Repository: ILO-STATISTICS - Micro data processing,,,,,,1,1,,,,
DATAFLOW,ILO:DF_EMP_TEMP_SEX_ECO_NB(1.0),Employment by sex and economic activity,I,JPN,Japan,A,Annual,EMP_TEMP_NB,Employment (previous ILO definition - ICLS13),SEX_T,Total,ECO_ISIC4_M,"M. Professional, scientific and technical activities",2020,,1395.453,,,,NB,Number,PS,Persons,3,Thousands,LFS - Labour Force Survey,,Repository: ILO-STATISTICS - Micro data processing,,,,,,1,1,,,,
DATAFLOW,ILO:DF_EMP_TEMP_SEX_ECO_NB(1.0),Employment by sex and economic activity,I,JPN,Japan,A,Annual,EMP_TEMP_NB,Employment (previous ILO definition - ICLS13),SEX_T,Total,ECO_ISIC4_F,F. Construction,2021,,4773.383,,,,NB,Number,PS,Persons,3,Thousands,LFS - Labour Force Survey,,Repository: ILO-STATISTICS - Micro data processing,,,,,,1,1,,,,
DATAFLOW,ILO:DF_EMP_TEMP_SEX_ECO_NB(1.0),Employment by sex and economic activity,I,JPN,Japan,A,Annual,EMP_TEMP_NB,Employment (previous ILO definition - ICLS13),SEX_T,Total,ECO_ISIC4_M,"M. Professional, scientific and technical activities",2021,,1486.464,,,,NB,Number,PS,Persons,3,Thousands,LFS - Labour Force Survey,,Repository: ILO-STATISTICS - Micro data processing,,,,,,1,1,,,,
DATAFLOW,ILO:DF_EMP_TEMP_SEX_ECO_NB(1.0),Employment by sex and economic activity,I,JPN,Japan,A,Annual,EMP_TEMP_NB,Employment (previous ILO definition - ICLS13),SEX_T,Total,ECO_ISIC4_F,F. Construction,2022,,4759.297,,,,NB,Number,PS,Persons,3,Thousands,LFS - Labour Force Survey,,Repository: ILO-STATISTICS - Micro data processing,,,,,,1,1,,,,
DATAFLOW,ILO:DF_EMP_TEMP_SEX_ECO_NB(1.0),Employment by sex and economic activity,I,JPN,Japan,A,Annual,EMP_TEMP_NB,Employment (previous ILO definition - ICLS13),SEX_T,Total,ECO_ISIC4_M,"M. Professional, scientific and technical activities",2022,,1506.421,,,,NB,Number,PS,Persons,3,Thousands,LFS - Labour Force Survey,,Repository: ILO-STATISTICS - Micro data processing,,,,,,1,1,,,,
DATAFLOW,ILO:DF_EMP_TEMP_SEX_ECO_NB(1.0),Employment by sex and economic activity,I,JPN,Japan,A,Annual,EMP_TEMP_NB,Employment (previous ILO definition - ICLS13),SEX_T,Total,ECO_ISIC4_F,F. Construction,2023,,4795.556,,,,NB,Number,PS,Persons,3,Thousands,LFS - Labour Force Survey,,Repository: ILO-STATISTICS - Micro data processing,,,,,,1,1,,,,
DATAFLOW,ILO:DF_EMP_TEMP_SEX_ECO_NB(1.0),Employment by sex and economic activity,I,JPN,Japan,A,Annual,EMP_TEMP_NB,Employment (previous ILO definition - ICLS13),SEX_T,Total,ECO_ISIC4_M,"M. Professional, scientific and technical activities",2023,,1537.6,,,,NB,Number,PS,Persons,3,Thousands,LFS - Labour Force Survey,,Repository: ILO-STATISTICS - Micro data processing,,,,,,1,1,,,,
DATAFLOW,ILO:DF_EMP_TEMP_SEX_ECO_NB(1.0),Employment by sex and economic activity,I,NLD,Netherlands,A,Annual,EMP_TEMP_NB,Employment (previous ILO definition - ICLS13),SEX_T,Total,ECO_ISIC4_F,F. Construction,2018,,400.409,,,,NB,Number,PS,Persons,3,Thousands,LFS - EU Labour Force Survey,,Repository: ILO-STATISTICS - Micro data processing,,,,,,1,1,,,,
DATAFLOW,ILO:DF_EMP_TEMP_SEX_ECO_NB(1.0),Employment by sex and economic activity,I,NLD,Netherlands,A,Annual,EMP_TEMP_NB,Employment (previous ILO definition - ICLS13),SEX_T,Total,ECO_ISIC4_M,"M. Professional, scientific and technical activities",2018,,662.564,,,,NB,Number,PS,Persons,3,Thousands,LFS - EU Labour Force Survey,,Repository: ILO-STATISTICS - Micro data processing,,,,,,1,1,,,,
DATAFLOW,ILO:DF_EMP_TEMP_SEX_ECO_NB(1.0),Employment by sex and economic activity,I,NLD,Netherlands,A,Annual,EMP_TEMP_NB,Employment (previous ILO definition - ICLS13),SEX_T,Total,ECO_ISIC4_F,F. Construction,2019,,403.906,,,,NB,Number,PS,Persons,3,Thousands,LFS - EU Labour Force Survey,,Repository: ILO-STATISTICS - Micro data processing,,,,,,1,1,,,,
DATAFLOW,ILO:DF_EMP_TEMP_SEX_ECO_NB(1.0),Employment by sex and economic activity,I,NLD,Netherlands,A,Annual,EMP_TEMP_NB,Employment (previous ILO definition - ICLS13),SEX_T,Total,ECO_ISIC4_M,"M. Professional, scientific and technical activities",2019,,638.804,,,,NB,Number,PS,Persons,3,Thousands,LFS - EU Labour Force Survey,,Repository: ILO-STATISTICS - Micro data processing,,,,,,1,1,,,,
DATAFLOW,ILO:DF_EMP_TEMP_SEX_ECO_NB(1.0),Employment by sex and economic activity,I,NLD,Netherlands,A,Annual,EMP_TEMP_NB,Employment (previous ILO definition - ICLS13),SEX_T,Total,ECO_ISIC4_F,F. Construction,2020,,390.972,,,,NB,Number,PS,Persons,3,Thousands,LFS - EU Labour Force Survey,,Repository: ILO-STATISTICS - Micro data processing,,,,,,1,1,,,,
DATAFLOW,ILO:DF_EMP_TEMP_SEX_ECO_NB(1.0),Employment by sex and economic activity,I,NLD,Netherlands,A,Annual,EMP_TEMP_NB,Employment (previous ILO definition - ICLS13),SEX_T,Total,ECO_ISIC4_M,"M. Professional, scientific and technical activities",2020,,685.312,,,,NB,Number,PS,Persons,3,Thousands,LFS - EU Labour Force Survey,,Repository: ILO-STATISTICS - Micro data processing,,,,,,1,1,,,,
DATAFLOW,ILO:DF_EMP_TEMP_SEX_ECO_NB(1.0),Employment by sex and economic activity,I,NLD,Netherlands,A,Annual,EMP_TEMP_NB,Employment (previous ILO definition - ICLS13),SEX_T,Total,ECO_ISIC4_F,F. Construction,2021,,408.598,,,,NB,Number,PS,Persons,3,Thousands,LFS - EU Labour Force Survey,,Repository: ILO-STATISTICS - Micro data processing,,,,,,1,1,,,,
DATAFLOW,ILO:DF_EMP_TEMP_SEX_ECO_NB(1.0),Employment by sex and economic activity,I,NLD,Netherlands,A,Annual,EMP_TEMP_NB,Employment (previous ILO definition - ICLS13),SEX_T,Total,ECO_ISIC4_M,"M. Professional, scientific and technical activities",2021,,810.755,,,,NB,Number,PS,Persons,3,Thousands,LFS - EU Labour Force Survey,,Repository: ILO-STATISTICS - Micro data processing,,,,,,1,1,,,,
DATAFLOW,ILO:DF_EMP_TEMP_SEX_ECO_NB(1.0),Employment by sex and economic activity,I,NLD,Netherlands,A,Annual,EMP_TEMP_NB,Employment (previous ILO definition - ICLS13),SEX_T,Total,ECO_ISIC4_F,F. Construction,2022,,439.185,,,,NB,Number,PS,Persons,3,Thousands,LFS - EU Labour Force Survey,,Repository: ILO-STATISTICS - Micro data processing,,,,,,1,1,,,,
DATAFLOW,ILO:DF_EMP_TEMP_SEX_ECO_NB(1.0),Employment by sex and economic activity,I,NLD,Netherlands,A,Annual,EMP_TEMP_NB,Employment (previous ILO definition - ICLS13),SEX_T,Total,ECO_ISIC4_M,"M. Professional, scientific and technical activities",2022,,826.985,,,,NB,Number,PS,Persons,3,Thousands,LFS - EU Labour Force Survey,,Repository: ILO-STATISTICS - Micro data processing,,,,,,1,1,,,,
DATAFLOW,ILO:DF_EMP_TEMP_SEX_ECO_NB(1.0),Employment by sex and economic activity,I,NLD,Netherlands,A,Annual,EMP_TEMP_NB,Employment (previous ILO definition - ICLS13),SEX_T,Total,ECO_ISIC4_F,F. Construction,2023,,471.462,,,,NB,Number,PS,Persons,3,Thousands,LFS - EU Labour Force Survey,,Repository: ILO-STATISTICS - Micro data processing,,,,,,1,1,,,,
DATAFLOW,ILO:DF_EMP_TEMP_SEX_ECO_NB(1.0),Employment by sex and economic activity,I,NLD,Netherlands,A,Annual,EMP_TEMP_NB,Employment (previous ILO definition - ICLS13),SEX_T,Total,ECO_ISIC4_M,"M. Professional, scientific and technical activities",2023,,824.922,,,,NB,Number,PS,Persons,3,Thousands,LFS - EU Labour Force Survey,,Repository: ILO-STATISTICS - Micro data processing,,,,,,1,1,,,,
DATAFLOW,ILO:DF_EMP_TEMP_SEX_ECO_NB(1.0),Employment by sex and economic activity,I,NLD,Netherlands,A,Annual,EMP_TEMP_NB,Employment (previous ILO definition - ICLS13),SEX_T,Total,ECO_ISIC4_F,F. Construction,2024,,471.939,,,,NB,Number,PS,Persons,3,Thousands,LFS - EU Labour Force Survey,,Repository: ILO-STATISTICS - Micro data processing,,,,,,1,1,,,,
DATAFLOW,ILO:DF_EMP_TEMP_SEX_ECO_NB(1.0),Employment by sex and economic activity,I,NLD,Netherlands,A,Annual,EMP_TEMP_NB,Employment (previous ILO definition - ICLS13),SEX_T,Total,ECO_ISIC4_M,"M. Professional, scientific and technical activities",2024,,880.221,,,,NB,Number,PS,Persons,3,Thousands,LFS - EU Labour Force Survey,,Repository: ILO-STATISTICS - Micro data processing,,,,,,1,1,,,,
DATAFLOW,ILO:DF_EMP_TEMP_SEX_ECO_NB(1.0),Employment by sex and economic activity,I,NLD,Netherlands,A,Annual,EMP_TEMP_NB,Employment (previous ILO definition - ICLS13),SEX_T,Total,ECO_ISIC4_F,F. Construction,2025,,452.421,,,,NB,Number,PS,Persons,3,Thousands,LFS - EU Labour Force Survey,,Repository: Eurostat special tabulation,,,,,,1,1,,,,
DATAFLOW,ILO:DF_EMP_TEMP_SEX_ECO_NB(1.0),Employment by sex and economic activity,I,NLD,Netherlands,A,Annual,EMP_TEMP_NB,Employment (previous ILO definition - ICLS13),SEX_T,Total,ECO_ISIC4_M,"M. Professional, scientific and technical activities",2025,,893.434,,,,NB,Number,PS,Persons,3,Thousands,LFS - EU Labour Force Survey,,Repository: Eurostat special tabulation,,,,,,1,1,,,,
DATAFLOW,ILO:DF_EMP_TEMP_SEX_ECO_NB(1.0),Employment by sex and economic activity,I,PHL,Philippines,A,Annual,EMP_TEMP_NB,Employment (previous ILO definition - ICLS13),SEX_T,Total,ECO_ISIC4_F,F. Construction,2018,,3865.472,,,,NB,Number,PS,Persons,3,Thousands,LFS - Labour Force Survey,,Repository: ILO-STATISTICS - Micro data processing,,,,,,1,1,,,,
DATAFLOW,ILO:DF_EMP_TEMP_SEX_ECO_NB(1.0),Employment by sex and economic activity,I,PHL,Philippines,A,Annual,EMP_TEMP_NB,Employment (previous ILO definition - ICLS13),SEX_T,Total,ECO_ISIC4_M,"M. Professional, scientific and technical activities",2018,,274.629,,,,NB,Number,PS,Persons,3,Thousands,LFS - Labour Force Survey,,Repository: ILO-STATISTICS - Micro data processing,,,,,,1,1,,,,
DATAFLOW,ILO:DF_EMP_TEMP_SEX_ECO_NB(1.0),Employment by sex and economic activity,I,PHL,Philippines,A,Annual,EMP_TEMP_NB,Employment (previous ILO definition - ICLS13),SEX_T,Total,ECO_ISIC4_F,F. Construction,2019,,4152.742,,,,NB,Number,PS,Persons,3,Thousands,LFS - Labour Force Survey,,Repository: ILO-STATISTICS - Micro data processing,,,,,,1,1,,,,
DATAFLOW,ILO:DF_EMP_TEMP_SEX_ECO_NB(1.0),Employment by sex and economic activity,I,PHL,Philippines,A,Annual,EMP_TEMP_NB,Employment (previous ILO definition - ICLS13),SEX_T,Total,ECO_ISIC4_M,"M. Professional, scientific and technical activities",2019,,303.916,,,,NB,Number,PS,Persons,3,Thousands,LFS - Labour Force Survey,,Repository: ILO-STATISTICS - Micro data processing,,,,,,1,1,,,,
DATAFLOW,ILO:DF_EMP_TEMP_SEX_ECO_NB(1.0),Employment by sex and economic activity,I,PHL,Philippines,A,Annual,EMP_TEMP_NB,Employment (previous ILO definition - ICLS13),SEX_T,Total,ECO_ISIC4_F,F. Construction,2020,,3699.562,,,,NB,Number,PS,Persons,3,Thousands,LFS - Labour Force Survey,,Repository: ILO-STATISTICS - Micro data processing,,,,,,1,1,,,,
DATAFLOW,ILO:DF_EMP_TEMP_SEX_ECO_NB(1.0),Employment by sex and economic activity,I,PHL,Philippines,A,Annual,EMP_TEMP_NB,Employment (previous ILO definition - ICLS13),SEX_T,Total,ECO_ISIC4_M,"M. Professional, scientific and technical activities",2020,,260.321,,,,NB,Number,PS,Persons,3,Thousands,LFS - Labour Force Survey,,Repository: ILO-STATISTICS - Micro data processing,,,,,,1,1,,,,
DATAFLOW,ILO:DF_EMP_TEMP_SEX_ECO_NB(1.0),Employment by sex and economic activity,I,PHL,Philippines,A,Annual,EMP_TEMP_NB,Employment (previous ILO definition - ICLS13),SEX_T,Total,ECO_ISIC4_F,F. Construction,2021,,4159.709,,B,Break in series,NB,Number,PS,Persons,3,Thousands,LFS - Labour Force Survey,,Repository: ILO-STATISTICS - Micro data processing,,Break in series: Methodology revised,,,,1,1,,,,
DATAFLOW,ILO:DF_EMP_TEMP_SEX_ECO_NB(1.0),Employment by sex and economic activity,I,PHL,Philippines,A,Annual,EMP_TEMP_NB,Employment (previous ILO definition - ICLS13),SEX_T,Total,ECO_ISIC4_M,"M. Professional, scientific and technical activities",2021,,310.267,,B,Break in series,NB,Number,PS,Persons,3,Thousands,LFS - Labour Force Survey,,Repository: ILO-STATISTICS - Micro data processing,,Break in series: Methodology revised,,,,1,1,,,,
DATAFLOW,ILO:DF_EMP_TEMP_SEX_ECO_NB(1.0),Employment by sex and economic activity,I,PHL,Philippines,A,Annual,EMP_TEMP_NB,Employment (previous ILO definition - ICLS13),SEX_T,Total,ECO_ISIC4_F,F. Construction,2022,,4459.584,,,,NB,Number,PS,Persons,3,Thousands,LFS - Labour Force Survey,,Repository: ILO-STATISTICS - Micro data processing,,,,,,1,1,,,,
DATAFLOW,ILO:DF_EMP_TEMP_SEX_ECO_NB(1.0),Employment by sex and economic activity,I,PHL,Philippines,A,Annual,EMP_TEMP_NB,Employment (previous ILO definition - ICLS13),SEX_T,Total,ECO_ISIC4_M,"M. Professional, scientific and technical activities",2022,,346.562,,,,NB,Number,PS,Persons,3,Thousands,LFS - Labour Force Survey,,Repository: ILO-STATISTICS - Micro data processing,,,,,,1,1,,,,
DATAFLOW,ILO:DF_EMP_TEMP_SEX_ECO_NB(1.0),Employment by sex and economic activity,I,PHL,Philippines,A,Annual,EMP_TEMP_NB,Employment (previous ILO definition - ICLS13),SEX_T,Total,ECO_ISIC4_F,F. Construction,2023,,4370.272,,,,NB,Number,PS,Persons,3,Thousands,LFS - Labour Force Survey,,Repository: ILO-STATISTICS - Micro data processing,,,,,,1,1,,,,
DATAFLOW,ILO:DF_EMP_TEMP_SEX_ECO_NB(1.0),Employment by sex and economic activity,I,PHL,Philippines,A,Annual,EMP_TEMP_NB,Employment (previous ILO definition - ICLS13),SEX_T,Total,ECO_ISIC4_M,"M. Professional, scientific and technical activities",2023,,409.344,,,,NB,Number,PS,Persons,3,Thousands,LFS - Labour Force Survey,,Repository: ILO-STATISTICS - Micro data processing,,,,,,1,1,,,,
DATAFLOW,ILO:DF_EMP_TEMP_SEX_ECO_NB(1.0),Employment by sex and economic activity,I,PHL,Philippines,A,Annual,EMP_TEMP_NB,Employment (previous ILO definition - ICLS13),SEX_T,Total,ECO_ISIC4_F,F. Construction,2024,,4683.323,,,,NB,Number,PS,Persons,3,Thousands,LFS - Labour Force Survey,,Repository: ILO-STATISTICS - Micro data processing,,,,,,1,1,,,,
DATAFLOW,ILO:DF_EMP_TEMP_SEX_ECO_NB(1.0),Employment by sex and economic activity,I,PHL,Philippines,A,Annual,EMP_TEMP_NB,Employment (previous ILO definition - ICLS13),SEX_T,Total,ECO_ISIC4_M,"M. Professional, scientific and technical activities",2024,,425.321,,,,NB,Number,PS,Persons,3,Thousands,LFS - Labour Force Survey,,Repository: ILO-STATISTICS - Micro data processing,,,,,,1,1,,,,
DATAFLOW,ILO:DF_EMP_TEMP_SEX_ECO_NB(1.0),Employment by sex and economic activity,I,POL,Poland,A,Annual,EMP_TEMP_NB,Employment (previous ILO definition - ICLS13),SEX_T,Total,ECO_ISIC4_F,F. Construction,2018,,1243.854,,,,NB,Number,PS,Persons,3,Thousands,LFS - SWITCH TO EULFS,,Repository: ILO-STATISTICS - Micro data processing,,,,,,1,1,,,,
DATAFLOW,ILO:DF_EMP_TEMP_SEX_ECO_NB(1.0),Employment by sex and economic activity,I,POL,Poland,A,Annual,EMP_TEMP_NB,Employment (previous ILO definition - ICLS13),SEX_T,Total,ECO_ISIC4_M,"M. Professional, scientific and technical activities",2018,,600.035,,,,NB,Number,PS,Persons,3,Thousands,LFS - SWITCH TO EULFS,,Repository: ILO-STATISTICS - Micro data processing,,,,,,1,1,,,,
DATAFLOW,ILO:DF_EMP_TEMP_SEX_ECO_NB(1.0),Employment by sex and economic activity,I,POL,Poland,A,Annual,EMP_TEMP_NB,Employment (previous ILO definition - ICLS13),SEX_T,Total,ECO_ISIC4_F,F. Construction,2019,,1305.541,,,,NB,Number,PS,Persons,3,Thousands,LFS - SWITCH TO EULFS,,Repository: ILO-STATISTICS - Micro data processing,,,,,,1,1,,,,
DATAFLOW,ILO:DF_EMP_TEMP_SEX_ECO_NB(1.0),Employment by sex and economic activity,I,POL,Poland,A,Annual,EMP_TEMP_NB,Employment (previous ILO definition - ICLS13),SEX_T,Total,ECO_ISIC4_M,"M. Professional, scientific and technical activities",2019,,625.943,,,,NB,Number,PS,Persons,3,Thousands,LFS - SWITCH TO EULFS,,Repository: ILO-STATISTICS - Micro data processing,,,,,,1,1,,,,
DATAFLOW,ILO:DF_EMP_TEMP_SEX_ECO_NB(1.0),Employment by sex and economic activity,I,POL,Poland,A,Annual,EMP_TEMP_NB,Employment (previous ILO definition - ICLS13),SEX_T,Total,ECO_ISIC4_F,F. Construction,2020,,1310.836,,,,NB,Number,PS,Persons,3,Thousands,LFS - SWITCH TO EULFS,,Repository: ILO-STATISTICS - Micro data processing,,,,,,1,1,,,,
DATAFLOW,ILO:DF_EMP_TEMP_SEX_ECO_NB(1.0),Employment by sex and economic activity,I,POL,Poland,A,Annual,EMP_TEMP_NB,Employment (previous ILO definition - ICLS13),SEX_T,Total,ECO_ISIC4_M,"M. Professional, scientific and technical activities",2020,,645.348,,,,NB,Number,PS,Persons,3,Thousands,LFS - SWITCH TO EULFS,,Repository: ILO-STATISTICS - Micro data processing,,,,,,1,1,,,,
DATAFLOW,ILO:DF_EMP_TEMP_SEX_ECO_NB(1.0),Employment by sex and economic activity,I,POL,Poland,A,Annual,EMP_TEMP_NB,Employment (previous ILO definition - ICLS13),SEX_T,Total,ECO_ISIC4_F,F. Construction,2021,,1332.582,,,,NB,Number,PS,Persons,3,Thousands,LFS - SWITCH TO EULFS,,Repository: ILO-STATISTICS - Micro data processing,,,,,,1,1,,,,
DATAFLOW,ILO:DF_EMP_TEMP_SEX_ECO_NB(1.0),Employment by sex and economic activity,I,POL,Poland,A,Annual,EMP_TEMP_NB,Employment (previous ILO definition - ICLS13),SEX_T,Total,ECO_ISIC4_M,"M. Professional, scientific and technical activities",2021,,691.334,,,,NB,Number,PS,Persons,3,Thousands,LFS - SWITCH TO EULFS,,Repository: ILO-STATISTICS - Micro data processing,,,,,,1,1,,,,
DATAFLOW,ILO:DF_EMP_TEMP_SEX_ECO_NB(1.0),Employment by sex and economic activity,I,POL,Poland,A,Annual,EMP_TEMP_NB,Employment (previous ILO definition - ICLS13),SEX_T,Total,ECO_ISIC4_F,F. Construction,2022,,1315.449,,,,NB,Number,PS,Persons,3,Thousands,LFS - SWITCH TO EULFS,,Repository: ILO-STATISTICS - Micro data processing,,,,,,1,1,,,,
DATAFLOW,ILO:DF_EMP_TEMP_SEX_ECO_NB(1.0),Employment by sex and economic activity,I,POL,Poland,A,Annual,EMP_TEMP_NB,Employment (previous ILO definition - ICLS13),SEX_T,Total,ECO_ISIC4_M,"M. Professional, scientific and technical activities",2022,,701.89,,,,NB,Number,PS,Persons,3,Thousands,LFS - SWITCH TO EULFS,,Repository: ILO-STATISTICS - Micro data processing,,,,,,1,1,,,,
DATAFLOW,ILO:DF_EMP_TEMP_SEX_ECO_NB(1.0),Employment by sex and economic activity,I,POL,Poland,A,Annual,EMP_TEMP_NB,Employment (previous ILO definition - ICLS13),SEX_T,Total,ECO_ISIC4_F,F. Construction,2023,,1290.686,,,,NB,Number,PS,Persons,3,Thousands,LFS - SWITCH TO EULFS,,Repository: ILO-STATISTICS - Micro data processing,,,,,,1,1,,,,
DATAFLOW,ILO:DF_EMP_TEMP_SEX_ECO_NB(1.0),Employment by sex and economic activity,I,POL,Poland,A,Annual,EMP_TEMP_NB,Employment (previous ILO definition - ICLS13),SEX_T,Total,ECO_ISIC4_M,"M. Professional, scientific and technical activities",2023,,757.238,,,,NB,Number,PS,Persons,3,Thousands,LFS - SWITCH TO EULFS,,Repository: ILO-STATISTICS - Micro data processing,,,,,,1,1,,,,
DATAFLOW,ILO:DF_EMP_TEMP_SEX_ECO_NB(1.0),Employment by sex and economic activity,I,POL,Poland,A,Annual,EMP_TEMP_NB,Employment (previous ILO definition - ICLS13),SEX_T,Total,ECO_ISIC4_F,F. Construction,2024,,1308.991,,,,NB,Number,PS,Persons,3,Thousands,LFS - SWITCH TO EULFS,,Repository: ILO-STATISTICS - Micro data processing,,,,,,1,1,,,,
DATAFLOW,ILO:DF_EMP_TEMP_SEX_ECO_NB(1.0),Employment by sex and economic activity,I,POL,Poland,A,Annual,EMP_TEMP_NB,Employment (previous ILO definition - ICLS13),SEX_T,Total,ECO_ISIC4_M,"M. Professional, scientific and technical activities",2024,,816.439,,,,NB,Number,PS,Persons,3,Thousands,LFS - SWITCH TO EULFS,,Repository: ILO-STATISTICS - Micro data processing,,,,,,1,1,,,,
DATAFLOW,ILO:DF_EMP_TEMP_SEX_ECO_NB(1.0),Employment by sex and economic activity,I,POL,Poland,A,Annual,EMP_TEMP_NB,Employment (previous ILO definition - ICLS13),SEX_T,Total,ECO_ISIC4_F,F. Construction,2025,,1307.05,,,,NB,Number,PS,Persons,3,Thousands,LFS - SWITCH TO EULFS,,Repository: ILO-STATISTICS - Micro data processing,,,,,,1,1,,,,
DATAFLOW,ILO:DF_EMP_TEMP_SEX_ECO_NB(1.0),Employment by sex and economic activity,I,POL,Poland,A,Annual,EMP_TEMP_NB,Employment (previous ILO definition - ICLS13),SEX_T,Total,ECO_ISIC4_M,"M. Professional, scientific and technical activities",2025,,842.946,,,,NB,Number,PS,Persons,3,Thousands,LFS - SWITCH TO EULFS,,Repository: ILO-STATISTICS - Micro data processing,,,,,,1,1,,,,
DATAFLOW,ILO:DF_EMP_TEMP_SEX_ECO_NB(1.0),Employment by sex and economic activity,I,ROU,Romania,A,Annual,EMP_TEMP_NB,Employment (previous ILO definition - ICLS13),SEX_T,Total,ECO_ISIC4_F,F. Construction,2018,,677.238,,,,NB,Number,PS,Persons,3,Thousands,LFS - Household Labour Force Survey,,Repository: ILO-STATISTICS - Micro data processing,,,,,,1,1,,,,
DATAFLOW,ILO:DF_EMP_TEMP_SEX_ECO_NB(1.0),Employment by sex and economic activity,I,ROU,Romania,A,Annual,EMP_TEMP_NB,Employment (previous ILO definition - ICLS13),SEX_T,Total,ECO_ISIC4_M,"M. Professional, scientific and technical activities",2018,,217.538,,,,NB,Number,PS,Persons,3,Thousands,LFS - Household Labour Force Survey,,Repository: ILO-STATISTICS - Micro data processing,,,,,,1,1,,,,
DATAFLOW,ILO:DF_EMP_TEMP_SEX_ECO_NB(1.0),Employment by sex and economic activity,I,ROU,Romania,A,Annual,EMP_TEMP_NB,Employment (previous ILO definition - ICLS13),SEX_T,Total,ECO_ISIC4_F,F. Construction,2019,,714.509,,,,NB,Number,PS,Persons,3,Thousands,LFS - Household Labour Force Survey,,Repository: ILO-STATISTICS - Micro data processing,,,,,,1,1,,,,
DATAFLOW,ILO:DF_EMP_TEMP_SEX_ECO_NB(1.0),Employment by sex and economic activity,I,ROU,Romania,A,Annual,EMP_TEMP_NB,Employment (previous ILO definition - ICLS13),SEX_T,Total,ECO_ISIC4_M,"M. Professional, scientific and technical activities",2019,,215.092,,,,NB,Number,PS,Persons,3,Thousands,LFS - Household Labour Force Survey,,Repository: ILO-STATISTICS - Micro data processing,,,,,,1,1,,,,
DATAFLOW,ILO:DF_EMP_TEMP_SEX_ECO_NB(1.0),Employment by sex and economic activity,I,ROU,Romania,A,Annual,EMP_TEMP_NB,Employment (previous ILO definition - ICLS13),SEX_T,Total,ECO_ISIC4_F,F. Construction,2020,,736.63,,,,NB,Number,PS,Persons,3,Thousands,LFS - Household Labour Force Survey,,Repository: ILO-STATISTICS - Micro data processing,,,,,,1,1,,,,
DATAFLOW,ILO:DF_EMP_TEMP_SEX_ECO_NB(1.0),Employment by sex and economic activity,I,ROU,Romania,A,Annual,EMP_TEMP_NB,Employment (previous ILO definition - ICLS13),SEX_T,Total,ECO_ISIC4_M,"M. Professional, scientific and technical activities",2020,,212.96,,,,NB,Number,PS,Persons,3,Thousands,LFS - Household Labour Force Survey,,Repository: ILO-STATISTICS - Micro data processing,,,,,,1,1,,,,
DATAFLOW,ILO:DF_EMP_TEMP_SEX_ECO_NB(1.0),Employment by sex and economic activity,I,ROU,Romania,A,Annual,EMP_TEMP_NB,Employment (previous ILO definition - ICLS13),SEX_T,Total,ECO_ISIC4_F,F. Construction,2021,,763.818,,,,NB,Number,PS,Persons,3,Thousands,LFS - Household Labour Force Survey,,Repository: ILO-STATISTICS - Micro data processing,,,,,,1,1,,,,
DATAFLOW,ILO:DF_EMP_TEMP_SEX_ECO_NB(1.0),Employment by sex and economic activity,I,ROU,Romania,A,Annual,EMP_TEMP_NB,Employment (previous ILO definition - ICLS13),SEX_T,Total,ECO_ISIC4_M,"M. Professional, scientific and technical activities",2021,,216.791,,,,NB,Number,PS,Persons,3,Thousands,LFS - Household Labour Force Survey,,Repository: ILO-STATISTICS - Micro data processing,,,,,,1,1,,,,
DATAFLOW,ILO:DF_EMP_TEMP_SEX_ECO_NB(1.0),Employment by sex and economic activity,I,ROU,Romania,A,Annual,EMP_TEMP_NB,Employment (previous ILO definition - ICLS13),SEX_T,Total,ECO_ISIC4_F,F. Construction,2022,,765.178,,,,NB,Number,PS,Persons,3,Thousands,LFS - Household Labour Force Survey,,Repository: ILO-STATISTICS - Micro data processing,,,,,,1,1,,,,
DATAFLOW,ILO:DF_EMP_TEMP_SEX_ECO_NB(1.0),Employment by sex and economic activity,I,ROU,Romania,A,Annual,EMP_TEMP_NB,Employment (previous ILO definition - ICLS13),SEX_T,Total,ECO_ISIC4_M,"M. Professional, scientific and technical activities",2022,,220.824,,,,NB,Number,PS,Persons,3,Thousands,LFS - Household Labour Force Survey,,Repository: ILO-STATISTICS - Micro data processing,,,,,,1,1,,,,
DATAFLOW,ILO:DF_EMP_TEMP_SEX_ECO_NB(1.0),Employment by sex and economic activity,I,ROU,Romania,A,Annual,EMP_TEMP_NB,Employment (previous ILO definition - ICLS13),SEX_T,Total,ECO_ISIC4_F,F. Construction,2023,,803.358,,,,NB,Number,PS,Persons,3,Thousands,LFS - Household Labour Force Survey,,Repository: ILO-STATISTICS - Micro data processing,,,,,,1,1,,,,
DATAFLOW,ILO:DF_EMP_TEMP_SEX_ECO_NB(1.0),Employment by sex and economic activity,I,ROU,Romania,A,Annual,EMP_TEMP_NB,Employment (previous ILO definition - ICLS13),SEX_T,Total,ECO_ISIC4_M,"M. Professional, scientific and technical activities",2023,,215.76,,,,NB,Number,PS,Persons,3,Thousands,LFS - Household Labour Force Survey,,Repository: ILO-STATISTICS - Micro data processing,,,,,,1,1,,,,
DATAFLOW,ILO:DF_EMP_TEMP_SEX_ECO_NB(1.0),Employment by sex and economic activity,I,ROU,Romania,A,Annual,EMP_TEMP_NB,Employment (previous ILO definition - ICLS13),SEX_T,Total,ECO_ISIC4_F,F. Construction,2024,,839.914,,,,NB,Number,PS,Persons,3,Thousands,LFS - Household Labour Force Survey,,Repository: ILO-STATISTICS - Micro data processing,,,,,,1,1,,,,
DATAFLOW,ILO:DF_EMP_TEMP_SEX_ECO_NB(1.0),Employment by sex and economic activity,I,ROU,Romania,A,Annual,EMP_TEMP_NB,Employment (previous ILO definition - ICLS13),SEX_T,Total,ECO_ISIC4_M,"M. Professional, scientific and technical activities",2024,,243.139,,,,NB,Number,PS,Persons,3,Thousands,LFS - Household Labour Force Survey,,Repository: ILO-STATISTICS - Micro data processing,,,,,,1,1,,,,
DATAFLOW,ILO:DF_EMP_TEMP_SEX_ECO_NB(1.0),Employment by sex and economic activity,I,ROU,Romania,A,Annual,EMP_TEMP_NB,Employment (previous ILO definition - ICLS13),SEX_T,Total,ECO_ISIC4_F,F. Construction,2025,,841.102,,,,NB,Number,PS,Persons,3,Thousands,LFS - Household Labour Force Survey,,Repository: Eurostat special tabulation,,,,,,1,1,,,,
DATAFLOW,ILO:DF_EMP_TEMP_SEX_ECO_NB(1.0),Employment by sex and economic activity,I,ROU,Romania,A,Annual,EMP_TEMP_NB,Employment (previous ILO definition - ICLS13),SEX_T,Total,ECO_ISIC4_M,"M. Professional, scientific and technical activities",2025,,229.18,,,,NB,Number,PS,Persons,3,Thousands,LFS - Household Labour Force Survey,,Repository: Eurostat special tabulation,,,,,,1,1,,,,
DATAFLOW,ILO:DF_EMP_TEMP_SEX_ECO_NB(1.0),Employment by sex and economic activity,I,SGP,Singapore,A,Annual,EMP_TEMP_NB,Employment (previous ILO definition - ICLS13),SEX_T,Total,ECO_ISIC4_F,F. Construction,2018,,104.4,,,,NB,Number,PS,Persons,3,Thousands,LFS - Labour Force Survey,,"Data reference period: June | Population coverage: Nationals, residents",,,,,,1,1,,,,
DATAFLOW,ILO:DF_EMP_TEMP_SEX_ECO_NB(1.0),Employment by sex and economic activity,I,SGP,Singapore,A,Annual,EMP_TEMP_NB,Employment (previous ILO definition - ICLS13),SEX_T,Total,ECO_ISIC4_M,"M. Professional, scientific and technical activities",2018,,174.4,,,,NB,Number,PS,Persons,3,Thousands,LFS - Labour Force Survey,,"Data reference period: June | Population coverage: Nationals, residents",,,,,,1,1,,,,
DATAFLOW,ILO:DF_EMP_TEMP_SEX_ECO_NB(1.0),Employment by sex and economic activity,I,SGP,Singapore,A,Annual,EMP_TEMP_NB,Employment (previous ILO definition - ICLS13),SEX_T,Total,ECO_ISIC4_F,F. Construction,2019,,98,,,,NB,Number,PS,Persons,3,Thousands,LFS - Labour Force Survey,,"Data reference period: June | Population coverage: Nationals, residents",,,,,,1,1,,,,
DATAFLOW,ILO:DF_EMP_TEMP_SEX_ECO_NB(1.0),Employment by sex and economic activity,I,SGP,Singapore,A,Annual,EMP_TEMP_NB,Employment (previous ILO definition - ICLS13),SEX_T,Total,ECO_ISIC4_M,"M. Professional, scientific and technical activities",2019,,181.5,,,,NB,Number,PS,Persons,3,Thousands,LFS - Labour Force Survey,,"Data reference period: June | Population coverage: Nationals, residents",,,,,,1,1,,,,
DATAFLOW,ILO:DF_EMP_TEMP_SEX_ECO_NB(1.0),Employment by sex and economic activity,I,SGP,Singapore,A,Annual,EMP_TEMP_NB,Employment (previous ILO definition - ICLS13),SEX_T,Total,ECO_ISIC4_F,F. Construction,2020,,97.2,,,,NB,Number,PS,Persons,3,Thousands,LFS - Labour Force Survey,,"Data reference period: June | Population coverage: Nationals, residents",,,,,,1,1,,,,
DATAFLOW,ILO:DF_EMP_TEMP_SEX_ECO_NB(1.0),Employment by sex and economic activity,I,SGP,Singapore,A,Annual,EMP_TEMP_NB,Employment (previous ILO definition - ICLS13),SEX_T,Total,ECO_ISIC4_M,"M. Professional, scientific and technical activities",2020,,181.4,,,,NB,Number,PS,Persons,3,Thousands,LFS - Labour Force Survey,,"Data reference period: June | Population coverage: Nationals, residents",,,,,,1,1,,,,
DATAFLOW,ILO:DF_EMP_TEMP_SEX_ECO_NB(1.0),Employment by sex and economic activity,I,SGP,Singapore,A,Annual,EMP_TEMP_NB,Employment (previous ILO definition - ICLS13),SEX_T,Total,ECO_ISIC4_F,F. Construction,2021,,98.441,,,,NB,Number,PS,Persons,3,Thousands,LFS - Labour Force Survey,,Repository: ILO-STATISTICS - Micro data processing,,,,,,1,1,,,,
DATAFLOW,ILO:DF_EMP_TEMP_SEX_ECO_NB(1.0),Employment by sex and economic activity,I,SGP,Singapore,A,Annual,EMP_TEMP_NB,Employment (previous ILO definition - ICLS13),SEX_T,Total,ECO_ISIC4_M,"M. Professional, scientific and technical activities",2021,,196.536,,,,NB,Number,PS,Persons,3,Thousands,LFS - Labour Force Survey,,Repository: ILO-STATISTICS - Micro data processing,,,,,,1,1,,,,
DATAFLOW,ILO:DF_EMP_TEMP_SEX_ECO_NB(1.0),Employment by sex and economic activity,I,SGP,Singapore,A,Annual,EMP_TEMP_NB,Employment (previous ILO definition - ICLS13),SEX_T,Total,ECO_ISIC4_F,F. Construction,2022,,97.735,,,,NB,Number,PS,Persons,3,Thousands,LFS - Labour Force Survey,,Repository: ILO-STATISTICS - Micro data processing,,,,,,1,1,,,,
DATAFLOW,ILO:DF_EMP_TEMP_SEX_ECO_NB(1.0),Employment by sex and economic activity,I,SGP,Singapore,A,Annual,EMP_TEMP_NB,Employment (previous ILO definition - ICLS13),SEX_T,Total,ECO_ISIC4_M,"M. Professional, scientific and technical activities",2022,,197.626,,,,NB,Number,PS,Persons,3,Thousands,LFS - Labour Force Survey,,Repository: ILO-STATISTICS - Micro data processing,,,,,,1,1,,,,
DATAFLOW,ILO:DF_EMP_TEMP_SEX_ECO_NB(1.0),Employment by sex and economic activity,I,SGP,Singapore,A,Annual,EMP_TEMP_NB,Employment (previous ILO definition - ICLS13),SEX_T,Total,ECO_ISIC4_F,F. Construction,2023,,94.267,,,,NB,Number,PS,Persons,3,Thousands,LFS - Labour Force Survey,,Repository: ILO-STATISTICS - Micro data processing,,,,,,1,1,,,,
DATAFLOW,ILO:DF_EMP_TEMP_SEX_ECO_NB(1.0),Employment by sex and economic activity,I,SGP,Singapore,A,Annual,EMP_TEMP_NB,Employment (previous ILO definition - ICLS13),SEX_T,Total,ECO_ISIC4_M,"M. Professional, scientific and technical activities",2023,,199.782,,,,NB,Number,PS,Persons,3,Thousands,LFS - Labour Force Survey,,Repository: ILO-STATISTICS - Micro data processing,,,,,,1,1,,,,
DATAFLOW,ILO:DF_EMP_TEMP_SEX_ECO_NB(1.0),Employment by sex and economic activity,I,SGP,Singapore,A,Annual,EMP_TEMP_NB,Employment (previous ILO definition - ICLS13),SEX_T,Total,ECO_ISIC4_F,F. Construction,2024,,102.889,,,,NB,Number,PS,Persons,3,Thousands,LFS - Labour Force Survey,,Repository: ILO-STATISTICS - Micro data processing,,,,,,1,1,,,,
DATAFLOW,ILO:DF_EMP_TEMP_SEX_ECO_NB(1.0),Employment by sex and economic activity,I,SGP,Singapore,A,Annual,EMP_TEMP_NB,Employment (previous ILO definition - ICLS13),SEX_T,Total,ECO_ISIC4_M,"M. Professional, scientific and technical activities",2024,,197.074,,,,NB,Number,PS,Persons,3,Thousands,LFS - Labour Force Survey,,Repository: ILO-STATISTICS - Micro data processing,,,,,,1,1,,,,
DATAFLOW,ILO:DF_EMP_TEMP_SEX_ECO_NB(1.0),Employment by sex and economic activity,I,SGP,Singapore,A,Annual,EMP_TEMP_NB,Employment (previous ILO definition - ICLS13),SEX_T,Total,ECO_ISIC4_F,F. Construction,2025,,103.587,,,,NB,Number,PS,Persons,3,Thousands,LFS - Labour Force Survey,,Repository: ILO-STATISTICS - Micro data processing,,,,,,1,1,,,,
DATAFLOW,ILO:DF_EMP_TEMP_SEX_ECO_NB(1.0),Employment by sex and economic activity,I,SGP,Singapore,A,Annual,EMP_TEMP_NB,Employment (previous ILO definition - ICLS13),SEX_T,Total,ECO_ISIC4_M,"M. Professional, scientific and technical activities",2025,,192.582,,,,NB,Number,PS,Persons,3,Thousands,LFS - Labour Force Survey,,Repository: ILO-STATISTICS - Micro data processing,,,,,,1,1,,,,
DATAFLOW,ILO:DF_EMP_TEMP_SEX_ECO_NB(1.0),Employment by sex and economic activity,I,USA,United States of America,A,Annual,EMP_TEMP_NB,Employment (previous ILO definition - ICLS13),SEX_T,Total,ECO_ISIC4_F,F. Construction,2018,,11749.631,,,,NB,Number,PS,Persons,3,Thousands,LFS - Current Population Survey,,Repository: ILO-STATISTICS - Micro data processing | Age coverage - minimum age: 16 years old,,,,,,1,1,,,,
DATAFLOW,ILO:DF_EMP_TEMP_SEX_ECO_NB(1.0),Employment by sex and economic activity,I,USA,United States of America,A,Annual,EMP_TEMP_NB,Employment (previous ILO definition - ICLS13),SEX_T,Total,ECO_ISIC4_M,"M. Professional, scientific and technical activities",2018,,8811.185,,,,NB,Number,PS,Persons,3,Thousands,LFS - Current Population Survey,,Repository: ILO-STATISTICS - Micro data processing | Age coverage - minimum age: 16 years old,,,,,,1,1,,,,
DATAFLOW,ILO:DF_EMP_TEMP_SEX_ECO_NB(1.0),Employment by sex and economic activity,I,USA,United States of America,A,Annual,EMP_TEMP_NB,Employment (previous ILO definition - ICLS13),SEX_T,Total,ECO_ISIC4_F,F. Construction,2019,,11910.783,,,,NB,Number,PS,Persons,3,Thousands,LFS - Current Population Survey,,Repository: ILO-STATISTICS - Micro data processing | Age coverage - minimum age: 16 years old,,,,,,1,1,,,,
DATAFLOW,ILO:DF_EMP_TEMP_SEX_ECO_NB(1.0),Employment by sex and economic activity,I,USA,United States of America,A,Annual,EMP_TEMP_NB,Employment (previous ILO definition - ICLS13),SEX_T,Total,ECO_ISIC4_M,"M. Professional, scientific and technical activities",2019,,9169.882,,,,NB,Number,PS,Persons,3,Thousands,LFS - Current Population Survey,,Repository: ILO-STATISTICS - Micro data processing | Age coverage - minimum age: 16 years old,,,,,,1,1,,,,
DATAFLOW,ILO:DF_EMP_TEMP_SEX_ECO_NB(1.0),Employment by sex and economic activity,I,USA,United States of America,A,Annual,EMP_TEMP_NB,Employment (previous ILO definition - ICLS13),SEX_T,Total,ECO_ISIC4_F,F. Construction,2020,,11268.861,,B,Break in series,NB,Number,PS,Persons,3,Thousands,LFS - Current Population Survey,,Repository: ILO-STATISTICS - Micro data processing | Age coverage - minimum age: 16 years old,,Break in series: Methodology revised,,,,1,1,,,,
DATAFLOW,ILO:DF_EMP_TEMP_SEX_ECO_NB(1.0),Employment by sex and economic activity,I,USA,United States of America,A,Annual,EMP_TEMP_NB,Employment (previous ILO definition - ICLS13),SEX_T,Total,ECO_ISIC4_M,"M. Professional, scientific and technical activities",2020,,8653.29,,B,Break in series,NB,Number,PS,Persons,3,Thousands,LFS - Current Population Survey,,Repository: ILO-STATISTICS - Micro data processing | Age coverage - minimum age: 16 years old,,Break in series: Methodology revised,,,,1,1,,,,
DATAFLOW,ILO:DF_EMP_TEMP_SEX_ECO_NB(1.0),Employment by sex and economic activity,I,USA,United States of America,A,Annual,EMP_TEMP_NB,Employment (previous ILO definition - ICLS13),SEX_T,Total,ECO_ISIC4_F,F. Construction,2021,,11743.302,,,,NB,Number,PS,Persons,3,Thousands,LFS - Current Population Survey,,Repository: ILO-STATISTICS - Micro data processing | Age coverage - minimum age: 16 years old,,,,,,1,1,,,,
DATAFLOW,ILO:DF_EMP_TEMP_SEX_ECO_NB(1.0),Employment by sex and economic activity,I,USA,United States of America,A,Annual,EMP_TEMP_NB,Employment (previous ILO definition - ICLS13),SEX_T,Total,ECO_ISIC4_M,"M. Professional, scientific and technical activities",2021,,8815.436,,,,NB,Number,PS,Persons,3,Thousands,LFS - Current Population Survey,,Repository: ILO-STATISTICS - Micro data processing | Age coverage - minimum age: 16 years old,,,,,,1,1,,,,
DATAFLOW,ILO:DF_EMP_TEMP_SEX_ECO_NB(1.0),Employment by sex and economic activity,I,USA,United States of America,A,Annual,EMP_TEMP_NB,Employment (previous ILO definition - ICLS13),SEX_T,Total,ECO_ISIC4_F,F. Construction,2022,,12276.554,,,,NB,Number,PS,Persons,3,Thousands,LFS - Current Population Survey,,Repository: ILO-STATISTICS - Micro data processing | Age coverage - minimum age: 16 years old,,,,,,1,1,,,,
DATAFLOW,ILO:DF_EMP_TEMP_SEX_ECO_NB(1.0),Employment by sex and economic activity,I,USA,United States of America,A,Annual,EMP_TEMP_NB,Employment (previous ILO definition - ICLS13),SEX_T,Total,ECO_ISIC4_M,"M. Professional, scientific and technical activities",2022,,9389.598,,,,NB,Number,PS,Persons,3,Thousands,LFS - Current Population Survey,,Repository: ILO-STATISTICS - Micro data processing | Age coverage - minimum age: 16 years old,,,,,,1,1,,,,
DATAFLOW,ILO:DF_EMP_TEMP_SEX_ECO_NB(1.0),Employment by sex and economic activity,I,USA,United States of America,A,Annual,EMP_TEMP_NB,Employment (previous ILO definition - ICLS13),SEX_T,Total,ECO_ISIC4_F,F. Construction,2023,,12382.862,,,,NB,Number,PS,Persons,3,Thousands,LFS - Current Population Survey,,Repository: ILO-STATISTICS - Micro data processing | Age coverage - minimum age: 16 years old,,,,,,1,1,,,,
DATAFLOW,ILO:DF_EMP_TEMP_SEX_ECO_NB(1.0),Employment by sex and economic activity,I,USA,United States of America,A,Annual,EMP_TEMP_NB,Employment (previous ILO definition - ICLS13),SEX_T,Total,ECO_ISIC4_M,"M. Professional, scientific and technical activities",2023,,9625.049,,,,NB,Number,PS,Persons,3,Thousands,LFS - Current Population Survey,,Repository: ILO-STATISTICS - Micro data processing | Age coverage - minimum age: 16 years old,,,,,,1,1,,,,
DATAFLOW,ILO:DF_EMP_TEMP_SEX_ECO_NB(1.0),Employment by sex and economic activity,I,USA,United States of America,A,Annual,EMP_TEMP_NB,Employment (previous ILO definition - ICLS13),SEX_T,Total,ECO_ISIC4_F,F. Construction,2024,,12503.999,,,,NB,Number,PS,Persons,3,Thousands,LFS - Current Population Survey,,Repository: ILO-STATISTICS - Micro data processing | Age coverage - minimum age: 16 years old,,,,,,1,1,,,,
DATAFLOW,ILO:DF_EMP_TEMP_SEX_ECO_NB(1.0),Employment by sex and economic activity,I,USA,United States of America,A,Annual,EMP_TEMP_NB,Employment (previous ILO definition - ICLS13),SEX_T,Total,ECO_ISIC4_M,"M. Professional, scientific and technical activities",2024,,9818.853,,,,NB,Number,PS,Persons,3,Thousands,LFS - Current Population Survey,,Repository: ILO-STATISTICS - Micro data processing | Age coverage - minimum age: 16 years old,,,,,,1,1,,,,
DATAFLOW,ILO:DF_EMP_TEMP_SEX_ECO_NB(1.0),Employment by sex and economic activity,I,USA,United States of America,A,Annual,EMP_TEMP_NB,Employment (previous ILO definition - ICLS13),SEX_T,Total,ECO_ISIC4_F,F. Construction,2025,,12583.541,,B,Break in series,NB,Number,PS,Persons,3,Thousands,LFS - Current Population Survey,,Repository: Annual estimates for 2025 are 11-month averages that exclude October. Data for October 2025 were not collected due to the federal government shutdown | Repository: ILO-STATISTICS - Micro data processing | Age coverage - minimum age: 16 years old,,Break in series: Methodology revised,,,,1,1,,,,
DATAFLOW,ILO:DF_EMP_TEMP_SEX_ECO_NB(1.0),Employment by sex and economic activity,I,USA,United States of America,A,Annual,EMP_TEMP_NB,Employment (previous ILO definition - ICLS13),SEX_T,Total,ECO_ISIC4_M,"M. Professional, scientific and technical activities",2025,,10127.421,,B,Break in series,NB,Number,PS,Persons,3,Thousands,LFS - Current Population Survey,,Repository: ILO-STATISTICS - Micro data processing | Repository: Annual estimates for 2025 are 11-month averages that exclude October. Data for October 2025 were not collected due to the federal government shutdown | Age coverage - minimum age: 16 years old,,Break in series: Methodology revised,,,,1,1,,,,
DATAFLOW,ILO:DF_EMP_TEMP_SEX_ECO_NB(1.0),Employment by sex and economic activity,I,VNM,Viet Nam,A,Annual,EMP_TEMP_NB,Employment (previous ILO definition - ICLS13),SEX_T,Total,ECO_ISIC4_F,F. Construction,2018,,4273.264,,,,NB,Number,PS,Persons,3,Thousands,LFS - Labour Force Survey,,Repository: ILO-STATISTICS - Micro data processing,,,,,,1,1,,,,
DATAFLOW,ILO:DF_EMP_TEMP_SEX_ECO_NB(1.0),Employment by sex and economic activity,I,VNM,Viet Nam,A,Annual,EMP_TEMP_NB,Employment (previous ILO definition - ICLS13),SEX_T,Total,ECO_ISIC4_M,"M. Professional, scientific and technical activities",2018,,290.049,,,,NB,Number,PS,Persons,3,Thousands,LFS - Labour Force Survey,,Repository: ILO-STATISTICS - Micro data processing,,,,,,1,1,,,,
DATAFLOW,ILO:DF_EMP_TEMP_SEX_ECO_NB(1.0),Employment by sex and economic activity,I,VNM,Viet Nam,A,Annual,EMP_TEMP_NB,Employment (previous ILO definition - ICLS13),SEX_T,Total,ECO_ISIC4_F,F. Construction,2019,,4554.243,,,,NB,Number,PS,Persons,3,Thousands,LFS - Labour Force Survey,,Repository: ILO-STATISTICS - Micro data processing,,Employment definition: Excluding own-use production workers,,,,1,1,,,,
DATAFLOW,ILO:DF_EMP_TEMP_SEX_ECO_NB(1.0),Employment by sex and economic activity,I,VNM,Viet Nam,A,Annual,EMP_TEMP_NB,Employment (previous ILO definition - ICLS13),SEX_T,Total,ECO_ISIC4_M,"M. Professional, scientific and technical activities",2019,,322.856,,,,NB,Number,PS,Persons,3,Thousands,LFS - Labour Force Survey,,Repository: ILO-STATISTICS - Micro data processing,,Employment definition: Excluding own-use production workers,,,,1,1,,,,
DATAFLOW,ILO:DF_EMP_TEMP_SEX_ECO_NB(1.0),Employment by sex and economic activity,I,VNM,Viet Nam,A,Annual,EMP_TEMP_NB,Employment (previous ILO definition - ICLS13),SEX_T,Total,ECO_ISIC4_F,F. Construction,2020,,4690.796,,,,NB,Number,PS,Persons,3,Thousands,LFS - Labour Force Survey,,Repository: ILO-STATISTICS - Micro data processing,,,,,,1,1,,,,
DATAFLOW,ILO:DF_EMP_TEMP_SEX_ECO_NB(1.0),Employment by sex and economic activity,I,VNM,Viet Nam,A,Annual,EMP_TEMP_NB,Employment (previous ILO definition - ICLS13),SEX_T,Total,ECO_ISIC4_M,"M. Professional, scientific and technical activities",2020,,352.932,,,,NB,Number,PS,Persons,3,Thousands,LFS - Labour Force Survey,,Repository: ILO-STATISTICS - Micro data processing,,,,,,1,1,,,,
DATAFLOW,ILO:DF_EMP_TEMP_SEX_ECO_NB(1.0),Employment by sex and economic activity,I,VNM,Viet Nam,A,Annual,EMP_TEMP_NB,Employment (previous ILO definition - ICLS13),SEX_T,Total,ECO_ISIC4_F,F. Construction,2021,,4541.858,,,,NB,Number,PS,Persons,3,Thousands,LFS - Labour Force Survey,,Repository: ILO-STATISTICS - Micro data processing,,,,,,1,1,,,,
DATAFLOW,ILO:DF_EMP_TEMP_SEX_ECO_NB(1.0),Employment by sex and economic activity,I,VNM,Viet Nam,A,Annual,EMP_TEMP_NB,Employment (previous ILO definition - ICLS13),SEX_T,Total,ECO_ISIC4_M,"M. Professional, scientific and technical activities",2021,,311.887,,,,NB,Number,PS,Persons,3,Thousands,LFS - Labour Force Survey,,Repository: ILO-STATISTICS - Micro data processing,,,,,,1,1,,,,
DATAFLOW,ILO:DF_EMP_TEMP_SEX_ECO_NB(1.0),Employment by sex and economic activity,I,VNM,Viet Nam,A,Annual,EMP_TEMP_NB,Employment (previous ILO definition - ICLS13),SEX_T,Total,ECO_ISIC4_F,F. Construction,2022,,4589.692,,,,NB,Number,PS,Persons,3,Thousands,LFS - Labour Force Survey,,Repository: ILO-STATISTICS - Micro data processing,,,,,,1,1,,,,
DATAFLOW,ILO:DF_EMP_TEMP_SEX_ECO_NB(1.0),Employment by sex and economic activity,I,VNM,Viet Nam,A,Annual,EMP_TEMP_NB,Employment (previous ILO definition - ICLS13),SEX_T,Total,ECO_ISIC4_M,"M. Professional, scientific and technical activities",2022,,363.822,,,,NB,Number,PS,Persons,3,Thousands,LFS - Labour Force Survey,,Repository: ILO-STATISTICS - Micro data processing,,,,,,1,1,,,,
DATAFLOW,ILO:DF_EMP_TEMP_SEX_ECO_NB(1.0),Employment by sex and economic activity,I,VNM,Viet Nam,A,Annual,EMP_TEMP_NB,Employment (previous ILO definition - ICLS13),SEX_T,Total,ECO_ISIC4_F,F. Construction,2023,,4728.555,,,,NB,Number,PS,Persons,3,Thousands,LFS - Labour Force Survey,,Repository: ILO-STATISTICS - Micro data processing,,,,,,1,1,,,,
DATAFLOW,ILO:DF_EMP_TEMP_SEX_ECO_NB(1.0),Employment by sex and economic activity,I,VNM,Viet Nam,A,Annual,EMP_TEMP_NB,Employment (previous ILO definition - ICLS13),SEX_T,Total,ECO_ISIC4_M,"M. Professional, scientific and technical activities",2023,,406.891,,,,NB,Number,PS,Persons,3,Thousands,LFS - Labour Force Survey,,Repository: ILO-STATISTICS - Micro data processing,,,,,,1,1,,,,
DATAFLOW,ILO:DF_EMP_TEMP_SEX_ECO_NB(1.0),Employment by sex and economic activity,I,VNM,Viet Nam,A,Annual,EMP_TEMP_NB,Employment (previous ILO definition - ICLS13),SEX_T,Total,ECO_ISIC4_F,F. Construction,2024,,4489.382,,,,NB,Number,PS,Persons,3,Thousands,LFS - Labour Force Survey,,Repository: ILO-STATISTICS - Micro data processing,,,,,,1,1,,,,
DATAFLOW,ILO:DF_EMP_TEMP_SEX_ECO_NB(1.0),Employment by sex and economic activity,I,VNM,Viet Nam,A,Annual,EMP_TEMP_NB,Employment (previous ILO definition - ICLS13),SEX_T,Total,ECO_ISIC4_M,"M. Professional, scientific and technical activities",2024,,414.875,,,,NB,Number,PS,Persons,3,Thousands,LFS - Labour Force Survey,,Repository: ILO-STATISTICS - Micro data processing,,,,,,1,1,,,,
