dataset,nace,indic,geo,year,value,unit,size_emp
isoc_eb_ain2,C,E_AI_TANY,AT,2021,9.61,PC_ENT,GE10
isoc_eb_ain2,C,E_AI_TANY,AT,2023,12.31,PC_ENT,GE10
isoc_eb_ain2,C,E_AI_TANY,AT,2024,22.71,PC_ENT,GE10
isoc_eb_ain2,C,E_AI_TANY,AT,2025,32.54,PC_ENT,GE10
isoc_eb_ain2,C,E_AI_TANY,BE,2021,10.42,PC_ENT,GE10
isoc_eb_ain2,C,E_AI_TANY,BE,2023,15.31,PC_ENT,GE10
isoc_eb_ain2,C,E_AI_TANY,BE,2024,23.24,PC_ENT,GE10
isoc_eb_ain2,C,E_AI_TANY,BE,2025,39.8,PC_ENT,GE10
isoc_eb_ain2,C,E_AI_TANY,CZ,2021,4.19,PC_ENT,GE10
isoc_eb_ain2,C,E_AI_TANY,CZ,2023,6.01,PC_ENT,GE10
isoc_eb_ain2,C,E_AI_TANY,CZ,2024,9.55,PC_ENT,GE10
isoc_eb_ain2,C,E_AI_TANY,CZ,2025,16.73,PC_ENT,GE10
isoc_eb_ain2,C,E_AI_TANY,DE,2021,9.19,PC_ENT,GE10
isoc_eb_ain2,C,E_AI_TANY,DE,2023,9.32,PC_ENT,GE10
isoc_eb_ain2,C,E_AI_TANY,DE,2024,16.11,PC_ENT,GE10
isoc_eb_ain2,C,E_AI_TANY,DE,2025,24.38,PC_ENT,GE10
isoc_eb_ain2,C,E_AI_TANY,DK,2021,27.28,PC_ENT,GE10
isoc_eb_ain2,C,E_AI_TANY,DK,2023,14.8,PC_ENT,GE10
isoc_eb_ain2,C,E_AI_TANY,DK,2024,21.75,PC_ENT,GE10
isoc_eb_ain2,C,E_AI_TANY,DK,2025,38.55,PC_ENT,GE10
isoc_eb_ain2,C,E_AI_TANY,EL,2021,5.35,PC_ENT,GE10
isoc_eb_ain2,C,E_AI_TANY,EL,2023,5.19,PC_ENT,GE10
isoc_eb_ain2,C,E_AI_TANY,EL,2024,7.48,PC_ENT,GE10
isoc_eb_ain2,C,E_AI_TANY,EL,2025,7.77,PC_ENT,GE10
isoc_eb_ain2,C,E_AI_TANY,ES,2021,7.42,PC_ENT,GE10
isoc_eb_ain2,C,E_AI_TANY,ES,2023,8.68,PC_ENT,GE10
isoc_eb_ain2,C,E_AI_TANY,ES,2024,9.81,PC_ENT,GE10
isoc_eb_ain2,C,E_AI_TANY,ES,2025,17.14,PC_ENT,GE10
isoc_eb_ain2,C,E_AI_TANY,EU27_2020,2021,6.93,PC_ENT,GE10
isoc_eb_ain2,C,E_AI_TANY,EU27_2020,2023,6.79,PC_ENT,GE10
isoc_eb_ain2,C,E_AI_TANY,EU27_2020,2024,10.57,PC_ENT,GE10
isoc_eb_ain2,C,E_AI_TANY,EU27_2020,2025,17.27,PC_ENT,GE10
isoc_eb_ain2,C,E_AI_TANY,FI,2021,16.25,PC_ENT,GE10
isoc_eb_ain2,C,E_AI_TANY,FI,2023,12.98,PC_ENT,GE10
isoc_eb_ain2,C,E_AI_TANY,FI,2024,20.75,PC_ENT,GE10
isoc_eb_ain2,C,E_AI_TANY,FR,2021,5.33,PC_ENT,GE10
isoc_eb_ain2,C,E_AI_TANY,FR,2023,4.87,PC_ENT,GE10
isoc_eb_ain2,C,E_AI_TANY,FR,2024,7.43,PC_ENT,GE10
isoc_eb_ain2,C,E_AI_TANY,FR,2025,16.93,PC_ENT,GE10
isoc_eb_ain2,C,E_AI_TANY,HU,2021,4.0,PC_ENT,GE10
isoc_eb_ain2,C,E_AI_TANY,HU,2023,4.24,PC_ENT,GE10
isoc_eb_ain2,C,E_AI_TANY,HU,2024,4.83,PC_ENT,GE10
isoc_eb_ain2,C,E_AI_TANY,HU,2025,7.78,PC_ENT,GE10
isoc_eb_ain2,C,E_AI_TANY,IE,2021,8.83,PC_ENT,GE10
isoc_eb_ain2,C,E_AI_TANY,IE,2023,7.18,PC_ENT,GE10
isoc_eb_ain2,C,E_AI_TANY,IE,2024,17.51,PC_ENT,GE10
isoc_eb_ain2,C,E_AI_TANY,IE,2025,17.66,PC_ENT,GE10
isoc_eb_ain2,C,E_AI_TANY,IT,2021,6.63,PC_ENT,GE10
isoc_eb_ain2,C,E_AI_TANY,IT,2023,4.94,PC_ENT,GE10
isoc_eb_ain2,C,E_AI_TANY,IT,2024,8.03,PC_ENT,GE10
isoc_eb_ain2,C,E_AI_TANY,IT,2025,14.73,PC_ENT,GE10
isoc_eb_ain2,C,E_AI_TANY,NL,2021,12.42,PC_ENT,GE10
isoc_eb_ain2,C,E_AI_TANY,NL,2023,11.74,PC_ENT,GE10
isoc_eb_ain2,C,E_AI_TANY,NL,2024,18.03,PC_ENT,GE10
isoc_eb_ain2,C,E_AI_TANY,NL,2025,28.56,PC_ENT,GE10
isoc_eb_ain2,C,E_AI_TANY,PL,2021,2.33,PC_ENT,GE10
isoc_eb_ain2,C,E_AI_TANY,PL,2023,2.86,PC_ENT,GE10
isoc_eb_ain2,C,E_AI_TANY,PL,2024,5.13,PC_ENT,GE10
isoc_eb_ain2,C,E_AI_TANY,PL,2025,7.7,PC_ENT,GE10
isoc_eb_ain2,C,E_AI_TANY,PT,2021,8.58,PC_ENT,GE10
isoc_eb_ain2,C,E_AI_TANY,PT,2023,8.74,PC_ENT,GE10
isoc_eb_ain2,C,E_AI_TANY,PT,2024,6.78,PC_ENT,GE10
isoc_eb_ain2,C,E_AI_TANY,PT,2025,9.94,PC_ENT,GE10
isoc_eb_ain2,C,E_AI_TANY,RO,2021,1.28,PC_ENT,GE10
isoc_eb_ain2,C,E_AI_TANY,RO,2023,1.34,PC_ENT,GE10
isoc_eb_ain2,C,E_AI_TANY,RO,2024,1.3,PC_ENT,GE10
isoc_eb_ain2,C,E_AI_TANY,RO,2025,3.24,PC_ENT,GE10
isoc_eb_ain2,C,E_AI_TANY,SE,2021,8.87,PC_ENT,GE10
isoc_eb_ain2,C,E_AI_TANY,SE,2023,7.47,PC_ENT,GE10
isoc_eb_ain2,C,E_AI_TANY,SE,2024,19.49,PC_ENT,GE10
isoc_eb_ain2,C,E_AI_TANY,SE,2025,32.86,PC_ENT,GE10
isoc_eb_ain2,C,E_AI_TNLG,AT,2021,0.36,PC_ENT,GE10
isoc_eb_ain2,C,E_AI_TNLG,AT,2023,1.98,PC_ENT,GE10
isoc_eb_ain2,C,E_AI_TNLG,AT,2024,9.14,PC_ENT,GE10
isoc_eb_ain2,C,E_AI_TNLG,AT,2025,16.68,PC_ENT,GE10
isoc_eb_ain2,C,E_AI_TNLG,BE,2021,0.56,PC_ENT,GE10
isoc_eb_ain2,C,E_AI_TNLG,BE,2023,2.4,PC_ENT,GE10
isoc_eb_ain2,C,E_AI_TNLG,BE,2024,12.28,PC_ENT,GE10
isoc_eb_ain2,C,E_AI_TNLG,BE,2025,17.72,PC_ENT,GE10
isoc_eb_ain2,C,E_AI_TNLG,CZ,2021,0.33,PC_ENT,GE10
isoc_eb_ain2,C,E_AI_TNLG,CZ,2023,0.39,PC_ENT,GE10
isoc_eb_ain2,C,E_AI_TNLG,CZ,2024,4.05,PC_ENT,GE10
isoc_eb_ain2,C,E_AI_TNLG,CZ,2025,10.03,PC_ENT,GE10
isoc_eb_ain2,C,E_AI_TNLG,DE,2021,1.12,PC_ENT,GE10
isoc_eb_ain2,C,E_AI_TNLG,DE,2023,1.82,PC_ENT,GE10
isoc_eb_ain2,C,E_AI_TNLG,DE,2024,4.08,PC_ENT,GE10
isoc_eb_ain2,C,E_AI_TNLG,DE,2025,8.48,PC_ENT,GE10
isoc_eb_ain2,C,E_AI_TNLG,DK,2021,3.63,PC_ENT,GE10
isoc_eb_ain2,C,E_AI_TNLG,DK,2023,3.13,PC_ENT,GE10
isoc_eb_ain2,C,E_AI_TNLG,DK,2024,12.06,PC_ENT,GE10
isoc_eb_ain2,C,E_AI_TNLG,DK,2025,26.24,PC_ENT,GE10
isoc_eb_ain2,C,E_AI_TNLG,EL,2021,0.17,PC_ENT,GE10
isoc_eb_ain2,C,E_AI_TNLG,EL,2023,0.95,PC_ENT,GE10
isoc_eb_ain2,C,E_AI_TNLG,EL,2024,1.37,PC_ENT,GE10
isoc_eb_ain2,C,E_AI_TNLG,EL,2025,2.54,PC_ENT,GE10
isoc_eb_ain2,C,E_AI_TNLG,ES,2021,0.79,PC_ENT,GE10
isoc_eb_ain2,C,E_AI_TNLG,ES,2023,1.25,PC_ENT,GE10
isoc_eb_ain2,C,E_AI_TNLG,ES,2024,2.38,PC_ENT,GE10
isoc_eb_ain2,C,E_AI_TNLG,ES,2025,6.46,PC_ENT,GE10
isoc_eb_ain2,C,E_AI_TNLG,EU27_2020,2021,0.85,PC_ENT,GE10
isoc_eb_ain2,C,E_AI_TNLG,EU27_2020,2023,1.19,PC_ENT,GE10
isoc_eb_ain2,C,E_AI_TNLG,EU27_2020,2024,3.53,PC_ENT,GE10
isoc_eb_ain2,C,E_AI_TNLG,EU27_2020,2025,7.09,PC_ENT,GE10
isoc_eb_ain2,C,E_AI_TNLG,FI,2021,1.45,PC_ENT,GE10
isoc_eb_ain2,C,E_AI_TNLG,FI,2023,2.0,PC_ENT,GE10
isoc_eb_ain2,C,E_AI_TNLG,FI,2024,12.02,PC_ENT,GE10
isoc_eb_ain2,C,E_AI_TNLG,FR,2021,0.5,PC_ENT,GE10
isoc_eb_ain2,C,E_AI_TNLG,FR,2023,0.81,PC_ENT,GE10
isoc_eb_ain2,C,E_AI_TNLG,FR,2024,2.32,PC_ENT,GE10
isoc_eb_ain2,C,E_AI_TNLG,FR,2025,8.02,PC_ENT,GE10
isoc_eb_ain2,C,E_AI_TNLG,HU,2021,0.69,PC_ENT,GE10
isoc_eb_ain2,C,E_AI_TNLG,HU,2023,0.72,PC_ENT,GE10
isoc_eb_ain2,C,E_AI_TNLG,HU,2024,1.22,PC_ENT,GE10
isoc_eb_ain2,C,E_AI_TNLG,HU,2025,2.35,PC_ENT,GE10
isoc_eb_ain2,C,E_AI_TNLG,IE,2021,1.04,PC_ENT,GE10
isoc_eb_ain2,C,E_AI_TNLG,IE,2023,1.71,PC_ENT,GE10
isoc_eb_ain2,C,E_AI_TNLG,IE,2024,7.4,PC_ENT,GE10
isoc_eb_ain2,C,E_AI_TNLG,IE,2025,8.25,PC_ENT,GE10
isoc_eb_ain2,C,E_AI_TNLG,IT,2021,1.37,PC_ENT,GE10
isoc_eb_ain2,C,E_AI_TNLG,IT,2023,0.9,PC_ENT,GE10
isoc_eb_ain2,C,E_AI_TNLG,IT,2024,3.19,PC_ENT,GE10
isoc_eb_ain2,C,E_AI_TNLG,IT,2025,5.26,PC_ENT,GE10
isoc_eb_ain2,C,E_AI_TNLG,NL,2021,1.0,PC_ENT,GE10
isoc_eb_ain2,C,E_AI_TNLG,NL,2023,2.0,PC_ENT,GE10
isoc_eb_ain2,C,E_AI_TNLG,NL,2024,7.73,PC_ENT,GE10
isoc_eb_ain2,C,E_AI_TNLG,NL,2025,13.65,PC_ENT,GE10
isoc_eb_ain2,C,E_AI_TNLG,PL,2021,0.11,PC_ENT,GE10
isoc_eb_ain2,C,E_AI_TNLG,PL,2023,0.48,PC_ENT,GE10
isoc_eb_ain2,C,E_AI_TNLG,PL,2024,1.63,PC_ENT,GE10
isoc_eb_ain2,C,E_AI_TNLG,PL,2025,4.47,PC_ENT,GE10
isoc_eb_ain2,C,E_AI_TNLG,PT,2021,0.47,PC_ENT,GE10
isoc_eb_ain2,C,E_AI_TNLG,PT,2023,0.82,PC_ENT,GE10
isoc_eb_ain2,C,E_AI_TNLG,PT,2024,1.48,PC_ENT,GE10
isoc_eb_ain2,C,E_AI_TNLG,PT,2025,2.99,PC_ENT,GE10
isoc_eb_ain2,C,E_AI_TNLG,RO,2021,0.34,PC_ENT,GE10
isoc_eb_ain2,C,E_AI_TNLG,RO,2023,0.75,PC_ENT,GE10
isoc_eb_ain2,C,E_AI_TNLG,RO,2024,0.47,PC_ENT,GE10
isoc_eb_ain2,C,E_AI_TNLG,RO,2025,1.65,PC_ENT,GE10
isoc_eb_ain2,C,E_AI_TNLG,SE,2021,0.88,PC_ENT,GE10
isoc_eb_ain2,C,E_AI_TNLG,SE,2023,1.46,PC_ENT,GE10
isoc_eb_ain2,C,E_AI_TNLG,SE,2024,8.15,PC_ENT,GE10
isoc_eb_ain2,C,E_AI_TNLG,SE,2025,17.34,PC_ENT,GE10
isoc_eb_ain2,C,E_AI_TML,AT,2021,4.07,PC_ENT,GE10
isoc_eb_ain2,C,E_AI_TML,AT,2023,5.01,PC_ENT,GE10
isoc_eb_ain2,C,E_AI_TML,AT,2024,6.18,PC_ENT,GE10
isoc_eb_ain2,C,E_AI_TML,AT,2025,6.59,PC_ENT,GE10
isoc_eb_ain2,C,E_AI_TML,BE,2021,4.3,PC_ENT,GE10
isoc_eb_ain2,C,E_AI_TML,BE,2023,6.16,PC_ENT,GE10
isoc_eb_ain2,C,E_AI_TML,BE,2024,6.67,PC_ENT,GE10
isoc_eb_ain2,C,E_AI_TML,BE,2025,12.17,PC_ENT,GE10
isoc_eb_ain2,C,E_AI_TML,CZ,2021,0.78,PC_ENT,GE10
isoc_eb_ain2,C,E_AI_TML,CZ,2023,2.04,PC_ENT,GE10
isoc_eb_ain2,C,E_AI_TML,CZ,2024,3.43,PC_ENT,GE10
isoc_eb_ain2,C,E_AI_TML,CZ,2025,5.68,PC_ENT,GE10
isoc_eb_ain2,C,E_AI_TML,DE,2021,2.16,PC_ENT,GE10
isoc_eb_ain2,C,E_AI_TML,DE,2023,1.96,PC_ENT,GE10
isoc_eb_ain2,C,E_AI_TML,DE,2024,3.63,PC_ENT,GE10
isoc_eb_ain2,C,E_AI_TML,DE,2025,4.78,PC_ENT,GE10
isoc_eb_ain2,C,E_AI_TML,DK,2021,7.0,PC_ENT,GE10
isoc_eb_ain2,C,E_AI_TML,DK,2023,5.38,PC_ENT,GE10
isoc_eb_ain2,C,E_AI_TML,DK,2024,7.55,PC_ENT,GE10
isoc_eb_ain2,C,E_AI_TML,DK,2025,8.16,PC_ENT,GE10
isoc_eb_ain2,C,E_AI_TML,EL,2021,4.19,PC_ENT,GE10
isoc_eb_ain2,C,E_AI_TML,EL,2023,0.68,PC_ENT,GE10
isoc_eb_ain2,C,E_AI_TML,EL,2024,4.45,PC_ENT,GE10
isoc_eb_ain2,C,E_AI_TML,EL,2025,2.27,PC_ENT,GE10
isoc_eb_ain2,C,E_AI_TML,ES,2021,1.6,PC_ENT,GE10
isoc_eb_ain2,C,E_AI_TML,ES,2023,2.44,PC_ENT,GE10
isoc_eb_ain2,C,E_AI_TML,ES,2024,2.79,PC_ENT,GE10
isoc_eb_ain2,C,E_AI_TML,ES,2025,4.1,PC_ENT,GE10
isoc_eb_ain2,C,E_AI_TML,EU27_2020,2021,1.67,PC_ENT,GE10
isoc_eb_ain2,C,E_AI_TML,EU27_2020,2023,1.73,PC_ENT,GE10
isoc_eb_ain2,C,E_AI_TML,EU27_2020,2024,2.73,PC_ENT,GE10
isoc_eb_ain2,C,E_AI_TML,EU27_2020,2025,3.66,PC_ENT,GE10
isoc_eb_ain2,C,E_AI_TML,FI,2021,5.32,PC_ENT,GE10
isoc_eb_ain2,C,E_AI_TML,FI,2023,4.7,PC_ENT,GE10
isoc_eb_ain2,C,E_AI_TML,FI,2024,6.14,PC_ENT,GE10
isoc_eb_ain2,C,E_AI_TML,FR,2021,1.58,PC_ENT,GE10
isoc_eb_ain2,C,E_AI_TML,FR,2023,1.32,PC_ENT,GE10
isoc_eb_ain2,C,E_AI_TML,FR,2024,1.91,PC_ENT,GE10
isoc_eb_ain2,C,E_AI_TML,FR,2025,3.67,PC_ENT,GE10
isoc_eb_ain2,C,E_AI_TML,HU,2021,0.55,PC_ENT,GE10
isoc_eb_ain2,C,E_AI_TML,HU,2023,0.9,PC_ENT,GE10
isoc_eb_ain2,C,E_AI_TML,HU,2024,1.04,PC_ENT,GE10
isoc_eb_ain2,C,E_AI_TML,HU,2025,1.35,PC_ENT,GE10
isoc_eb_ain2,C,E_AI_TML,IE,2021,2.85,PC_ENT,GE10
isoc_eb_ain2,C,E_AI_TML,IE,2023,2.91,PC_ENT,GE10
isoc_eb_ain2,C,E_AI_TML,IE,2024,5.92,PC_ENT,GE10
isoc_eb_ain2,C,E_AI_TML,IE,2025,4.38,PC_ENT,GE10
isoc_eb_ain2,C,E_AI_TML,IT,2021,1.17,PC_ENT,GE10
isoc_eb_ain2,C,E_AI_TML,IT,2023,1.28,PC_ENT,GE10
isoc_eb_ain2,C,E_AI_TML,IT,2024,2.15,PC_ENT,GE10
isoc_eb_ain2,C,E_AI_TML,IT,2025,2.71,PC_ENT,GE10
isoc_eb_ain2,C,E_AI_TML,NL,2021,3.91,PC_ENT,GE10
isoc_eb_ain2,C,E_AI_TML,NL,2023,3.71,PC_ENT,GE10
isoc_eb_ain2,C,E_AI_TML,NL,2024,5.53,PC_ENT,GE10
isoc_eb_ain2,C,E_AI_TML,NL,2025,7.35,PC_ENT,GE10
isoc_eb_ain2,C,E_AI_TML,PL,2021,0.32,PC_ENT,GE10
isoc_eb_ain2,C,E_AI_TML,PL,2023,0.71,PC_ENT,GE10
isoc_eb_ain2,C,E_AI_TML,PL,2024,1.01,PC_ENT,GE10
isoc_eb_ain2,C,E_AI_TML,PL,2025,1.65,PC_ENT,GE10
isoc_eb_ain2,C,E_AI_TML,PT,2021,1.5,PC_ENT,GE10
isoc_eb_ain2,C,E_AI_TML,PT,2023,1.0,PC_ENT,GE10
isoc_eb_ain2,C,E_AI_TML,PT,2024,1.29,PC_ENT,GE10
isoc_eb_ain2,C,E_AI_TML,PT,2025,2.22,PC_ENT,GE10
isoc_eb_ain2,C,E_AI_TML,RO,2021,0.41,PC_ENT,GE10
isoc_eb_ain2,C,E_AI_TML,RO,2023,0.19,PC_ENT,GE10
isoc_eb_ain2,C,E_AI_TML,RO,2024,0.35,PC_ENT,GE10
isoc_eb_ain2,C,E_AI_TML,RO,2025,0.79,PC_ENT,GE10
isoc_eb_ain2,C,E_AI_TML,SE,2021,2.94,PC_ENT,GE10
isoc_eb_ain2,C,E_AI_TML,SE,2023,2.58,PC_ENT,GE10
isoc_eb_ain2,C,E_AI_TML,SE,2024,5.99,PC_ENT,GE10
isoc_eb_ain2,C,E_AI_TML,SE,2025,5.04,PC_ENT,GE10
isoc_eb_ain2,C,E_AI_TTM,AT,2021,4.02,PC_ENT,GE10
isoc_eb_ain2,C,E_AI_TTM,AT,2023,4.73,PC_ENT,GE10
isoc_eb_ain2,C,E_AI_TTM,AT,2024,14.03,PC_ENT,GE10
isoc_eb_ain2,C,E_AI_TTM,AT,2025,22.52,PC_ENT,GE10
isoc_eb_ain2,C,E_AI_TTM,BE,2021,3.83,PC_ENT,GE10
isoc_eb_ain2,C,E_AI_TTM,BE,2023,4.25,PC_ENT,GE10
isoc_eb_ain2,C,E_AI_TTM,BE,2024,10.64,PC_ENT,GE10
isoc_eb_ain2,C,E_AI_TTM,BE,2025,25.82,PC_ENT,GE10
isoc_eb_ain2,C,E_AI_TTM,CZ,2021,1.55,PC_ENT,GE10
isoc_eb_ain2,C,E_AI_TTM,CZ,2023,2.17,PC_ENT,GE10
isoc_eb_ain2,C,E_AI_TTM,CZ,2024,4.57,PC_ENT,GE10
isoc_eb_ain2,C,E_AI_TTM,CZ,2025,6.37,PC_ENT,GE10
isoc_eb_ain2,C,E_AI_TTM,DE,2021,2.35,PC_ENT,GE10
isoc_eb_ain2,C,E_AI_TTM,DE,2023,2.48,PC_ENT,GE10
isoc_eb_ain2,C,E_AI_TTM,DE,2024,7.08,PC_ENT,GE10
isoc_eb_ain2,C,E_AI_TTM,DE,2025,11.89,PC_ENT,GE10
isoc_eb_ain2,C,E_AI_TTM,DK,2021,7.87,PC_ENT,GE10
isoc_eb_ain2,C,E_AI_TTM,DK,2023,5.26,PC_ENT,GE10
isoc_eb_ain2,C,E_AI_TTM,DK,2024,9.9,PC_ENT,GE10
isoc_eb_ain2,C,E_AI_TTM,DK,2025,22.86,PC_ENT,GE10
isoc_eb_ain2,C,E_AI_TTM,EL,2021,0.31,PC_ENT,GE10
isoc_eb_ain2,C,E_AI_TTM,EL,2023,1.4,PC_ENT,GE10
isoc_eb_ain2,C,E_AI_TTM,EL,2024,1.11,PC_ENT,GE10
isoc_eb_ain2,C,E_AI_TTM,EL,2025,4.14,PC_ENT,GE10
isoc_eb_ain2,C,E_AI_TTM,ES,2021,0.95,PC_ENT,GE10
isoc_eb_ain2,C,E_AI_TTM,ES,2023,1.59,PC_ENT,GE10
isoc_eb_ain2,C,E_AI_TTM,ES,2024,3.17,PC_ENT,GE10
isoc_eb_ain2,C,E_AI_TTM,ES,2025,7.36,PC_ENT,GE10
isoc_eb_ain2,C,E_AI_TTM,EU27_2020,2021,1.62,PC_ENT,GE10
isoc_eb_ain2,C,E_AI_TTM,EU27_2020,2023,1.82,PC_ENT,GE10
isoc_eb_ain2,C,E_AI_TTM,EU27_2020,2024,4.58,PC_ENT,GE10
isoc_eb_ain2,C,E_AI_TTM,EU27_2020,2025,9.42,PC_ENT,GE10
isoc_eb_ain2,C,E_AI_TTM,FI,2021,3.46,PC_ENT,GE10
isoc_eb_ain2,C,E_AI_TTM,FI,2023,5.21,PC_ENT,GE10
isoc_eb_ain2,C,E_AI_TTM,FI,2024,13.28,PC_ENT,GE10
isoc_eb_ain2,C,E_AI_TTM,FR,2021,0.75,PC_ENT,GE10
isoc_eb_ain2,C,E_AI_TTM,FR,2023,1.3,PC_ENT,GE10
isoc_eb_ain2,C,E_AI_TTM,FR,2024,3.06,PC_ENT,GE10
isoc_eb_ain2,C,E_AI_TTM,FR,2025,7.96,PC_ENT,GE10
isoc_eb_ain2,C,E_AI_TTM,HU,2021,0.83,PC_ENT,GE10
isoc_eb_ain2,C,E_AI_TTM,HU,2023,0.98,PC_ENT,GE10
isoc_eb_ain2,C,E_AI_TTM,HU,2024,1.37,PC_ENT,GE10
isoc_eb_ain2,C,E_AI_TTM,HU,2025,3.64,PC_ENT,GE10
isoc_eb_ain2,C,E_AI_TTM,IE,2021,2.09,PC_ENT,GE10
isoc_eb_ain2,C,E_AI_TTM,IE,2023,2.27,PC_ENT,GE10
isoc_eb_ain2,C,E_AI_TTM,IE,2024,8.06,PC_ENT,GE10
isoc_eb_ain2,C,E_AI_TTM,IE,2025,8.46,PC_ENT,GE10
isoc_eb_ain2,C,E_AI_TTM,IT,2021,1.97,PC_ENT,GE10
isoc_eb_ain2,C,E_AI_TTM,IT,2023,1.51,PC_ENT,GE10
isoc_eb_ain2,C,E_AI_TTM,IT,2024,3.96,PC_ENT,GE10
isoc_eb_ain2,C,E_AI_TTM,IT,2025,10.7,PC_ENT,GE10
isoc_eb_ain2,C,E_AI_TTM,NL,2021,2.09,PC_ENT,GE10
isoc_eb_ain2,C,E_AI_TTM,NL,2023,2.66,PC_ENT,GE10
isoc_eb_ain2,C,E_AI_TTM,NL,2024,8.67,PC_ENT,GE10
isoc_eb_ain2,C,E_AI_TTM,NL,2025,17.22,PC_ENT,GE10
isoc_eb_ain2,C,E_AI_TTM,PL,2021,0.3,PC_ENT,GE10
isoc_eb_ain2,C,E_AI_TTM,PL,2023,0.42,PC_ENT,GE10
isoc_eb_ain2,C,E_AI_TTM,PL,2024,1.02,PC_ENT,GE10
isoc_eb_ain2,C,E_AI_TTM,PL,2025,1.8,PC_ENT,GE10
isoc_eb_ain2,C,E_AI_TTM,PT,2021,1.41,PC_ENT,GE10
isoc_eb_ain2,C,E_AI_TTM,PT,2023,1.54,PC_ENT,GE10
isoc_eb_ain2,C,E_AI_TTM,PT,2024,1.97,PC_ENT,GE10
isoc_eb_ain2,C,E_AI_TTM,PT,2025,4.68,PC_ENT,GE10
isoc_eb_ain2,C,E_AI_TTM,RO,2021,0.46,PC_ENT,GE10
isoc_eb_ain2,C,E_AI_TTM,RO,2023,0.94,PC_ENT,GE10
isoc_eb_ain2,C,E_AI_TTM,RO,2024,0.77,PC_ENT,GE10
isoc_eb_ain2,C,E_AI_TTM,RO,2025,2.09,PC_ENT,GE10
isoc_eb_ain2,C,E_AI_TTM,SE,2021,1.61,PC_ENT,GE10
isoc_eb_ain2,C,E_AI_TTM,SE,2023,1.92,PC_ENT,GE10
isoc_eb_ain2,C,E_AI_TTM,SE,2024,9.43,PC_ENT,GE10
isoc_eb_ain2,C,E_AI_TTM,SE,2025,22.53,PC_ENT,GE10
isoc_eb_ain2,C,E_AI_TIR,AT,2021,3.43,PC_ENT,GE10
isoc_eb_ain2,C,E_AI_TIR,AT,2023,3.34,PC_ENT,GE10
isoc_eb_ain2,C,E_AI_TIR,AT,2024,3.99,PC_ENT,GE10
isoc_eb_ain2,C,E_AI_TIR,AT,2025,3.95,PC_ENT,GE10
isoc_eb_ain2,C,E_AI_TIR,BE,2021,3.65,PC_ENT,GE10
isoc_eb_ain2,C,E_AI_TIR,BE,2023,4.02,PC_ENT,GE10
isoc_eb_ain2,C,E_AI_TIR,BE,2024,8.03,PC_ENT,GE10
isoc_eb_ain2,C,E_AI_TIR,BE,2025,6.55,PC_ENT,GE10
isoc_eb_ain2,C,E_AI_TIR,CZ,2021,1.81,PC_ENT,GE10
isoc_eb_ain2,C,E_AI_TIR,CZ,2023,2.23,PC_ENT,GE10
isoc_eb_ain2,C,E_AI_TIR,CZ,2024,2.03,PC_ENT,GE10
isoc_eb_ain2,C,E_AI_TIR,CZ,2025,2.08,PC_ENT,GE10
isoc_eb_ain2,C,E_AI_TIR,DE,2021,3.17,PC_ENT,GE10
isoc_eb_ain2,C,E_AI_TIR,DE,2023,2.42,PC_ENT,GE10
isoc_eb_ain2,C,E_AI_TIR,DE,2024,3.77,PC_ENT,GE10
isoc_eb_ain2,C,E_AI_TIR,DE,2025,4.29,PC_ENT,GE10
isoc_eb_ain2,C,E_AI_TIR,DK,2021,3.17,PC_ENT,GE10
isoc_eb_ain2,C,E_AI_TIR,DK,2023,4.35,PC_ENT,GE10
isoc_eb_ain2,C,E_AI_TIR,DK,2024,4.1,PC_ENT,GE10
isoc_eb_ain2,C,E_AI_TIR,DK,2025,6.55,PC_ENT,GE10
isoc_eb_ain2,C,E_AI_TIR,EL,2021,0.13,PC_ENT,GE10
isoc_eb_ain2,C,E_AI_TIR,EL,2023,1.66,PC_ENT,GE10
isoc_eb_ain2,C,E_AI_TIR,EL,2024,1.3,PC_ENT,GE10
isoc_eb_ain2,C,E_AI_TIR,EL,2025,1.54,PC_ENT,GE10
isoc_eb_ain2,C,E_AI_TIR,ES,2021,3.34,PC_ENT,GE10
isoc_eb_ain2,C,E_AI_TIR,ES,2023,3.87,PC_ENT,GE10
isoc_eb_ain2,C,E_AI_TIR,ES,2024,3.31,PC_ENT,GE10
isoc_eb_ain2,C,E_AI_TIR,ES,2025,4.07,PC_ENT,GE10
isoc_eb_ain2,C,E_AI_TIR,EU27_2020,2021,2.16,PC_ENT,GE10
isoc_eb_ain2,C,E_AI_TIR,EU27_2020,2023,2.23,PC_ENT,GE10
isoc_eb_ain2,C,E_AI_TIR,EU27_2020,2024,2.74,PC_ENT,GE10
isoc_eb_ain2,C,E_AI_TIR,EU27_2020,2025,3.14,PC_ENT,GE10
isoc_eb_ain2,C,E_AI_TIR,FI,2021,4.08,PC_ENT,GE10
isoc_eb_ain2,C,E_AI_TIR,FI,2023,4.1,PC_ENT,GE10
isoc_eb_ain2,C,E_AI_TIR,FI,2024,5.35,PC_ENT,GE10
isoc_eb_ain2,C,E_AI_TIR,FR,2021,1.2,PC_ENT,GE10
isoc_eb_ain2,C,E_AI_TIR,FR,2023,1.33,PC_ENT,GE10
isoc_eb_ain2,C,E_AI_TIR,FR,2024,1.82,PC_ENT,GE10
isoc_eb_ain2,C,E_AI_TIR,FR,2025,2.86,PC_ENT,GE10
isoc_eb_ain2,C,E_AI_TIR,HU,2021,1.67,PC_ENT,GE10
isoc_eb_ain2,C,E_AI_TIR,HU,2023,1.67,PC_ENT,GE10
isoc_eb_ain2,C,E_AI_TIR,HU,2024,1.55,PC_ENT,GE10
isoc_eb_ain2,C,E_AI_TIR,HU,2025,2.36,PC_ENT,GE10
isoc_eb_ain2,C,E_AI_TIR,IE,2021,2.89,PC_ENT,GE10
isoc_eb_ain2,C,E_AI_TIR,IE,2023,1.89,PC_ENT,GE10
isoc_eb_ain2,C,E_AI_TIR,IE,2024,2.48,PC_ENT,GE10
isoc_eb_ain2,C,E_AI_TIR,IE,2025,2.99,PC_ENT,GE10
isoc_eb_ain2,C,E_AI_TIR,IT,2021,1.65,PC_ENT,GE10
isoc_eb_ain2,C,E_AI_TIR,IT,2023,1.49,PC_ENT,GE10
isoc_eb_ain2,C,E_AI_TIR,IT,2024,1.72,PC_ENT,GE10
isoc_eb_ain2,C,E_AI_TIR,IT,2025,2.13,PC_ENT,GE10
isoc_eb_ain2,C,E_AI_TIR,NL,2021,3.11,PC_ENT,GE10
isoc_eb_ain2,C,E_AI_TIR,NL,2023,2.99,PC_ENT,GE10
isoc_eb_ain2,C,E_AI_TIR,NL,2024,3.99,PC_ENT,GE10
isoc_eb_ain2,C,E_AI_TIR,NL,2025,4.24,PC_ENT,GE10
isoc_eb_ain2,C,E_AI_TIR,PL,2021,0.71,PC_ENT,GE10
isoc_eb_ain2,C,E_AI_TIR,PL,2023,0.97,PC_ENT,GE10
isoc_eb_ain2,C,E_AI_TIR,PL,2024,1.75,PC_ENT,GE10
isoc_eb_ain2,C,E_AI_TIR,PL,2025,2.07,PC_ENT,GE10
isoc_eb_ain2,C,E_AI_TIR,PT,2021,3.62,PC_ENT,GE10
isoc_eb_ain2,C,E_AI_TIR,PT,2023,5.78,PC_ENT,GE10
isoc_eb_ain2,C,E_AI_TIR,PT,2024,3.35,PC_ENT,GE10
isoc_eb_ain2,C,E_AI_TIR,PT,2025,2.73,PC_ENT,GE10
isoc_eb_ain2,C,E_AI_TIR,RO,2021,0.41,PC_ENT,GE10
isoc_eb_ain2,C,E_AI_TIR,RO,2023,0.77,PC_ENT,GE10
isoc_eb_ain2,C,E_AI_TIR,RO,2024,0.32,PC_ENT,GE10
isoc_eb_ain2,C,E_AI_TIR,RO,2025,1.15,PC_ENT,GE10
isoc_eb_ain2,C,E_AI_TIR,SE,2021,1.89,PC_ENT,GE10
isoc_eb_ain2,C,E_AI_TIR,SE,2023,2.49,PC_ENT,GE10
isoc_eb_ain2,C,E_AI_TIR,SE,2024,3.67,PC_ENT,GE10
isoc_eb_ain2,C,E_AI_TIR,SE,2025,3.47,PC_ENT,GE10
isoc_eb_ain2,C,E_AI_TPVSG,AT,2025,13.39,PC_ENT,GE10
isoc_eb_ain2,C,E_AI_TPVSG,BE,2025,21.47,PC_ENT,GE10
isoc_eb_ain2,C,E_AI_TPVSG,CZ,2025,8.33,PC_ENT,GE10
isoc_eb_ain2,C,E_AI_TPVSG,DE,2025,11.96,PC_ENT,GE10
isoc_eb_ain2,C,E_AI_TPVSG,DK,2025,14.66,PC_ENT,GE10
isoc_eb_ain2,C,E_AI_TPVSG,EL,2025,3.65,PC_ENT,GE10
isoc_eb_ain2,C,E_AI_TPVSG,ES,2025,8.95,PC_ENT,GE10
isoc_eb_ain2,C,E_AI_TPVSG,EU27_2020,2025,7.54,PC_ENT,GE10
isoc_eb_ain2,C,E_AI_TPVSG,FR,2025,6.79,PC_ENT,GE10
isoc_eb_ain2,C,E_AI_TPVSG,HU,2025,2.38,PC_ENT,GE10
isoc_eb_ain2,C,E_AI_TPVSG,IE,2025,5.33,PC_ENT,GE10
isoc_eb_ain2,C,E_AI_TPVSG,IT,2025,5.31,PC_ENT,GE10
isoc_eb_ain2,C,E_AI_TPVSG,NL,2025,10.8,PC_ENT,GE10
isoc_eb_ain2,C,E_AI_TPVSG,PL,2025,2.34,PC_ENT,GE10
isoc_eb_ain2,C,E_AI_TPVSG,PT,2025,4.71,PC_ENT,GE10
isoc_eb_ain2,C,E_AI_TPVSG,RO,2025,1.53,PC_ENT,GE10
isoc_eb_ain2,C,E_AI_TPVSG,SE,2025,14.58,PC_ENT,GE10
isoc_eb_ain2,J,E_AI_TANY,AT,2021,30.27,PC_ENT,GE10
isoc_eb_ain2,J,E_AI_TANY,AT,2023,37.05,PC_ENT,GE10
isoc_eb_ain2,J,E_AI_TANY,AT,2024,60.74,PC_ENT,GE10
isoc_eb_ain2,J,E_AI_TANY,AT,2025,79.93,PC_ENT,GE10
isoc_eb_ain2,J,E_AI_TANY,BE,2021,34.76,PC_ENT,GE10
isoc_eb_ain2,J,E_AI_TANY,BE,2024,64.12,PC_ENT,GE10
isoc_eb_ain2,J,E_AI_TANY,BE,2025,78.15,PC_ENT,GE10
isoc_eb_ain2,J,E_AI_TANY,CZ,2021,21.22,PC_ENT,GE10
isoc_eb_ain2,J,E_AI_TANY,CZ,2023,24.76,PC_ENT,GE10
isoc_eb_ain2,J,E_AI_TANY,CZ,2024,46.49,PC_ENT,GE10
isoc_eb_ain2,J,E_AI_TANY,CZ,2025,60.49,PC_ENT,GE10
isoc_eb_ain2,J,E_AI_TANY,DE,2021,28.8,PC_ENT,GE10
isoc_eb_ain2,J,E_AI_TANY,DE,2023,33.05,PC_ENT,GE10
isoc_eb_ain2,J,E_AI_TANY,DE,2024,60.52,PC_ENT,GE10
isoc_eb_ain2,J,E_AI_TANY,DE,2025,75.38,PC_ENT,GE10
isoc_eb_ain2,J,E_AI_TANY,DK,2021,54.75,PC_ENT,GE10
isoc_eb_ain2,J,E_AI_TANY,DK,2023,44.31,PC_ENT,GE10
isoc_eb_ain2,J,E_AI_TANY,DK,2024,68.3,PC_ENT,GE10
isoc_eb_ain2,J,E_AI_TANY,DK,2025,79.08,PC_ENT,GE10
isoc_eb_ain2,J,E_AI_TANY,EL,2021,11.16,PC_ENT,GE10
isoc_eb_ain2,J,E_AI_TANY,EL,2023,17.5,PC_ENT,GE10
isoc_eb_ain2,J,E_AI_TANY,EL,2024,25.63,PC_ENT,GE10
isoc_eb_ain2,J,E_AI_TANY,EL,2025,43.93,PC_ENT,GE10
isoc_eb_ain2,J,E_AI_TANY,ES,2021,26.65,PC_ENT,GE10
isoc_eb_ain2,J,E_AI_TANY,ES,2023,32.43,PC_ENT,GE10
isoc_eb_ain2,J,E_AI_TANY,ES,2024,46.57,PC_ENT,GE10
isoc_eb_ain2,J,E_AI_TANY,ES,2025,60.57,PC_ENT,GE10
isoc_eb_ain2,J,E_AI_TANY,EU27_2020,2021,25.37,PC_ENT,GE10
isoc_eb_ain2,J,E_AI_TANY,EU27_2020,2023,29.53,PC_ENT,GE10
isoc_eb_ain2,J,E_AI_TANY,EU27_2020,2024,48.72,PC_ENT,GE10
isoc_eb_ain2,J,E_AI_TANY,EU27_2020,2025,62.52,PC_ENT,GE10
isoc_eb_ain2,J,E_AI_TANY,FI,2021,40.64,PC_ENT,GE10
isoc_eb_ain2,J,E_AI_TANY,FI,2023,48.19,PC_ENT,GE10
isoc_eb_ain2,J,E_AI_TANY,FI,2024,66.43,PC_ENT,GE10
isoc_eb_ain2,J,E_AI_TANY,FI,2025,79.79,PC_ENT,GE10
isoc_eb_ain2,J,E_AI_TANY,FR,2021,23.55,PC_ENT,GE10
isoc_eb_ain2,J,E_AI_TANY,FR,2023,29.56,PC_ENT,GE10
isoc_eb_ain2,J,E_AI_TANY,FR,2024,41.76,PC_ENT,GE10
isoc_eb_ain2,J,E_AI_TANY,FR,2025,58.98,PC_ENT,GE10
isoc_eb_ain2,J,E_AI_TANY,HU,2021,13.09,PC_ENT,GE10
isoc_eb_ain2,J,E_AI_TANY,HU,2023,14.54,PC_ENT,GE10
isoc_eb_ain2,J,E_AI_TANY,HU,2024,32.88,PC_ENT,GE10
isoc_eb_ain2,J,E_AI_TANY,HU,2025,46.05,PC_ENT,GE10
isoc_eb_ain2,J,E_AI_TANY,IE,2021,32.4,PC_ENT,GE10
isoc_eb_ain2,J,E_AI_TANY,IE,2023,28.52,PC_ENT,GE10
isoc_eb_ain2,J,E_AI_TANY,IE,2024,49.07,PC_ENT,GE10
isoc_eb_ain2,J,E_AI_TANY,IE,2025,59.82,PC_ENT,GE10
isoc_eb_ain2,J,E_AI_TANY,IT,2021,16.19,PC_ENT,GE10
isoc_eb_ain2,J,E_AI_TANY,IT,2023,21.04,PC_ENT,GE10
isoc_eb_ain2,J,E_AI_TANY,IT,2024,34.6,PC_ENT,GE10
isoc_eb_ain2,J,E_AI_TANY,IT,2025,51.28,PC_ENT,GE10
isoc_eb_ain2,J,E_AI_TANY,NL,2021,32.05,PC_ENT,GE10
isoc_eb_ain2,J,E_AI_TANY,NL,2023,36.97,PC_ENT,GE10
isoc_eb_ain2,J,E_AI_TANY,NL,2024,58.03,PC_ENT,GE10
isoc_eb_ain2,J,E_AI_TANY,NL,2025,69.99,PC_ENT,GE10
isoc_eb_ain2,J,E_AI_TANY,PL,2021,16.35,PC_ENT,GE10
isoc_eb_ain2,J,E_AI_TANY,PL,2023,17.56,PC_ENT,GE10
isoc_eb_ain2,J,E_AI_TANY,PL,2024,32.63,PC_ENT,GE10
isoc_eb_ain2,J,E_AI_TANY,PL,2025,38.09,PC_ENT,GE10
isoc_eb_ain2,J,E_AI_TANY,PT,2023,29.79,PC_ENT,GE10
isoc_eb_ain2,J,E_AI_TANY,PT,2024,52.45,PC_ENT,GE10
isoc_eb_ain2,J,E_AI_TANY,PT,2025,52.8,PC_ENT,GE10
isoc_eb_ain2,J,E_AI_TANY,RO,2021,8.8,PC_ENT,GE10
isoc_eb_ain2,J,E_AI_TANY,RO,2023,8.12,PC_ENT,GE10
isoc_eb_ain2,J,E_AI_TANY,RO,2024,15.69,PC_ENT,GE10
isoc_eb_ain2,J,E_AI_TANY,RO,2025,32.07,PC_ENT,GE10
isoc_eb_ain2,J,E_AI_TANY,SE,2021,30.81,PC_ENT,GE10
isoc_eb_ain2,J,E_AI_TANY,SE,2023,36.85,PC_ENT,GE10
isoc_eb_ain2,J,E_AI_TANY,SE,2024,67.56,PC_ENT,GE10
isoc_eb_ain2,J,E_AI_TANY,SE,2025,87.87,PC_ENT,GE10
isoc_eb_ain2,J,E_AI_TNLG,AT,2021,3.62,PC_ENT,GE10
isoc_eb_ain2,J,E_AI_TNLG,AT,2023,15.01,PC_ENT,GE10
isoc_eb_ain2,J,E_AI_TNLG,AT,2024,31.35,PC_ENT,GE10
isoc_eb_ain2,J,E_AI_TNLG,AT,2025,61.48,PC_ENT,GE10
isoc_eb_ain2,J,E_AI_TNLG,BE,2021,9.01,PC_ENT,GE10
isoc_eb_ain2,J,E_AI_TNLG,BE,2023,18.82,PC_ENT,GE10
isoc_eb_ain2,J,E_AI_TNLG,BE,2024,39.3,PC_ENT,GE10
isoc_eb_ain2,J,E_AI_TNLG,CZ,2021,4.61,PC_ENT,GE10
isoc_eb_ain2,J,E_AI_TNLG,CZ,2023,6.65,PC_ENT,GE10
isoc_eb_ain2,J,E_AI_TNLG,CZ,2024,27.29,PC_ENT,GE10
isoc_eb_ain2,J,E_AI_TNLG,CZ,2025,51.71,PC_ENT,GE10
isoc_eb_ain2,J,E_AI_TNLG,DE,2021,7.56,PC_ENT,GE10
isoc_eb_ain2,J,E_AI_TNLG,DE,2023,12.61,PC_ENT,GE10
isoc_eb_ain2,J,E_AI_TNLG,DE,2024,29.61,PC_ENT,GE10
isoc_eb_ain2,J,E_AI_TNLG,DE,2025,47.27,PC_ENT,GE10
isoc_eb_ain2,J,E_AI_TNLG,DK,2021,15.14,PC_ENT,GE10
isoc_eb_ain2,J,E_AI_TNLG,DK,2023,22.0,PC_ENT,GE10
isoc_eb_ain2,J,E_AI_TNLG,DK,2024,51.97,PC_ENT,GE10
isoc_eb_ain2,J,E_AI_TNLG,DK,2025,62.74,PC_ENT,GE10
isoc_eb_ain2,J,E_AI_TNLG,EL,2021,1.91,PC_ENT,GE10
isoc_eb_ain2,J,E_AI_TNLG,EL,2023,5.92,PC_ENT,GE10
isoc_eb_ain2,J,E_AI_TNLG,EL,2024,14.98,PC_ENT,GE10
isoc_eb_ain2,J,E_AI_TNLG,EL,2025,27.45,PC_ENT,GE10
isoc_eb_ain2,J,E_AI_TNLG,ES,2021,8.24,PC_ENT,GE10
isoc_eb_ain2,J,E_AI_TNLG,ES,2023,13.16,PC_ENT,GE10
isoc_eb_ain2,J,E_AI_TNLG,ES,2024,21.3,PC_ENT,GE10
isoc_eb_ain2,J,E_AI_TNLG,ES,2025,40.38,PC_ENT,GE10
isoc_eb_ain2,J,E_AI_TNLG,EU27_2020,2021,6.34,PC_ENT,GE10
isoc_eb_ain2,J,E_AI_TNLG,EU27_2020,2023,11.14,PC_ENT,GE10
isoc_eb_ain2,J,E_AI_TNLG,EU27_2020,2024,25.83,PC_ENT,GE10
isoc_eb_ain2,J,E_AI_TNLG,EU27_2020,2025,42.23,PC_ENT,GE10
isoc_eb_ain2,J,E_AI_TNLG,FI,2021,7.68,PC_ENT,GE10
isoc_eb_ain2,J,E_AI_TNLG,FI,2023,16.65,PC_ENT,GE10
isoc_eb_ain2,J,E_AI_TNLG,FI,2024,44.01,PC_ENT,GE10
isoc_eb_ain2,J,E_AI_TNLG,FI,2025,56.1,PC_ENT,GE10
isoc_eb_ain2,J,E_AI_TNLG,FR,2021,4.72,PC_ENT,GE10
isoc_eb_ain2,J,E_AI_TNLG,FR,2023,8.12,PC_ENT,GE10
isoc_eb_ain2,J,E_AI_TNLG,FR,2024,21.79,PC_ENT,GE10
isoc_eb_ain2,J,E_AI_TNLG,FR,2025,39.37,PC_ENT,GE10
isoc_eb_ain2,J,E_AI_TNLG,HU,2021,2.36,PC_ENT,GE10
isoc_eb_ain2,J,E_AI_TNLG,HU,2023,5.31,PC_ENT,GE10
isoc_eb_ain2,J,E_AI_TNLG,HU,2024,20.15,PC_ENT,GE10
isoc_eb_ain2,J,E_AI_TNLG,HU,2025,29.48,PC_ENT,GE10
isoc_eb_ain2,J,E_AI_TNLG,IE,2021,8.6,PC_ENT,GE10
isoc_eb_ain2,J,E_AI_TNLG,IE,2023,9.17,PC_ENT,GE10
isoc_eb_ain2,J,E_AI_TNLG,IE,2024,26.69,PC_ENT,GE10
isoc_eb_ain2,J,E_AI_TNLG,IE,2025,38.21,PC_ENT,GE10
isoc_eb_ain2,J,E_AI_TNLG,IT,2021,3.85,PC_ENT,GE10
isoc_eb_ain2,J,E_AI_TNLG,IT,2023,8.56,PC_ENT,GE10
isoc_eb_ain2,J,E_AI_TNLG,IT,2024,16.78,PC_ENT,GE10
isoc_eb_ain2,J,E_AI_TNLG,IT,2025,33.99,PC_ENT,GE10
isoc_eb_ain2,J,E_AI_TNLG,NL,2021,9.31,PC_ENT,GE10
isoc_eb_ain2,J,E_AI_TNLG,NL,2023,14.87,PC_ENT,GE10
isoc_eb_ain2,J,E_AI_TNLG,NL,2024,36.58,PC_ENT,GE10
isoc_eb_ain2,J,E_AI_TNLG,NL,2025,50.61,PC_ENT,GE10
isoc_eb_ain2,J,E_AI_TNLG,PL,2021,2.98,PC_ENT,GE10
isoc_eb_ain2,J,E_AI_TNLG,PL,2023,5.31,PC_ENT,GE10
isoc_eb_ain2,J,E_AI_TNLG,PL,2024,15.74,PC_ENT,GE10
isoc_eb_ain2,J,E_AI_TNLG,PL,2025,27.33,PC_ENT,GE10
isoc_eb_ain2,J,E_AI_TNLG,PT,2021,8.86,PC_ENT,GE10
isoc_eb_ain2,J,E_AI_TNLG,PT,2023,11.77,PC_ENT,GE10
isoc_eb_ain2,J,E_AI_TNLG,PT,2024,27.17,PC_ENT,GE10
isoc_eb_ain2,J,E_AI_TNLG,PT,2025,38.78,PC_ENT,GE10
isoc_eb_ain2,J,E_AI_TNLG,RO,2021,0.99,PC_ENT,GE10
isoc_eb_ain2,J,E_AI_TNLG,RO,2023,3.04,PC_ENT,GE10
isoc_eb_ain2,J,E_AI_TNLG,RO,2024,9.19,PC_ENT,GE10
isoc_eb_ain2,J,E_AI_TNLG,RO,2025,22.41,PC_ENT,GE10
isoc_eb_ain2,J,E_AI_TNLG,SE,2021,9.91,PC_ENT,GE10
isoc_eb_ain2,J,E_AI_TNLG,SE,2023,17.2,PC_ENT,GE10
isoc_eb_ain2,J,E_AI_TNLG,SE,2024,41.78,PC_ENT,GE10
isoc_eb_ain2,J,E_AI_TNLG,SE,2025,65.77,PC_ENT,GE10
isoc_eb_ain2,J,E_AI_TML,AT,2021,24.14,PC_ENT,GE10
isoc_eb_ain2,J,E_AI_TML,AT,2023,24.53,PC_ENT,GE10
isoc_eb_ain2,J,E_AI_TML,AT,2024,34.95,PC_ENT,GE10
isoc_eb_ain2,J,E_AI_TML,AT,2025,41.93,PC_ENT,GE10
isoc_eb_ain2,J,E_AI_TML,BE,2021,17.08,PC_ENT,GE10
isoc_eb_ain2,J,E_AI_TML,BE,2023,24.27,PC_ENT,GE10
isoc_eb_ain2,J,E_AI_TML,BE,2024,37.32,PC_ENT,GE10
isoc_eb_ain2,J,E_AI_TML,CZ,2021,12.45,PC_ENT,GE10
isoc_eb_ain2,J,E_AI_TML,CZ,2023,18.1,PC_ENT,GE10
isoc_eb_ain2,J,E_AI_TML,CZ,2024,28.49,PC_ENT,GE10
isoc_eb_ain2,J,E_AI_TML,CZ,2025,33.36,PC_ENT,GE10
isoc_eb_ain2,J,E_AI_TML,DE,2021,14.62,PC_ENT,GE10
isoc_eb_ain2,J,E_AI_TML,DE,2023,13.74,PC_ENT,GE10
isoc_eb_ain2,J,E_AI_TML,DE,2024,29.26,PC_ENT,GE10
isoc_eb_ain2,J,E_AI_TML,DE,2025,30.16,PC_ENT,GE10
isoc_eb_ain2,J,E_AI_TML,DK,2021,33.39,PC_ENT,GE10
isoc_eb_ain2,J,E_AI_TML,DK,2023,28.94,PC_ENT,GE10
isoc_eb_ain2,J,E_AI_TML,DK,2024,38.73,PC_ENT,GE10
isoc_eb_ain2,J,E_AI_TML,DK,2025,46.77,PC_ENT,GE10
isoc_eb_ain2,J,E_AI_TML,EL,2021,9.34,PC_ENT,GE10
isoc_eb_ain2,J,E_AI_TML,EL,2023,9.72,PC_ENT,GE10
isoc_eb_ain2,J,E_AI_TML,EL,2024,15.14,PC_ENT,GE10
isoc_eb_ain2,J,E_AI_TML,EL,2025,20.5,PC_ENT,GE10
isoc_eb_ain2,J,E_AI_TML,ES,2021,17.17,PC_ENT,GE10
isoc_eb_ain2,J,E_AI_TML,ES,2023,17.49,PC_ENT,GE10
isoc_eb_ain2,J,E_AI_TML,ES,2024,26.11,PC_ENT,GE10
isoc_eb_ain2,J,E_AI_TML,ES,2025,33.74,PC_ENT,GE10
isoc_eb_ain2,J,E_AI_TML,EU27_2020,2021,15.14,PC_ENT,GE10
isoc_eb_ain2,J,E_AI_TML,EU27_2020,2023,16.28,PC_ENT,GE10
isoc_eb_ain2,J,E_AI_TML,EU27_2020,2024,25.66,PC_ENT,GE10
isoc_eb_ain2,J,E_AI_TML,EU27_2020,2025,28.58,PC_ENT,GE10
isoc_eb_ain2,J,E_AI_TML,FI,2021,23.89,PC_ENT,GE10
isoc_eb_ain2,J,E_AI_TML,FI,2023,29.66,PC_ENT,GE10
isoc_eb_ain2,J,E_AI_TML,FI,2024,38.69,PC_ENT,GE10
isoc_eb_ain2,J,E_AI_TML,FI,2025,41.82,PC_ENT,GE10
isoc_eb_ain2,J,E_AI_TML,FR,2021,15.84,PC_ENT,GE10
isoc_eb_ain2,J,E_AI_TML,FR,2023,21.74,PC_ENT,GE10
isoc_eb_ain2,J,E_AI_TML,FR,2024,22.05,PC_ENT,GE10
isoc_eb_ain2,J,E_AI_TML,FR,2025,20.73,PC_ENT,GE10
isoc_eb_ain2,J,E_AI_TML,HU,2021,8.65,PC_ENT,GE10
isoc_eb_ain2,J,E_AI_TML,HU,2023,7.16,PC_ENT,GE10
isoc_eb_ain2,J,E_AI_TML,HU,2024,12.31,PC_ENT,GE10
isoc_eb_ain2,J,E_AI_TML,HU,2025,17.29,PC_ENT,GE10
isoc_eb_ain2,J,E_AI_TML,IE,2021,22.79,PC_ENT,GE10
isoc_eb_ain2,J,E_AI_TML,IE,2023,16.62,PC_ENT,GE10
isoc_eb_ain2,J,E_AI_TML,IE,2024,24.48,PC_ENT,GE10
isoc_eb_ain2,J,E_AI_TML,IE,2025,27.89,PC_ENT,GE10
isoc_eb_ain2,J,E_AI_TML,IT,2021,9.53,PC_ENT,GE10
isoc_eb_ain2,J,E_AI_TML,IT,2023,11.82,PC_ENT,GE10
isoc_eb_ain2,J,E_AI_TML,IT,2024,20.83,PC_ENT,GE10
isoc_eb_ain2,J,E_AI_TML,IT,2025,20.05,PC_ENT,GE10
isoc_eb_ain2,J,E_AI_TML,NL,2021,22.84,PC_ENT,GE10
isoc_eb_ain2,J,E_AI_TML,NL,2023,19.82,PC_ENT,GE10
isoc_eb_ain2,J,E_AI_TML,NL,2024,26.64,PC_ENT,GE10
isoc_eb_ain2,J,E_AI_TML,NL,2025,35.51,PC_ENT,GE10
isoc_eb_ain2,J,E_AI_TML,PL,2021,9.95,PC_ENT,GE10
isoc_eb_ain2,J,E_AI_TML,PL,2023,8.2,PC_ENT,GE10
isoc_eb_ain2,J,E_AI_TML,PL,2024,17.11,PC_ENT,GE10
isoc_eb_ain2,J,E_AI_TML,PL,2025,16.1,PC_ENT,GE10
isoc_eb_ain2,J,E_AI_TML,PT,2021,7.52,PC_ENT,GE10
isoc_eb_ain2,J,E_AI_TML,PT,2023,19.14,PC_ENT,GE10
isoc_eb_ain2,J,E_AI_TML,PT,2024,30.66,PC_ENT,GE10
isoc_eb_ain2,J,E_AI_TML,PT,2025,33.33,PC_ENT,GE10
isoc_eb_ain2,J,E_AI_TML,RO,2021,5.92,PC_ENT,GE10
isoc_eb_ain2,J,E_AI_TML,RO,2023,5.63,PC_ENT,GE10
isoc_eb_ain2,J,E_AI_TML,RO,2024,9.37,PC_ENT,GE10
isoc_eb_ain2,J,E_AI_TML,RO,2025,22.58,PC_ENT,GE10
isoc_eb_ain2,J,E_AI_TML,SE,2021,18.05,PC_ENT,GE10
isoc_eb_ain2,J,E_AI_TML,SE,2023,23.29,PC_ENT,GE10
isoc_eb_ain2,J,E_AI_TML,SE,2024,35.91,PC_ENT,GE10
isoc_eb_ain2,J,E_AI_TML,SE,2025,42.92,PC_ENT,GE10
isoc_eb_ain2,J,E_AI_TTM,AT,2021,15.49,PC_ENT,GE10
isoc_eb_ain2,J,E_AI_TTM,AT,2023,17.27,PC_ENT,GE10
isoc_eb_ain2,J,E_AI_TTM,AT,2024,39.54,PC_ENT,GE10
isoc_eb_ain2,J,E_AI_TTM,AT,2025,61.47,PC_ENT,GE10
isoc_eb_ain2,J,E_AI_TTM,BE,2021,24.72,PC_ENT,GE10
isoc_eb_ain2,J,E_AI_TTM,BE,2023,21.4,PC_ENT,GE10
isoc_eb_ain2,J,E_AI_TTM,BE,2024,45.8,PC_ENT,GE10
isoc_eb_ain2,J,E_AI_TTM,CZ,2021,10.68,PC_ENT,GE10
isoc_eb_ain2,J,E_AI_TTM,CZ,2023,15.06,PC_ENT,GE10
isoc_eb_ain2,J,E_AI_TTM,CZ,2024,31.32,PC_ENT,GE10
isoc_eb_ain2,J,E_AI_TTM,CZ,2025,32.85,PC_ENT,GE10
isoc_eb_ain2,J,E_AI_TTM,DE,2021,11.55,PC_ENT,GE10
isoc_eb_ain2,J,E_AI_TTM,DE,2023,14.76,PC_ENT,GE10
isoc_eb_ain2,J,E_AI_TTM,DE,2024,38.69,PC_ENT,GE10
isoc_eb_ain2,J,E_AI_TTM,DE,2025,44.55,PC_ENT,GE10
isoc_eb_ain2,J,E_AI_TTM,DK,2021,24.09,PC_ENT,GE10
isoc_eb_ain2,J,E_AI_TTM,DK,2023,22.38,PC_ENT,GE10
isoc_eb_ain2,J,E_AI_TTM,DK,2024,46.89,PC_ENT,GE10
isoc_eb_ain2,J,E_AI_TTM,DK,2025,61.95,PC_ENT,GE10
isoc_eb_ain2,J,E_AI_TTM,EL,2021,2.98,PC_ENT,GE10
isoc_eb_ain2,J,E_AI_TTM,EL,2023,7.91,PC_ENT,GE10
isoc_eb_ain2,J,E_AI_TTM,EL,2024,18.39,PC_ENT,GE10
isoc_eb_ain2,J,E_AI_TTM,EL,2025,30.29,PC_ENT,GE10
isoc_eb_ain2,J,E_AI_TTM,ES,2021,14.34,PC_ENT,GE10
isoc_eb_ain2,J,E_AI_TTM,ES,2023,16.3,PC_ENT,GE10
isoc_eb_ain2,J,E_AI_TTM,ES,2024,25.22,PC_ENT,GE10
isoc_eb_ain2,J,E_AI_TTM,ES,2025,41.44,PC_ENT,GE10
isoc_eb_ain2,J,E_AI_TTM,EU27_2020,2021,11.54,PC_ENT,GE10
isoc_eb_ain2,J,E_AI_TTM,EU27_2020,2023,14.25,PC_ENT,GE10
isoc_eb_ain2,J,E_AI_TTM,EU27_2020,2024,30.11,PC_ENT,GE10
isoc_eb_ain2,J,E_AI_TTM,EU27_2020,2025,42.22,PC_ENT,GE10
isoc_eb_ain2,J,E_AI_TTM,FI,2021,15.43,PC_ENT,GE10
isoc_eb_ain2,J,E_AI_TTM,FI,2023,31.37,PC_ENT,GE10
isoc_eb_ain2,J,E_AI_TTM,FI,2024,42.9,PC_ENT,GE10
isoc_eb_ain2,J,E_AI_TTM,FI,2025,65.37,PC_ENT,GE10
isoc_eb_ain2,J,E_AI_TTM,FR,2021,11.89,PC_ENT,GE10
isoc_eb_ain2,J,E_AI_TTM,FR,2024,21.6,PC_ENT,GE10
isoc_eb_ain2,J,E_AI_TTM,FR,2025,39.98,PC_ENT,GE10
isoc_eb_ain2,J,E_AI_TTM,HU,2021,6.66,PC_ENT,GE10
isoc_eb_ain2,J,E_AI_TTM,HU,2023,7.81,PC_ENT,GE10
isoc_eb_ain2,J,E_AI_TTM,HU,2024,16.28,PC_ENT,GE10
isoc_eb_ain2,J,E_AI_TTM,HU,2025,26.87,PC_ENT,GE10
isoc_eb_ain2,J,E_AI_TTM,IE,2021,14.39,PC_ENT,GE10
isoc_eb_ain2,J,E_AI_TTM,IE,2023,12.86,PC_ENT,GE10
isoc_eb_ain2,J,E_AI_TTM,IE,2024,25.86,PC_ENT,GE10
isoc_eb_ain2,J,E_AI_TTM,IE,2025,38.67,PC_ENT,GE10
isoc_eb_ain2,J,E_AI_TTM,IT,2021,6.75,PC_ENT,GE10
isoc_eb_ain2,J,E_AI_TTM,IT,2023,9.57,PC_ENT,GE10
isoc_eb_ain2,J,E_AI_TTM,IT,2024,23.58,PC_ENT,GE10
isoc_eb_ain2,J,E_AI_TTM,IT,2025,39.84,PC_ENT,GE10
isoc_eb_ain2,J,E_AI_TTM,NL,2021,12.1,PC_ENT,GE10
isoc_eb_ain2,J,E_AI_TTM,NL,2023,19.11,PC_ENT,GE10
isoc_eb_ain2,J,E_AI_TTM,NL,2024,38.86,PC_ENT,GE10
isoc_eb_ain2,J,E_AI_TTM,NL,2025,50.96,PC_ENT,GE10
isoc_eb_ain2,J,E_AI_TTM,PL,2021,5.74,PC_ENT,GE10
isoc_eb_ain2,J,E_AI_TTM,PL,2023,4.3,PC_ENT,GE10
isoc_eb_ain2,J,E_AI_TTM,PL,2024,10.16,PC_ENT,GE10
isoc_eb_ain2,J,E_AI_TTM,PL,2025,13.8,PC_ENT,GE10
isoc_eb_ain2,J,E_AI_TTM,PT,2021,12.31,PC_ENT,GE10
isoc_eb_ain2,J,E_AI_TTM,PT,2023,15.35,PC_ENT,GE10
isoc_eb_ain2,J,E_AI_TTM,PT,2024,31.02,PC_ENT,GE10
isoc_eb_ain2,J,E_AI_TTM,PT,2025,36.13,PC_ENT,GE10
isoc_eb_ain2,J,E_AI_TTM,RO,2021,5.09,PC_ENT,GE10
isoc_eb_ain2,J,E_AI_TTM,RO,2023,4.97,PC_ENT,GE10
isoc_eb_ain2,J,E_AI_TTM,RO,2024,12.32,PC_ENT,GE10
isoc_eb_ain2,J,E_AI_TTM,RO,2025,24.87,PC_ENT,GE10
isoc_eb_ain2,J,E_AI_TTM,SE,2021,15.49,PC_ENT,GE10
isoc_eb_ain2,J,E_AI_TTM,SE,2023,20.47,PC_ENT,GE10
isoc_eb_ain2,J,E_AI_TTM,SE,2024,47.98,PC_ENT,GE10
isoc_eb_ain2,J,E_AI_TTM,SE,2025,71.64,PC_ENT,GE10
isoc_eb_ain2,J,E_AI_TIR,AT,2021,12.82,PC_ENT,GE10
isoc_eb_ain2,J,E_AI_TIR,AT,2023,13.03,PC_ENT,GE10
isoc_eb_ain2,J,E_AI_TIR,AT,2024,13.28,PC_ENT,GE10
isoc_eb_ain2,J,E_AI_TIR,AT,2025,16.12,PC_ENT,GE10
isoc_eb_ain2,J,E_AI_TIR,BE,2021,14.6,PC_ENT,GE10
isoc_eb_ain2,J,E_AI_TIR,BE,2023,20.96,PC_ENT,GE10
isoc_eb_ain2,J,E_AI_TIR,BE,2024,13.61,PC_ENT,GE10
isoc_eb_ain2,J,E_AI_TIR,BE,2025,19.7,PC_ENT,GE10
isoc_eb_ain2,J,E_AI_TIR,CZ,2021,9.12,PC_ENT,GE10
isoc_eb_ain2,J,E_AI_TIR,CZ,2023,10.42,PC_ENT,GE10
isoc_eb_ain2,J,E_AI_TIR,CZ,2024,13.57,PC_ENT,GE10
isoc_eb_ain2,J,E_AI_TIR,CZ,2025,12.93,PC_ENT,GE10
isoc_eb_ain2,J,E_AI_TIR,DE,2021,8.63,PC_ENT,GE10
isoc_eb_ain2,J,E_AI_TIR,DE,2023,10.61,PC_ENT,GE10
isoc_eb_ain2,J,E_AI_TIR,DE,2024,15.44,PC_ENT,GE10
isoc_eb_ain2,J,E_AI_TIR,DE,2025,16.1,PC_ENT,GE10
isoc_eb_ain2,J,E_AI_TIR,DK,2021,14.72,PC_ENT,GE10
isoc_eb_ain2,J,E_AI_TIR,DK,2023,12.59,PC_ENT,GE10
isoc_eb_ain2,J,E_AI_TIR,DK,2024,18.69,PC_ENT,GE10
isoc_eb_ain2,J,E_AI_TIR,DK,2025,20.61,PC_ENT,GE10
isoc_eb_ain2,J,E_AI_TIR,EL,2021,3.64,PC_ENT,GE10
isoc_eb_ain2,J,E_AI_TIR,EL,2023,4.37,PC_ENT,GE10
isoc_eb_ain2,J,E_AI_TIR,EL,2024,8.05,PC_ENT,GE10
isoc_eb_ain2,J,E_AI_TIR,EL,2025,13.2,PC_ENT,GE10
isoc_eb_ain2,J,E_AI_TIR,ES,2021,11.55,PC_ENT,GE10
isoc_eb_ain2,J,E_AI_TIR,ES,2023,12.15,PC_ENT,GE10
isoc_eb_ain2,J,E_AI_TIR,ES,2024,15.36,PC_ENT,GE10
isoc_eb_ain2,J,E_AI_TIR,ES,2025,23.12,PC_ENT,GE10
isoc_eb_ain2,J,E_AI_TIR,EU27_2020,2021,8.56,PC_ENT,GE10
isoc_eb_ain2,J,E_AI_TIR,EU27_2020,2023,9.87,PC_ENT,GE10
isoc_eb_ain2,J,E_AI_TIR,EU27_2020,2024,13.54,PC_ENT,GE10
isoc_eb_ain2,J,E_AI_TIR,EU27_2020,2025,15.97,PC_ENT,GE10
isoc_eb_ain2,J,E_AI_TIR,FI,2021,12.43,PC_ENT,GE10
isoc_eb_ain2,J,E_AI_TIR,FI,2023,17.22,PC_ENT,GE10
isoc_eb_ain2,J,E_AI_TIR,FI,2024,17.22,PC_ENT,GE10
isoc_eb_ain2,J,E_AI_TIR,FI,2025,20.54,PC_ENT,GE10
isoc_eb_ain2,J,E_AI_TIR,FR,2021,7.31,PC_ENT,GE10
isoc_eb_ain2,J,E_AI_TIR,FR,2023,9.32,PC_ENT,GE10
isoc_eb_ain2,J,E_AI_TIR,FR,2024,11.77,PC_ENT,GE10
isoc_eb_ain2,J,E_AI_TIR,FR,2025,14.1,PC_ENT,GE10
isoc_eb_ain2,J,E_AI_TIR,HU,2021,5.6,PC_ENT,GE10
isoc_eb_ain2,J,E_AI_TIR,HU,2023,4.9,PC_ENT,GE10
isoc_eb_ain2,J,E_AI_TIR,HU,2024,9.33,PC_ENT,GE10
isoc_eb_ain2,J,E_AI_TIR,HU,2025,13.43,PC_ENT,GE10
isoc_eb_ain2,J,E_AI_TIR,IE,2021,10.99,PC_ENT,GE10
isoc_eb_ain2,J,E_AI_TIR,IE,2023,4.11,PC_ENT,GE10
isoc_eb_ain2,J,E_AI_TIR,IE,2024,15.15,PC_ENT,GE10
isoc_eb_ain2,J,E_AI_TIR,IE,2025,12.69,PC_ENT,GE10
isoc_eb_ain2,J,E_AI_TIR,IT,2021,5.15,PC_ENT,GE10
isoc_eb_ain2,J,E_AI_TIR,IT,2023,6.76,PC_ENT,GE10
isoc_eb_ain2,J,E_AI_TIR,IT,2024,11.07,PC_ENT,GE10
isoc_eb_ain2,J,E_AI_TIR,IT,2025,13.09,PC_ENT,GE10
isoc_eb_ain2,J,E_AI_TIR,NL,2021,11.44,PC_ENT,GE10
isoc_eb_ain2,J,E_AI_TIR,NL,2023,13.34,PC_ENT,GE10
isoc_eb_ain2,J,E_AI_TIR,NL,2024,16.49,PC_ENT,GE10
isoc_eb_ain2,J,E_AI_TIR,NL,2025,18.57,PC_ENT,GE10
isoc_eb_ain2,J,E_AI_TIR,PL,2021,5.4,PC_ENT,GE10
isoc_eb_ain2,J,E_AI_TIR,PL,2023,4.36,PC_ENT,GE10
isoc_eb_ain2,J,E_AI_TIR,PL,2024,9.49,PC_ENT,GE10
isoc_eb_ain2,J,E_AI_TIR,PL,2025,11.06,PC_ENT,GE10
isoc_eb_ain2,J,E_AI_TIR,PT,2021,10.25,PC_ENT,GE10
isoc_eb_ain2,J,E_AI_TIR,PT,2023,12.74,PC_ENT,GE10
isoc_eb_ain2,J,E_AI_TIR,PT,2024,17.08,PC_ENT,GE10
isoc_eb_ain2,J,E_AI_TIR,PT,2025,21.63,PC_ENT,GE10
isoc_eb_ain2,J,E_AI_TIR,RO,2021,3.82,PC_ENT,GE10
isoc_eb_ain2,J,E_AI_TIR,RO,2023,2.28,PC_ENT,GE10
isoc_eb_ain2,J,E_AI_TIR,RO,2024,5.29,PC_ENT,GE10
isoc_eb_ain2,J,E_AI_TIR,RO,2025,11.56,PC_ENT,GE10
isoc_eb_ain2,J,E_AI_TIR,SE,2021,7.52,PC_ENT,GE10
isoc_eb_ain2,J,E_AI_TIR,SE,2023,12.74,PC_ENT,GE10
isoc_eb_ain2,J,E_AI_TIR,SE,2024,16.0,PC_ENT,GE10
isoc_eb_ain2,J,E_AI_TIR,SE,2025,20.06,PC_ENT,GE10
isoc_eb_ain2,J,E_AI_TPVSG,AT,2025,45.76,PC_ENT,GE10
isoc_eb_ain2,J,E_AI_TPVSG,CZ,2025,38.33,PC_ENT,GE10
isoc_eb_ain2,J,E_AI_TPVSG,DE,2025,50.31,PC_ENT,GE10
isoc_eb_ain2,J,E_AI_TPVSG,DK,2025,37.16,PC_ENT,GE10
isoc_eb_ain2,J,E_AI_TPVSG,EL,2025,22.91,PC_ENT,GE10
isoc_eb_ain2,J,E_AI_TPVSG,ES,2025,36.92,PC_ENT,GE10
isoc_eb_ain2,J,E_AI_TPVSG,EU27_2020,2025,35.53,PC_ENT,GE10
isoc_eb_ain2,J,E_AI_TPVSG,FI,2025,51.57,PC_ENT,GE10
isoc_eb_ain2,J,E_AI_TPVSG,FR,2025,25.84,PC_ENT,GE10
isoc_eb_ain2,J,E_AI_TPVSG,HU,2025,19.03,PC_ENT,GE10
isoc_eb_ain2,J,E_AI_TPVSG,IE,2025,25.53,PC_ENT,GE10
isoc_eb_ain2,J,E_AI_TPVSG,IT,2025,27.76,PC_ENT,GE10
isoc_eb_ain2,J,E_AI_TPVSG,NL,2025,40.51,PC_ENT,GE10
isoc_eb_ain2,J,E_AI_TPVSG,PL,2025,17.5,PC_ENT,GE10
isoc_eb_ain2,J,E_AI_TPVSG,PT,2025,27.11,PC_ENT,GE10
isoc_eb_ain2,J,E_AI_TPVSG,RO,2025,22.79,PC_ENT,GE10
isoc_eb_ain2,J,E_AI_TPVSG,SE,2025,50.03,PC_ENT,GE10
isoc_eb_ain2,N,E_AI_TANY,AT,2021,6.48,PC_ENT,GE10
isoc_eb_ain2,N,E_AI_TANY,AT,2023,7.78,PC_ENT,GE10
isoc_eb_ain2,N,E_AI_TANY,AT,2024,19.57,PC_ENT,GE10
isoc_eb_ain2,N,E_AI_TANY,AT,2025,25.72,PC_ENT,GE10
isoc_eb_ain2,N,E_AI_TANY,BE,2021,8.7,PC_ENT,GE10
isoc_eb_ain2,N,E_AI_TANY,BE,2023,11.04,PC_ENT,GE10
isoc_eb_ain2,N,E_AI_TANY,BE,2024,20.99,PC_ENT,GE10
isoc_eb_ain2,N,E_AI_TANY,BE,2025,28.95,PC_ENT,GE10
isoc_eb_ain2,N,E_AI_TANY,CZ,2021,3.1,PC_ENT,GE10
isoc_eb_ain2,N,E_AI_TANY,CZ,2023,5.43,PC_ENT,GE10
isoc_eb_ain2,N,E_AI_TANY,CZ,2024,9.45,PC_ENT,GE10
isoc_eb_ain2,N,E_AI_TANY,CZ,2025,13.01,PC_ENT,GE10
isoc_eb_ain2,N,E_AI_TANY,DE,2021,6.85,PC_ENT,GE10
isoc_eb_ain2,N,E_AI_TANY,DE,2023,11.02,PC_ENT,GE10
isoc_eb_ain2,N,E_AI_TANY,DE,2024,18.91,PC_ENT,GE10
isoc_eb_ain2,N,E_AI_TANY,DE,2025,22.08,PC_ENT,GE10
isoc_eb_ain2,N,E_AI_TANY,DK,2021,19.04,PC_ENT,GE10
isoc_eb_ain2,N,E_AI_TANY,DK,2023,9.32,PC_ENT,GE10
isoc_eb_ain2,N,E_AI_TANY,DK,2024,27.84,PC_ENT,GE10
isoc_eb_ain2,N,E_AI_TANY,DK,2025,33.06,PC_ENT,GE10
isoc_eb_ain2,N,E_AI_TANY,EL,2021,1.84,PC_ENT,GE10
isoc_eb_ain2,N,E_AI_TANY,EL,2023,4.69,PC_ENT,GE10
isoc_eb_ain2,N,E_AI_TANY,EL,2024,14.4,PC_ENT,GE10
isoc_eb_ain2,N,E_AI_TANY,EL,2025,14.79,PC_ENT,GE10
isoc_eb_ain2,N,E_AI_TANY,ES,2021,7.77,PC_ENT,GE10
isoc_eb_ain2,N,E_AI_TANY,ES,2023,8.97,PC_ENT,GE10
isoc_eb_ain2,N,E_AI_TANY,ES,2024,8.82,PC_ENT,GE10
isoc_eb_ain2,N,E_AI_TANY,ES,2025,18.79,PC_ENT,GE10
isoc_eb_ain2,N,E_AI_TANY,EU27_2020,2021,7.19,PC_ENT,GE10
isoc_eb_ain2,N,E_AI_TANY,EU27_2020,2023,8.33,PC_ENT,GE10
isoc_eb_ain2,N,E_AI_TANY,EU27_2020,2024,14.33,PC_ENT,GE10
isoc_eb_ain2,N,E_AI_TANY,EU27_2020,2025,19.86,PC_ENT,GE10
isoc_eb_ain2,N,E_AI_TANY,FI,2021,17.28,PC_ENT,GE10
isoc_eb_ain2,N,E_AI_TANY,FI,2023,14.76,PC_ENT,GE10
isoc_eb_ain2,N,E_AI_TANY,FI,2024,24.78,PC_ENT,GE10
isoc_eb_ain2,N,E_AI_TANY,FI,2025,38.65,PC_ENT,GE10
isoc_eb_ain2,N,E_AI_TANY,FR,2021,7.28,PC_ENT,GE10
isoc_eb_ain2,N,E_AI_TANY,FR,2023,5.6,PC_ENT,GE10
isoc_eb_ain2,N,E_AI_TANY,FR,2024,11.25,PC_ENT,GE10
isoc_eb_ain2,N,E_AI_TANY,FR,2025,19.32,PC_ENT,GE10
isoc_eb_ain2,N,E_AI_TANY,HU,2021,4.83,PC_ENT,GE10
isoc_eb_ain2,N,E_AI_TANY,HU,2023,2.89,PC_ENT,GE10
isoc_eb_ain2,N,E_AI_TANY,HU,2024,5.63,PC_ENT,GE10
isoc_eb_ain2,N,E_AI_TANY,HU,2025,8.68,PC_ENT,GE10
isoc_eb_ain2,N,E_AI_TANY,IE,2021,12.22,PC_ENT,GE10
isoc_eb_ain2,N,E_AI_TANY,IE,2023,6.59,PC_ENT,GE10
isoc_eb_ain2,N,E_AI_TANY,IE,2024,24.8,PC_ENT,GE10
isoc_eb_ain2,N,E_AI_TANY,IE,2025,25.61,PC_ENT,GE10
isoc_eb_ain2,N,E_AI_TANY,IT,2021,6.22,PC_ENT,GE10
isoc_eb_ain2,N,E_AI_TANY,IT,2023,6.73,PC_ENT,GE10
isoc_eb_ain2,N,E_AI_TANY,IT,2024,7.72,PC_ENT,GE10
isoc_eb_ain2,N,E_AI_TANY,IT,2025,15.97,PC_ENT,GE10
isoc_eb_ain2,N,E_AI_TANY,NL,2021,10.6,PC_ENT,GE10
isoc_eb_ain2,N,E_AI_TANY,NL,2023,12.19,PC_ENT,GE10
isoc_eb_ain2,N,E_AI_TANY,NL,2024,22.57,PC_ENT,GE10
isoc_eb_ain2,N,E_AI_TANY,NL,2025,30.85,PC_ENT,GE10
isoc_eb_ain2,N,E_AI_TANY,PL,2021,4.16,PC_ENT,GE10
isoc_eb_ain2,N,E_AI_TANY,PL,2023,4.8,PC_ENT,GE10
isoc_eb_ain2,N,E_AI_TANY,PL,2024,7.72,PC_ENT,GE10
isoc_eb_ain2,N,E_AI_TANY,PL,2025,10.47,PC_ENT,GE10
isoc_eb_ain2,N,E_AI_TANY,PT,2021,10.81,PC_ENT,GE10
isoc_eb_ain2,N,E_AI_TANY,PT,2023,10.29,PC_ENT,GE10
isoc_eb_ain2,N,E_AI_TANY,PT,2024,12.91,PC_ENT,GE10
isoc_eb_ain2,N,E_AI_TANY,PT,2025,11.06,PC_ENT,GE10
isoc_eb_ain2,N,E_AI_TANY,RO,2021,3.04,PC_ENT,GE10
isoc_eb_ain2,N,E_AI_TANY,RO,2023,1.57,PC_ENT,GE10
isoc_eb_ain2,N,E_AI_TANY,RO,2024,5.3,PC_ENT,GE10
isoc_eb_ain2,N,E_AI_TANY,RO,2025,5.04,PC_ENT,GE10
isoc_eb_ain2,N,E_AI_TANY,SE,2021,8.58,PC_ENT,GE10
isoc_eb_ain2,N,E_AI_TANY,SE,2023,8.3,PC_ENT,GE10
isoc_eb_ain2,N,E_AI_TANY,SE,2024,21.63,PC_ENT,GE10
isoc_eb_ain2,N,E_AI_TANY,SE,2025,31.61,PC_ENT,GE10
isoc_eb_ain2,N,E_AI_TNLG,AT,2021,0.07,PC_ENT,GE10
isoc_eb_ain2,N,E_AI_TNLG,AT,2023,2.89,PC_ENT,GE10
isoc_eb_ain2,N,E_AI_TNLG,AT,2024,7.71,PC_ENT,GE10
isoc_eb_ain2,N,E_AI_TNLG,AT,2025,12.52,PC_ENT,GE10
isoc_eb_ain2,N,E_AI_TNLG,BE,2021,1.27,PC_ENT,GE10
isoc_eb_ain2,N,E_AI_TNLG,BE,2023,3.93,PC_ENT,GE10
isoc_eb_ain2,N,E_AI_TNLG,BE,2024,6.55,PC_ENT,GE10
isoc_eb_ain2,N,E_AI_TNLG,BE,2025,10.05,PC_ENT,GE10
isoc_eb_ain2,N,E_AI_TNLG,CZ,2021,0.21,PC_ENT,GE10
isoc_eb_ain2,N,E_AI_TNLG,CZ,2023,1.1,PC_ENT,GE10
isoc_eb_ain2,N,E_AI_TNLG,CZ,2024,4.16,PC_ENT,GE10
isoc_eb_ain2,N,E_AI_TNLG,CZ,2025,8.96,PC_ENT,GE10
isoc_eb_ain2,N,E_AI_TNLG,DE,2021,0.48,PC_ENT,GE10
isoc_eb_ain2,N,E_AI_TNLG,DE,2023,4.45,PC_ENT,GE10
isoc_eb_ain2,N,E_AI_TNLG,DE,2024,4.67,PC_ENT,GE10
isoc_eb_ain2,N,E_AI_TNLG,DE,2025,7.96,PC_ENT,GE10
isoc_eb_ain2,N,E_AI_TNLG,DK,2021,3.55,PC_ENT,GE10
isoc_eb_ain2,N,E_AI_TNLG,DK,2023,1.44,PC_ENT,GE10
isoc_eb_ain2,N,E_AI_TNLG,DK,2024,17.69,PC_ENT,GE10
isoc_eb_ain2,N,E_AI_TNLG,DK,2025,24.8,PC_ENT,GE10
isoc_eb_ain2,N,E_AI_TNLG,EL,2021,0.0,PC_ENT,GE10
isoc_eb_ain2,N,E_AI_TNLG,EL,2023,1.14,PC_ENT,GE10
isoc_eb_ain2,N,E_AI_TNLG,EL,2024,6.9,PC_ENT,GE10
isoc_eb_ain2,N,E_AI_TNLG,EL,2025,7.19,PC_ENT,GE10
isoc_eb_ain2,N,E_AI_TNLG,ES,2021,1.76,PC_ENT,GE10
isoc_eb_ain2,N,E_AI_TNLG,ES,2023,2.01,PC_ENT,GE10
isoc_eb_ain2,N,E_AI_TNLG,ES,2024,3.75,PC_ENT,GE10
isoc_eb_ain2,N,E_AI_TNLG,ES,2025,9.37,PC_ENT,GE10
isoc_eb_ain2,N,E_AI_TNLG,EU27_2020,2021,1.11,PC_ENT,GE10
isoc_eb_ain2,N,E_AI_TNLG,EU27_2020,2023,2.52,PC_ENT,GE10
isoc_eb_ain2,N,E_AI_TNLG,EU27_2020,2024,4.96,PC_ENT,GE10
isoc_eb_ain2,N,E_AI_TNLG,EU27_2020,2025,8.58,PC_ENT,GE10
isoc_eb_ain2,N,E_AI_TNLG,FI,2021,3.52,PC_ENT,GE10
isoc_eb_ain2,N,E_AI_TNLG,FI,2023,2.37,PC_ENT,GE10
isoc_eb_ain2,N,E_AI_TNLG,FI,2024,9.8,PC_ENT,GE10
isoc_eb_ain2,N,E_AI_TNLG,FI,2025,21.55,PC_ENT,GE10
isoc_eb_ain2,N,E_AI_TNLG,FR,2021,0.78,PC_ENT,GE10
isoc_eb_ain2,N,E_AI_TNLG,FR,2023,0.59,PC_ENT,GE10
isoc_eb_ain2,N,E_AI_TNLG,FR,2024,3.24,PC_ENT,GE10
isoc_eb_ain2,N,E_AI_TNLG,FR,2025,7.58,PC_ENT,GE10
isoc_eb_ain2,N,E_AI_TNLG,HU,2021,0.31,PC_ENT,GE10
isoc_eb_ain2,N,E_AI_TNLG,HU,2023,1.03,PC_ENT,GE10
isoc_eb_ain2,N,E_AI_TNLG,HU,2024,2.13,PC_ENT,GE10
isoc_eb_ain2,N,E_AI_TNLG,HU,2025,2.81,PC_ENT,GE10
isoc_eb_ain2,N,E_AI_TNLG,IE,2021,2.21,PC_ENT,GE10
isoc_eb_ain2,N,E_AI_TNLG,IE,2023,2.15,PC_ENT,GE10
isoc_eb_ain2,N,E_AI_TNLG,IE,2024,10.78,PC_ENT,GE10
isoc_eb_ain2,N,E_AI_TNLG,IE,2025,10.6,PC_ENT,GE10
isoc_eb_ain2,N,E_AI_TNLG,IT,2021,2.0,PC_ENT,GE10
isoc_eb_ain2,N,E_AI_TNLG,IT,2023,1.62,PC_ENT,GE10
isoc_eb_ain2,N,E_AI_TNLG,IT,2024,3.95,PC_ENT,GE10
isoc_eb_ain2,N,E_AI_TNLG,IT,2025,5.88,PC_ENT,GE10
isoc_eb_ain2,N,E_AI_TNLG,NL,2021,1.86,PC_ENT,GE10
isoc_eb_ain2,N,E_AI_TNLG,NL,2023,3.73,PC_ENT,GE10
isoc_eb_ain2,N,E_AI_TNLG,NL,2024,10.73,PC_ENT,GE10
isoc_eb_ain2,N,E_AI_TNLG,NL,2025,14.0,PC_ENT,GE10
isoc_eb_ain2,N,E_AI_TNLG,PL,2021,0.68,PC_ENT,GE10
isoc_eb_ain2,N,E_AI_TNLG,PL,2023,1.09,PC_ENT,GE10
isoc_eb_ain2,N,E_AI_TNLG,PL,2024,3.44,PC_ENT,GE10
isoc_eb_ain2,N,E_AI_TNLG,PL,2025,7.16,PC_ENT,GE10
isoc_eb_ain2,N,E_AI_TNLG,PT,2021,2.54,PC_ENT,GE10
isoc_eb_ain2,N,E_AI_TNLG,PT,2023,2.98,PC_ENT,GE10
isoc_eb_ain2,N,E_AI_TNLG,PT,2024,1.88,PC_ENT,GE10
isoc_eb_ain2,N,E_AI_TNLG,PT,2025,5.75,PC_ENT,GE10
isoc_eb_ain2,N,E_AI_TNLG,RO,2021,0.17,PC_ENT,GE10
isoc_eb_ain2,N,E_AI_TNLG,RO,2023,0.8,PC_ENT,GE10
isoc_eb_ain2,N,E_AI_TNLG,RO,2024,2.62,PC_ENT,GE10
isoc_eb_ain2,N,E_AI_TNLG,RO,2025,3.3,PC_ENT,GE10
isoc_eb_ain2,N,E_AI_TNLG,SE,2021,1.68,PC_ENT,GE10
isoc_eb_ain2,N,E_AI_TNLG,SE,2023,3.34,PC_ENT,GE10
isoc_eb_ain2,N,E_AI_TNLG,SE,2024,10.74,PC_ENT,GE10
isoc_eb_ain2,N,E_AI_TNLG,SE,2025,16.77,PC_ENT,GE10
isoc_eb_ain2,N,E_AI_TML,AT,2021,2.73,PC_ENT,GE10
isoc_eb_ain2,N,E_AI_TML,AT,2023,2.88,PC_ENT,GE10
isoc_eb_ain2,N,E_AI_TML,AT,2024,5.35,PC_ENT,GE10
isoc_eb_ain2,N,E_AI_TML,AT,2025,4.49,PC_ENT,GE10
isoc_eb_ain2,N,E_AI_TML,BE,2021,3.88,PC_ENT,GE10
isoc_eb_ain2,N,E_AI_TML,BE,2023,1.58,PC_ENT,GE10
isoc_eb_ain2,N,E_AI_TML,BE,2024,5.23,PC_ENT,GE10
isoc_eb_ain2,N,E_AI_TML,BE,2025,7.83,PC_ENT,GE10
isoc_eb_ain2,N,E_AI_TML,CZ,2021,0.98,PC_ENT,GE10
isoc_eb_ain2,N,E_AI_TML,CZ,2023,1.76,PC_ENT,GE10
isoc_eb_ain2,N,E_AI_TML,CZ,2024,3.99,PC_ENT,GE10
isoc_eb_ain2,N,E_AI_TML,CZ,2025,5.71,PC_ENT,GE10
isoc_eb_ain2,N,E_AI_TML,DE,2021,1.05,PC_ENT,GE10
isoc_eb_ain2,N,E_AI_TML,DE,2023,2.21,PC_ENT,GE10
isoc_eb_ain2,N,E_AI_TML,DE,2024,3.73,PC_ENT,GE10
isoc_eb_ain2,N,E_AI_TML,DE,2025,4.78,PC_ENT,GE10
isoc_eb_ain2,N,E_AI_TML,DK,2021,6.74,PC_ENT,GE10
isoc_eb_ain2,N,E_AI_TML,DK,2023,2.81,PC_ENT,GE10
isoc_eb_ain2,N,E_AI_TML,DK,2024,7.91,PC_ENT,GE10
isoc_eb_ain2,N,E_AI_TML,DK,2025,5.67,PC_ENT,GE10
isoc_eb_ain2,N,E_AI_TML,EL,2021,0.43,PC_ENT,GE10
isoc_eb_ain2,N,E_AI_TML,EL,2023,1.22,PC_ENT,GE10
isoc_eb_ain2,N,E_AI_TML,EL,2024,3.31,PC_ENT,GE10
isoc_eb_ain2,N,E_AI_TML,EL,2025,4.57,PC_ENT,GE10
isoc_eb_ain2,N,E_AI_TML,ES,2021,1.69,PC_ENT,GE10
isoc_eb_ain2,N,E_AI_TML,ES,2023,3.3,PC_ENT,GE10
isoc_eb_ain2,N,E_AI_TML,ES,2024,2.85,PC_ENT,GE10
isoc_eb_ain2,N,E_AI_TML,ES,2025,5.05,PC_ENT,GE10
isoc_eb_ain2,N,E_AI_TML,EU27_2020,2021,1.63,PC_ENT,GE10
isoc_eb_ain2,N,E_AI_TML,EU27_2020,2023,2.31,PC_ENT,GE10
isoc_eb_ain2,N,E_AI_TML,EU27_2020,2024,3.96,PC_ENT,GE10
isoc_eb_ain2,N,E_AI_TML,EU27_2020,2025,4.43,PC_ENT,GE10
isoc_eb_ain2,N,E_AI_TML,FI,2021,5.58,PC_ENT,GE10
isoc_eb_ain2,N,E_AI_TML,FI,2023,9.14,PC_ENT,GE10
isoc_eb_ain2,N,E_AI_TML,FI,2024,11.09,PC_ENT,GE10
isoc_eb_ain2,N,E_AI_TML,FI,2025,13.13,PC_ENT,GE10
isoc_eb_ain2,N,E_AI_TML,FR,2021,1.33,PC_ENT,GE10
isoc_eb_ain2,N,E_AI_TML,FR,2023,1.69,PC_ENT,GE10
isoc_eb_ain2,N,E_AI_TML,FR,2024,5.2,PC_ENT,GE10
isoc_eb_ain2,N,E_AI_TML,FR,2025,4.68,PC_ENT,GE10
isoc_eb_ain2,N,E_AI_TML,HU,2021,0.74,PC_ENT,GE10
isoc_eb_ain2,N,E_AI_TML,HU,2023,0.81,PC_ENT,GE10
isoc_eb_ain2,N,E_AI_TML,HU,2024,0.9,PC_ENT,GE10
isoc_eb_ain2,N,E_AI_TML,HU,2025,1.09,PC_ENT,GE10
isoc_eb_ain2,N,E_AI_TML,IE,2021,4.87,PC_ENT,GE10
isoc_eb_ain2,N,E_AI_TML,IE,2023,1.23,PC_ENT,GE10
isoc_eb_ain2,N,E_AI_TML,IE,2024,13.28,PC_ENT,GE10
isoc_eb_ain2,N,E_AI_TML,IE,2025,7.65,PC_ENT,GE10
isoc_eb_ain2,N,E_AI_TML,IT,2021,1.02,PC_ENT,GE10
isoc_eb_ain2,N,E_AI_TML,IT,2023,3.07,PC_ENT,GE10
isoc_eb_ain2,N,E_AI_TML,IT,2024,2.78,PC_ENT,GE10
isoc_eb_ain2,N,E_AI_TML,IT,2025,2.24,PC_ENT,GE10
isoc_eb_ain2,N,E_AI_TML,NL,2021,4.01,PC_ENT,GE10
isoc_eb_ain2,N,E_AI_TML,NL,2023,3.56,PC_ENT,GE10
isoc_eb_ain2,N,E_AI_TML,NL,2024,4.21,PC_ENT,GE10
isoc_eb_ain2,N,E_AI_TML,NL,2025,6.64,PC_ENT,GE10
isoc_eb_ain2,N,E_AI_TML,PL,2021,0.32,PC_ENT,GE10
isoc_eb_ain2,N,E_AI_TML,PL,2023,1.08,PC_ENT,GE10
isoc_eb_ain2,N,E_AI_TML,PL,2024,2.08,PC_ENT,GE10
isoc_eb_ain2,N,E_AI_TML,PL,2025,2.18,PC_ENT,GE10
isoc_eb_ain2,N,E_AI_TML,PT,2021,4.39,PC_ENT,GE10
isoc_eb_ain2,N,E_AI_TML,PT,2023,1.22,PC_ENT,GE10
isoc_eb_ain2,N,E_AI_TML,PT,2024,3.65,PC_ENT,GE10
isoc_eb_ain2,N,E_AI_TML,PT,2025,2.3,PC_ENT,GE10
isoc_eb_ain2,N,E_AI_TML,RO,2021,0.3,PC_ENT,GE10
isoc_eb_ain2,N,E_AI_TML,RO,2023,1.01,PC_ENT,GE10
isoc_eb_ain2,N,E_AI_TML,RO,2024,1.16,PC_ENT,GE10
isoc_eb_ain2,N,E_AI_TML,RO,2025,1.91,PC_ENT,GE10
isoc_eb_ain2,N,E_AI_TML,SE,2021,2.6,PC_ENT,GE10
isoc_eb_ain2,N,E_AI_TML,SE,2023,0.99,PC_ENT,GE10
isoc_eb_ain2,N,E_AI_TML,SE,2024,4.5,PC_ENT,GE10
isoc_eb_ain2,N,E_AI_TML,SE,2025,3.1,PC_ENT,GE10
isoc_eb_ain2,N,E_AI_TTM,AT,2021,5.81,PC_ENT,GE10
isoc_eb_ain2,N,E_AI_TTM,AT,2023,4.38,PC_ENT,GE10
isoc_eb_ain2,N,E_AI_TTM,AT,2024,13.57,PC_ENT,GE10
isoc_eb_ain2,N,E_AI_TTM,AT,2025,19.31,PC_ENT,GE10
isoc_eb_ain2,N,E_AI_TTM,BE,2021,4.13,PC_ENT,GE10
isoc_eb_ain2,N,E_AI_TTM,BE,2023,5.58,PC_ENT,GE10
isoc_eb_ain2,N,E_AI_TTM,BE,2024,17.81,PC_ENT,GE10
isoc_eb_ain2,N,E_AI_TTM,BE,2025,24.03,PC_ENT,GE10
isoc_eb_ain2,N,E_AI_TTM,CZ,2021,1.89,PC_ENT,GE10
isoc_eb_ain2,N,E_AI_TTM,CZ,2023,2.44,PC_ENT,GE10
isoc_eb_ain2,N,E_AI_TTM,CZ,2024,6.35,PC_ENT,GE10
isoc_eb_ain2,N,E_AI_TTM,CZ,2025,5.31,PC_ENT,GE10
isoc_eb_ain2,N,E_AI_TTM,DE,2021,1.08,PC_ENT,GE10
isoc_eb_ain2,N,E_AI_TTM,DE,2023,4.86,PC_ENT,GE10
isoc_eb_ain2,N,E_AI_TTM,DE,2024,9.46,PC_ENT,GE10
isoc_eb_ain2,N,E_AI_TTM,DE,2025,12.51,PC_ENT,GE10
isoc_eb_ain2,N,E_AI_TTM,DK,2021,7.27,PC_ENT,GE10
isoc_eb_ain2,N,E_AI_TTM,DK,2023,4.22,PC_ENT,GE10
isoc_eb_ain2,N,E_AI_TTM,DK,2024,17.94,PC_ENT,GE10
isoc_eb_ain2,N,E_AI_TTM,DK,2025,20.12,PC_ENT,GE10
isoc_eb_ain2,N,E_AI_TTM,EL,2021,0.1,PC_ENT,GE10
isoc_eb_ain2,N,E_AI_TTM,EL,2023,1.29,PC_ENT,GE10
isoc_eb_ain2,N,E_AI_TTM,EL,2024,3.14,PC_ENT,GE10
isoc_eb_ain2,N,E_AI_TTM,EL,2025,9.24,PC_ENT,GE10
isoc_eb_ain2,N,E_AI_TTM,ES,2021,2.9,PC_ENT,GE10
isoc_eb_ain2,N,E_AI_TTM,ES,2023,3.41,PC_ENT,GE10
isoc_eb_ain2,N,E_AI_TTM,ES,2024,5.38,PC_ENT,GE10
isoc_eb_ain2,N,E_AI_TTM,ES,2025,8.37,PC_ENT,GE10
isoc_eb_ain2,N,E_AI_TTM,EU27_2020,2021,2.35,PC_ENT,GE10
isoc_eb_ain2,N,E_AI_TTM,EU27_2020,2023,3.56,PC_ENT,GE10
isoc_eb_ain2,N,E_AI_TTM,EU27_2020,2024,8.06,PC_ENT,GE10
isoc_eb_ain2,N,E_AI_TTM,EU27_2020,2025,12.2,PC_ENT,GE10
isoc_eb_ain2,N,E_AI_TTM,FI,2021,8.92,PC_ENT,GE10
isoc_eb_ain2,N,E_AI_TTM,FI,2023,4.74,PC_ENT,GE10
isoc_eb_ain2,N,E_AI_TTM,FI,2024,15.05,PC_ENT,GE10
isoc_eb_ain2,N,E_AI_TTM,FI,2025,30.57,PC_ENT,GE10
isoc_eb_ain2,N,E_AI_TTM,FR,2021,2.27,PC_ENT,GE10
isoc_eb_ain2,N,E_AI_TTM,FR,2023,2.49,PC_ENT,GE10
isoc_eb_ain2,N,E_AI_TTM,FR,2024,6.23,PC_ENT,GE10
isoc_eb_ain2,N,E_AI_TTM,FR,2025,12.16,PC_ENT,GE10
isoc_eb_ain2,N,E_AI_TTM,HU,2021,1.09,PC_ENT,GE10
isoc_eb_ain2,N,E_AI_TTM,HU,2023,1.71,PC_ENT,GE10
isoc_eb_ain2,N,E_AI_TTM,HU,2024,3.2,PC_ENT,GE10
isoc_eb_ain2,N,E_AI_TTM,HU,2025,3.85,PC_ENT,GE10
isoc_eb_ain2,N,E_AI_TTM,IE,2021,5.35,PC_ENT,GE10
isoc_eb_ain2,N,E_AI_TTM,IE,2023,3.59,PC_ENT,GE10
isoc_eb_ain2,N,E_AI_TTM,IE,2024,11.07,PC_ENT,GE10
isoc_eb_ain2,N,E_AI_TTM,IE,2025,14.66,PC_ENT,GE10
isoc_eb_ain2,N,E_AI_TTM,IT,2021,1.88,PC_ENT,GE10
isoc_eb_ain2,N,E_AI_TTM,IT,2023,3.4,PC_ENT,GE10
isoc_eb_ain2,N,E_AI_TTM,IT,2024,4.55,PC_ENT,GE10
isoc_eb_ain2,N,E_AI_TTM,IT,2025,11.08,PC_ENT,GE10
isoc_eb_ain2,N,E_AI_TTM,NL,2021,3.68,PC_ENT,GE10
isoc_eb_ain2,N,E_AI_TTM,NL,2023,4.84,PC_ENT,GE10
isoc_eb_ain2,N,E_AI_TTM,NL,2024,15.48,PC_ENT,GE10
isoc_eb_ain2,N,E_AI_TTM,NL,2025,22.98,PC_ENT,GE10
isoc_eb_ain2,N,E_AI_TTM,PL,2021,1.09,PC_ENT,GE10
isoc_eb_ain2,N,E_AI_TTM,PL,2023,1.01,PC_ENT,GE10
isoc_eb_ain2,N,E_AI_TTM,PL,2024,1.62,PC_ENT,GE10
isoc_eb_ain2,N,E_AI_TTM,PL,2025,2.21,PC_ENT,GE10
isoc_eb_ain2,N,E_AI_TTM,PT,2021,5.63,PC_ENT,GE10
isoc_eb_ain2,N,E_AI_TTM,PT,2023,4.19,PC_ENT,GE10
isoc_eb_ain2,N,E_AI_TTM,PT,2024,6.57,PC_ENT,GE10
isoc_eb_ain2,N,E_AI_TTM,PT,2025,8.88,PC_ENT,GE10
isoc_eb_ain2,N,E_AI_TTM,RO,2021,2.23,PC_ENT,GE10
isoc_eb_ain2,N,E_AI_TTM,RO,2023,1.31,PC_ENT,GE10
isoc_eb_ain2,N,E_AI_TTM,RO,2024,2.92,PC_ENT,GE10
isoc_eb_ain2,N,E_AI_TTM,RO,2025,2.66,PC_ENT,GE10
isoc_eb_ain2,N,E_AI_TTM,SE,2021,2.42,PC_ENT,GE10
isoc_eb_ain2,N,E_AI_TTM,SE,2023,1.38,PC_ENT,GE10
isoc_eb_ain2,N,E_AI_TTM,SE,2024,16.3,PC_ENT,GE10
isoc_eb_ain2,N,E_AI_TTM,SE,2025,24.09,PC_ENT,GE10
isoc_eb_ain2,N,E_AI_TIR,AT,2021,2.55,PC_ENT,GE10
isoc_eb_ain2,N,E_AI_TIR,AT,2023,1.73,PC_ENT,GE10
isoc_eb_ain2,N,E_AI_TIR,AT,2024,3.51,PC_ENT,GE10
isoc_eb_ain2,N,E_AI_TIR,AT,2025,2.91,PC_ENT,GE10
isoc_eb_ain2,N,E_AI_TIR,BE,2021,1.23,PC_ENT,GE10
isoc_eb_ain2,N,E_AI_TIR,BE,2023,1.79,PC_ENT,GE10
isoc_eb_ain2,N,E_AI_TIR,BE,2024,2.11,PC_ENT,GE10
isoc_eb_ain2,N,E_AI_TIR,BE,2025,4.88,PC_ENT,GE10
isoc_eb_ain2,N,E_AI_TIR,CZ,2021,0.84,PC_ENT,GE10
isoc_eb_ain2,N,E_AI_TIR,CZ,2023,2.1,PC_ENT,GE10
isoc_eb_ain2,N,E_AI_TIR,CZ,2024,0.93,PC_ENT,GE10
isoc_eb_ain2,N,E_AI_TIR,CZ,2025,1.7,PC_ENT,GE10
isoc_eb_ain2,N,E_AI_TIR,DE,2021,2.18,PC_ENT,GE10
isoc_eb_ain2,N,E_AI_TIR,DE,2023,2.56,PC_ENT,GE10
isoc_eb_ain2,N,E_AI_TIR,DE,2024,5.39,PC_ENT,GE10
isoc_eb_ain2,N,E_AI_TIR,DE,2025,5.66,PC_ENT,GE10
isoc_eb_ain2,N,E_AI_TIR,DK,2021,1.97,PC_ENT,GE10
isoc_eb_ain2,N,E_AI_TIR,DK,2023,2.2,PC_ENT,GE10
isoc_eb_ain2,N,E_AI_TIR,DK,2024,3.57,PC_ENT,GE10
isoc_eb_ain2,N,E_AI_TIR,DK,2025,3.17,PC_ENT,GE10
isoc_eb_ain2,N,E_AI_TIR,EL,2021,0.99,PC_ENT,GE10
isoc_eb_ain2,N,E_AI_TIR,EL,2023,0.6,PC_ENT,GE10
isoc_eb_ain2,N,E_AI_TIR,EL,2024,4.35,PC_ENT,GE10
isoc_eb_ain2,N,E_AI_TIR,EL,2025,4.21,PC_ENT,GE10
isoc_eb_ain2,N,E_AI_TIR,ES,2021,1.66,PC_ENT,GE10
isoc_eb_ain2,N,E_AI_TIR,ES,2023,2.45,PC_ENT,GE10
isoc_eb_ain2,N,E_AI_TIR,ES,2024,1.45,PC_ENT,GE10
isoc_eb_ain2,N,E_AI_TIR,ES,2025,5.31,PC_ENT,GE10
isoc_eb_ain2,N,E_AI_TIR,EU27_2020,2021,1.88,PC_ENT,GE10
isoc_eb_ain2,N,E_AI_TIR,EU27_2020,2023,1.9,PC_ENT,GE10
isoc_eb_ain2,N,E_AI_TIR,EU27_2020,2024,2.96,PC_ENT,GE10
isoc_eb_ain2,N,E_AI_TIR,EU27_2020,2025,4.01,PC_ENT,GE10
isoc_eb_ain2,N,E_AI_TIR,FI,2021,9.32,PC_ENT,GE10
isoc_eb_ain2,N,E_AI_TIR,FI,2023,0.92,PC_ENT,GE10
isoc_eb_ain2,N,E_AI_TIR,FI,2024,2.03,PC_ENT,GE10
isoc_eb_ain2,N,E_AI_TIR,FI,2025,6.85,PC_ENT,GE10
isoc_eb_ain2,N,E_AI_TIR,FR,2021,1.82,PC_ENT,GE10
isoc_eb_ain2,N,E_AI_TIR,FR,2023,0.77,PC_ENT,GE10
isoc_eb_ain2,N,E_AI_TIR,FR,2024,1.07,PC_ENT,GE10
isoc_eb_ain2,N,E_AI_TIR,FR,2025,3.95,PC_ENT,GE10
isoc_eb_ain2,N,E_AI_TIR,HU,2021,1.02,PC_ENT,GE10
isoc_eb_ain2,N,E_AI_TIR,HU,2023,0.64,PC_ENT,GE10
isoc_eb_ain2,N,E_AI_TIR,HU,2024,1.58,PC_ENT,GE10
isoc_eb_ain2,N,E_AI_TIR,HU,2025,1.48,PC_ENT,GE10
isoc_eb_ain2,N,E_AI_TIR,IE,2021,0.25,PC_ENT,GE10
isoc_eb_ain2,N,E_AI_TIR,IE,2023,0.93,PC_ENT,GE10
isoc_eb_ain2,N,E_AI_TIR,IE,2024,6.73,PC_ENT,GE10
isoc_eb_ain2,N,E_AI_TIR,IE,2025,3.35,PC_ENT,GE10
isoc_eb_ain2,N,E_AI_TIR,IT,2021,1.19,PC_ENT,GE10
isoc_eb_ain2,N,E_AI_TIR,IT,2023,1.4,PC_ENT,GE10
isoc_eb_ain2,N,E_AI_TIR,IT,2024,1.5,PC_ENT,GE10
isoc_eb_ain2,N,E_AI_TIR,IT,2025,1.51,PC_ENT,GE10
isoc_eb_ain2,N,E_AI_TIR,NL,2021,2.3,PC_ENT,GE10
isoc_eb_ain2,N,E_AI_TIR,NL,2023,3.08,PC_ENT,GE10
isoc_eb_ain2,N,E_AI_TIR,NL,2024,3.33,PC_ENT,GE10
isoc_eb_ain2,N,E_AI_TIR,NL,2025,4.16,PC_ENT,GE10
isoc_eb_ain2,N,E_AI_TIR,PL,2021,0.97,PC_ENT,GE10
isoc_eb_ain2,N,E_AI_TIR,PL,2023,2.24,PC_ENT,GE10
isoc_eb_ain2,N,E_AI_TIR,PL,2024,2.46,PC_ENT,GE10
isoc_eb_ain2,N,E_AI_TIR,PL,2025,2.21,PC_ENT,GE10
isoc_eb_ain2,N,E_AI_TIR,PT,2021,4.49,PC_ENT,GE10
isoc_eb_ain2,N,E_AI_TIR,PT,2023,2.68,PC_ENT,GE10
isoc_eb_ain2,N,E_AI_TIR,PT,2024,1.79,PC_ENT,GE10
isoc_eb_ain2,N,E_AI_TIR,PT,2025,3.27,PC_ENT,GE10
isoc_eb_ain2,N,E_AI_TIR,RO,2021,0.81,PC_ENT,GE10
isoc_eb_ain2,N,E_AI_TIR,RO,2023,0.43,PC_ENT,GE10
isoc_eb_ain2,N,E_AI_TIR,RO,2024,1.49,PC_ENT,GE10
isoc_eb_ain2,N,E_AI_TIR,RO,2025,2.9,PC_ENT,GE10
isoc_eb_ain2,N,E_AI_TIR,SE,2021,0.41,PC_ENT,GE10
isoc_eb_ain2,N,E_AI_TIR,SE,2023,1.82,PC_ENT,GE10
isoc_eb_ain2,N,E_AI_TIR,SE,2024,2.44,PC_ENT,GE10
isoc_eb_ain2,N,E_AI_TIR,SE,2025,1.51,PC_ENT,GE10
isoc_eb_ain2,N,E_AI_TPVSG,AT,2025,10.96,PC_ENT,GE10
isoc_eb_ain2,N,E_AI_TPVSG,BE,2025,11.74,PC_ENT,GE10
isoc_eb_ain2,N,E_AI_TPVSG,CZ,2025,5.82,PC_ENT,GE10
isoc_eb_ain2,N,E_AI_TPVSG,DE,2025,13.19,PC_ENT,GE10
isoc_eb_ain2,N,E_AI_TPVSG,DK,2025,10.15,PC_ENT,GE10
isoc_eb_ain2,N,E_AI_TPVSG,EL,2025,4.95,PC_ENT,GE10
isoc_eb_ain2,N,E_AI_TPVSG,ES,2025,9.18,PC_ENT,GE10
isoc_eb_ain2,N,E_AI_TPVSG,EU27_2020,2025,9.48,PC_ENT,GE10
isoc_eb_ain2,N,E_AI_TPVSG,FI,2025,22.08,PC_ENT,GE10
isoc_eb_ain2,N,E_AI_TPVSG,FR,2025,8.69,PC_ENT,GE10
isoc_eb_ain2,N,E_AI_TPVSG,HU,2025,3.8,PC_ENT,GE10
isoc_eb_ain2,N,E_AI_TPVSG,IE,2025,6.77,PC_ENT,GE10
isoc_eb_ain2,N,E_AI_TPVSG,IT,2025,4.43,PC_ENT,GE10
isoc_eb_ain2,N,E_AI_TPVSG,NL,2025,13.35,PC_ENT,GE10
isoc_eb_ain2,N,E_AI_TPVSG,PL,2025,3.39,PC_ENT,GE10
isoc_eb_ain2,N,E_AI_TPVSG,PT,2025,6.0,PC_ENT,GE10
isoc_eb_ain2,N,E_AI_TPVSG,RO,2025,2.6,PC_ENT,GE10
isoc_eb_ain2,N,E_AI_TPVSG,SE,2025,16.85,PC_ENT,GE10
