indicator,iso3,country,year,value
GB.XPD.RSDV.GD.ZS,AFW,Africa Western and Central,2019,0.277536756220093
GB.XPD.RSDV.GD.ZS,ARB,Arab World,2021,0.677204938802721
GB.XPD.RSDV.GD.ZS,ARB,Arab World,2020,0.692556590528382
GB.XPD.RSDV.GD.ZS,CEB,Central Europe and the Baltics,2023,1.34182612383603
GB.XPD.RSDV.GD.ZS,CEB,Central Europe and the Baltics,2022,1.29826358701501
GB.XPD.RSDV.GD.ZS,CEB,Central Europe and the Baltics,2021,1.31378375201668
GB.XPD.RSDV.GD.ZS,CEB,Central Europe and the Baltics,2020,1.29475897248932
GB.XPD.RSDV.GD.ZS,CEB,Central Europe and the Baltics,2019,1.23739742864273
GB.XPD.RSDV.GD.ZS,CEB,Central Europe and the Baltics,2018,1.18518867780574
GB.XPD.RSDV.GD.ZS,CEB,Central Europe and the Baltics,2017,1.08031757970669
GB.XPD.RSDV.GD.ZS,CEB,Central Europe and the Baltics,2016,1.02183730554662
GB.XPD.RSDV.GD.ZS,CEB,Central Europe and the Baltics,2015,1.13751441268097
GB.XPD.RSDV.GD.ZS,EAR,Early-demographic dividend,2020,0.801477422530873
GB.XPD.RSDV.GD.ZS,EAR,Early-demographic dividend,2019,0.740377199040134
GB.XPD.RSDV.GD.ZS,EAR,Early-demographic dividend,2018,0.737266646290267
GB.XPD.RSDV.GD.ZS,EAR,Early-demographic dividend,2017,0.717102657020471
GB.XPD.RSDV.GD.ZS,EAR,Early-demographic dividend,2016,0.752969757195789
GB.XPD.RSDV.GD.ZS,EAR,Early-demographic dividend,2015,0.719887001483297
GB.XPD.RSDV.GD.ZS,EAS,East Asia & Pacific,2023,2.77833006240947
GB.XPD.RSDV.GD.ZS,EAS,East Asia & Pacific,2022,2.71717559947169
GB.XPD.RSDV.GD.ZS,EAS,East Asia & Pacific,2021,2.57649455499986
GB.XPD.RSDV.GD.ZS,EAS,East Asia & Pacific,2020,2.50733914272744
GB.XPD.RSDV.GD.ZS,EAS,East Asia & Pacific,2019,2.33385397245774
GB.XPD.RSDV.GD.ZS,EAS,East Asia & Pacific,2018,2.32503653024289
GB.XPD.RSDV.GD.ZS,EAS,East Asia & Pacific,2017,2.28803085567583
GB.XPD.RSDV.GD.ZS,EAS,East Asia & Pacific,2016,2.30888797558082
GB.XPD.RSDV.GD.ZS,EAS,East Asia & Pacific,2015,2.29342659835787
GB.XPD.RSDV.GD.ZS,EAP,East Asia & Pacific (excluding high income),2023,2.47582029067574
GB.XPD.RSDV.GD.ZS,EAP,East Asia & Pacific (excluding high income),2022,2.41879972397241
GB.XPD.RSDV.GD.ZS,EAP,East Asia & Pacific (excluding high income),2021,2.30357679372756
GB.XPD.RSDV.GD.ZS,EAP,East Asia & Pacific (excluding high income),2020,2.11819098023791
GB.XPD.RSDV.GD.ZS,EAP,East Asia & Pacific (excluding high income),2019,1.95159268838599
GB.XPD.RSDV.GD.ZS,EAP,East Asia & Pacific (excluding high income),2018,1.88271981025066
GB.XPD.RSDV.GD.ZS,EAP,East Asia & Pacific (excluding high income),2017,1.87006122731623
GB.XPD.RSDV.GD.ZS,EAP,East Asia & Pacific (excluding high income),2016,1.87088501634354
GB.XPD.RSDV.GD.ZS,EAP,East Asia & Pacific (excluding high income),2015,1.87217417493176
GB.XPD.RSDV.GD.ZS,TEA,East Asia & Pacific (IDA & IBRD countries),2023,2.47582029067574
GB.XPD.RSDV.GD.ZS,TEA,East Asia & Pacific (IDA & IBRD countries),2022,2.41879972397241
GB.XPD.RSDV.GD.ZS,TEA,East Asia & Pacific (IDA & IBRD countries),2021,2.30357679372756
GB.XPD.RSDV.GD.ZS,TEA,East Asia & Pacific (IDA & IBRD countries),2020,2.11819098023791
GB.XPD.RSDV.GD.ZS,TEA,East Asia & Pacific (IDA & IBRD countries),2019,1.95159268838599
GB.XPD.RSDV.GD.ZS,TEA,East Asia & Pacific (IDA & IBRD countries),2018,1.88271981025066
GB.XPD.RSDV.GD.ZS,TEA,East Asia & Pacific (IDA & IBRD countries),2017,1.87006122731623
GB.XPD.RSDV.GD.ZS,TEA,East Asia & Pacific (IDA & IBRD countries),2016,1.87088501634354
GB.XPD.RSDV.GD.ZS,TEA,East Asia & Pacific (IDA & IBRD countries),2015,1.87217417493176
GB.XPD.RSDV.GD.ZS,EMU,Euro area,2023,2.2895144565081
GB.XPD.RSDV.GD.ZS,EMU,Euro area,2022,2.25107966461214
GB.XPD.RSDV.GD.ZS,EMU,Euro area,2021,2.25891301253763
GB.XPD.RSDV.GD.ZS,EMU,Euro area,2020,2.30052592343969
GB.XPD.RSDV.GD.ZS,EMU,Euro area,2019,2.2280734958391
GB.XPD.RSDV.GD.ZS,EMU,Euro area,2018,2.18550599898237
GB.XPD.RSDV.GD.ZS,EMU,Euro area,2017,2.15252636077938
GB.XPD.RSDV.GD.ZS,EMU,Euro area,2016,2.1135197397057
GB.XPD.RSDV.GD.ZS,EMU,Euro area,2015,2.10986340300616
GB.XPD.RSDV.GD.ZS,ECS,Europe & Central Asia,2023,2.14079503057383
GB.XPD.RSDV.GD.ZS,ECS,Europe & Central Asia,2022,2.05658823763358
GB.XPD.RSDV.GD.ZS,ECS,Europe & Central Asia,2021,2.16876429997001
GB.XPD.RSDV.GD.ZS,ECS,Europe & Central Asia,2020,2.18817615139881
GB.XPD.RSDV.GD.ZS,ECS,Europe & Central Asia,2019,2.12147731454218
GB.XPD.RSDV.GD.ZS,ECS,Europe & Central Asia,2018,2.06483077448666
GB.XPD.RSDV.GD.ZS,ECS,Europe & Central Asia,2017,2.02586405984117
GB.XPD.RSDV.GD.ZS,ECS,Europe & Central Asia,2016,1.972025181027
GB.XPD.RSDV.GD.ZS,ECS,Europe & Central Asia,2015,1.98733152641102
GB.XPD.RSDV.GD.ZS,ECA,Europe & Central Asia (excluding high income),2023,0.904770346010955
GB.XPD.RSDV.GD.ZS,ECA,Europe & Central Asia (excluding high income),2022,0.813950450351486
GB.XPD.RSDV.GD.ZS,ECA,Europe & Central Asia (excluding high income),2021,0.864415852216202
GB.XPD.RSDV.GD.ZS,ECA,Europe & Central Asia (excluding high income),2020,0.860491599868224
GB.XPD.RSDV.GD.ZS,ECA,Europe & Central Asia (excluding high income),2019,0.837734371196345
GB.XPD.RSDV.GD.ZS,ECA,Europe & Central Asia (excluding high income),2018,0.837659801285922
GB.XPD.RSDV.GD.ZS,ECA,Europe & Central Asia (excluding high income),2017,0.811464458952922
GB.XPD.RSDV.GD.ZS,ECA,Europe & Central Asia (excluding high income),2016,0.797000746678989
GB.XPD.RSDV.GD.ZS,ECA,Europe & Central Asia (excluding high income),2015,0.689650529447458
GB.XPD.RSDV.GD.ZS,TEC,Europe & Central Asia (IDA & IBRD countries),2023,0.993324007184082
GB.XPD.RSDV.GD.ZS,TEC,Europe & Central Asia (IDA & IBRD countries),2022,0.928838565644767
GB.XPD.RSDV.GD.ZS,TEC,Europe & Central Asia (IDA & IBRD countries),2021,0.966865197619736
GB.XPD.RSDV.GD.ZS,TEC,Europe & Central Asia (IDA & IBRD countries),2020,1.00845409233774
GB.XPD.RSDV.GD.ZS,TEC,Europe & Central Asia (IDA & IBRD countries),2019,0.968313707742464
GB.XPD.RSDV.GD.ZS,TEC,Europe & Central Asia (IDA & IBRD countries),2018,0.93200573035798
GB.XPD.RSDV.GD.ZS,TEC,Europe & Central Asia (IDA & IBRD countries),2017,0.944309610200855
GB.XPD.RSDV.GD.ZS,TEC,Europe & Central Asia (IDA & IBRD countries),2016,0.915249173262369
GB.XPD.RSDV.GD.ZS,TEC,Europe & Central Asia (IDA & IBRD countries),2015,0.880670374935927
GB.XPD.RSDV.GD.ZS,EUU,European Union,2023,2.26277335792334
GB.XPD.RSDV.GD.ZS,EUU,European Union,2022,2.22738255907949
GB.XPD.RSDV.GD.ZS,EUU,European Union,2021,2.23759475780294
GB.XPD.RSDV.GD.ZS,EUU,European Union,2020,2.27883471874776
GB.XPD.RSDV.GD.ZS,EUU,European Union,2019,2.20604524104576
GB.XPD.RSDV.GD.ZS,EUU,European Union,2018,2.16898015703787
GB.XPD.RSDV.GD.ZS,EUU,European Union,2017,2.13740034854764
GB.XPD.RSDV.GD.ZS,EUU,European Union,2016,2.10185669802771
GB.XPD.RSDV.GD.ZS,EUU,European Union,2015,2.10239096009599
GB.XPD.RSDV.GD.ZS,,High income,2023,2.87543396727734
GB.XPD.RSDV.GD.ZS,,High income,2022,2.84261638625838
GB.XPD.RSDV.GD.ZS,,High income,2021,2.81076375254701
GB.XPD.RSDV.GD.ZS,,High income,2020,2.86059219799692
GB.XPD.RSDV.GD.ZS,,High income,2019,2.68552170916288
GB.XPD.RSDV.GD.ZS,,High income,2018,2.60560777709804
GB.XPD.RSDV.GD.ZS,,High income,2017,2.53253279810324
GB.XPD.RSDV.GD.ZS,,High income,2016,2.50278193883138
GB.XPD.RSDV.GD.ZS,,High income,2015,2.44759233839061
GB.XPD.RSDV.GD.ZS,IBD,IBRD only,2023,1.8752807844862
GB.XPD.RSDV.GD.ZS,IBD,IBRD only,2022,1.83450349802395
GB.XPD.RSDV.GD.ZS,IBD,IBRD only,2021,1.77054384540358
GB.XPD.RSDV.GD.ZS,IBD,IBRD only,2020,1.58734956120548
GB.XPD.RSDV.GD.ZS,IBD,IBRD only,2019,1.43141463649453
GB.XPD.RSDV.GD.ZS,IBD,IBRD only,2018,1.38963654884501
GB.XPD.RSDV.GD.ZS,IBD,IBRD only,2017,1.33446805150401
GB.XPD.RSDV.GD.ZS,IBD,IBRD only,2016,1.35801073355302
GB.XPD.RSDV.GD.ZS,IBD,IBRD only,2015,1.34020427008938
GB.XPD.RSDV.GD.ZS,IBT,IDA & IBRD total,2023,1.83676717753263
GB.XPD.RSDV.GD.ZS,IBT,IDA & IBRD total,2022,1.81332330587806
GB.XPD.RSDV.GD.ZS,IBT,IDA & IBRD total,2021,1.74106452597515
GB.XPD.RSDV.GD.ZS,IBT,IDA & IBRD total,2020,1.5739543653088
GB.XPD.RSDV.GD.ZS,IBT,IDA & IBRD total,2019,1.38371472102598
GB.XPD.RSDV.GD.ZS,IBT,IDA & IBRD total,2018,1.37742122178945
GB.XPD.RSDV.GD.ZS,IBT,IDA & IBRD total,2017,1.30445207761074
GB.XPD.RSDV.GD.ZS,IBT,IDA & IBRD total,2016,1.34300113319404
GB.XPD.RSDV.GD.ZS,IBT,IDA & IBRD total,2015,1.30949018439984
GB.XPD.RSDV.GD.ZS,IDB,IDA blend,2019,0.239077012351723
GB.XPD.RSDV.GD.ZS,LTE,Late-demographic dividend,2023,2.09034358877655
GB.XPD.RSDV.GD.ZS,LTE,Late-demographic dividend,2022,2.02080468716553
GB.XPD.RSDV.GD.ZS,LTE,Late-demographic dividend,2021,1.96116789365958
GB.XPD.RSDV.GD.ZS,LTE,Late-demographic dividend,2020,1.9287748714655
GB.XPD.RSDV.GD.ZS,LTE,Late-demographic dividend,2019,1.76617643616171
GB.XPD.RSDV.GD.ZS,LTE,Late-demographic dividend,2018,1.6710773045223
GB.XPD.RSDV.GD.ZS,LTE,Late-demographic dividend,2017,1.64865821073684
GB.XPD.RSDV.GD.ZS,LTE,Late-demographic dividend,2016,1.64436355816066
GB.XPD.RSDV.GD.ZS,LTE,Late-demographic dividend,2015,1.58029436811179
GB.XPD.RSDV.GD.ZS,LCN,Latin America & Caribbean,2023,0.682681546543488
GB.XPD.RSDV.GD.ZS,LCN,Latin America & Caribbean,2022,0.657401382768952
GB.XPD.RSDV.GD.ZS,LCN,Latin America & Caribbean,2021,0.617603270264567
GB.XPD.RSDV.GD.ZS,LCN,Latin America & Caribbean,2020,0.644615222117082
GB.XPD.RSDV.GD.ZS,LCN,Latin America & Caribbean,2019,0.626038248103588
GB.XPD.RSDV.GD.ZS,LCN,Latin America & Caribbean,2018,0.638182174027151
GB.XPD.RSDV.GD.ZS,LCN,Latin America & Caribbean,2017,0.647229574033165
GB.XPD.RSDV.GD.ZS,LCN,Latin America & Caribbean,2016,0.687370788747671
GB.XPD.RSDV.GD.ZS,LCN,Latin America & Caribbean,2015,0.728873328202675
GB.XPD.RSDV.GD.ZS,LAC,Latin America & Caribbean (excluding high income),2023,0.696974020068996
GB.XPD.RSDV.GD.ZS,LAC,Latin America & Caribbean (excluding high income),2022,0.692892011042687
GB.XPD.RSDV.GD.ZS,LAC,Latin America & Caribbean (excluding high income),2021,0.65529864902249
GB.XPD.RSDV.GD.ZS,LAC,Latin America & Caribbean (excluding high income),2020,0.68037634277728
GB.XPD.RSDV.GD.ZS,LAC,Latin America & Caribbean (excluding high income),2019,0.654956262674072
GB.XPD.RSDV.GD.ZS,LAC,Latin America & Caribbean (excluding high income),2018,0.6718672554356
GB.XPD.RSDV.GD.ZS,LAC,Latin America & Caribbean (excluding high income),2017,0.679763769120232
GB.XPD.RSDV.GD.ZS,LAC,Latin America & Caribbean (excluding high income),2016,0.725578487221862
GB.XPD.RSDV.GD.ZS,LAC,Latin America & Caribbean (excluding high income),2015,0.776243138884855
GB.XPD.RSDV.GD.ZS,TLA,Latin America & the Caribbean (IDA & IBRD countries),2023,0.682681546543488
GB.XPD.RSDV.GD.ZS,TLA,Latin America & the Caribbean (IDA & IBRD countries),2022,0.657401382768952
GB.XPD.RSDV.GD.ZS,TLA,Latin America & the Caribbean (IDA & IBRD countries),2021,0.617603270264567
GB.XPD.RSDV.GD.ZS,TLA,Latin America & the Caribbean (IDA & IBRD countries),2020,0.647968615418545
GB.XPD.RSDV.GD.ZS,TLA,Latin America & the Caribbean (IDA & IBRD countries),2019,0.627601765260088
GB.XPD.RSDV.GD.ZS,TLA,Latin America & the Caribbean (IDA & IBRD countries),2018,0.640235962347604
GB.XPD.RSDV.GD.ZS,TLA,Latin America & the Caribbean (IDA & IBRD countries),2017,0.651330024451738
GB.XPD.RSDV.GD.ZS,TLA,Latin America & the Caribbean (IDA & IBRD countries),2016,0.694354703019606
GB.XPD.RSDV.GD.ZS,TLA,Latin America & the Caribbean (IDA & IBRD countries),2015,0.741071136453956
GB.XPD.RSDV.GD.ZS,LMY,Low & middle income,2023,1.94660854100118
GB.XPD.RSDV.GD.ZS,LMY,Low & middle income,2022,1.94940550009888
GB.XPD.RSDV.GD.ZS,LMY,Low & middle income,2021,1.84896536423247
GB.XPD.RSDV.GD.ZS,LMY,Low & middle income,2020,1.63624813052416
GB.XPD.RSDV.GD.ZS,LMY,Low & middle income,2019,1.42946991299371
GB.XPD.RSDV.GD.ZS,LMY,Low & middle income,2018,1.43391120594534
GB.XPD.RSDV.GD.ZS,LMY,Low & middle income,2017,1.3466308945359
GB.XPD.RSDV.GD.ZS,LMY,Low & middle income,2016,1.39111979423271
GB.XPD.RSDV.GD.ZS,LMY,Low & middle income,2015,1.35323895626264
GB.XPD.RSDV.GD.ZS,,Lower middle income,2019,0.547403081220086
GB.XPD.RSDV.GD.ZS,,Lower middle income,2017,0.583738806545404
GB.XPD.RSDV.GD.ZS,MEA,"Middle East, North Africa, Afghanistan & Pakistan",2021,1.32887737497567
GB.XPD.RSDV.GD.ZS,MNA,"Middle East, North Africa, Afghanistan & Pakistan (excluding high income)",2021,0.538755837378145
GB.XPD.RSDV.GD.ZS,MNA,"Middle East, North Africa, Afghanistan & Pakistan (excluding high income)",2019,0.493250414559265
GB.XPD.RSDV.GD.ZS,MNA,"Middle East, North Africa, Afghanistan & Pakistan (excluding high income)",2017,0.493582619748358
GB.XPD.RSDV.GD.ZS,MNA,"Middle East, North Africa, Afghanistan & Pakistan (excluding high income)",2015,0.39337321029174
GB.XPD.RSDV.GD.ZS,TMN,"Middle East, North Africa, Afghanistan & Pakistan (IDA & IBRD)",2021,0.538755837378145
GB.XPD.RSDV.GD.ZS,TMN,"Middle East, North Africa, Afghanistan & Pakistan (IDA & IBRD)",2019,0.493250414559265
GB.XPD.RSDV.GD.ZS,TMN,"Middle East, North Africa, Afghanistan & Pakistan (IDA & IBRD)",2017,0.493582619748358
GB.XPD.RSDV.GD.ZS,TMN,"Middle East, North Africa, Afghanistan & Pakistan (IDA & IBRD)",2015,0.39337321029174
GB.XPD.RSDV.GD.ZS,MIC,Middle income,2023,1.95286788905516
GB.XPD.RSDV.GD.ZS,MIC,Middle income,2022,1.95110266746545
GB.XPD.RSDV.GD.ZS,MIC,Middle income,2021,1.85162871790729
GB.XPD.RSDV.GD.ZS,MIC,Middle income,2020,1.63718773615774
GB.XPD.RSDV.GD.ZS,MIC,Middle income,2019,1.43186858175855
GB.XPD.RSDV.GD.ZS,MIC,Middle income,2018,1.43413395493281
GB.XPD.RSDV.GD.ZS,MIC,Middle income,2017,1.35178304718127
GB.XPD.RSDV.GD.ZS,MIC,Middle income,2016,1.39282727750303
GB.XPD.RSDV.GD.ZS,MIC,Middle income,2015,1.35746626069656
GB.XPD.RSDV.GD.ZS,NAC,North America,2023,3.32735501728451
GB.XPD.RSDV.GD.ZS,NAC,North America,2022,3.3569508936103
GB.XPD.RSDV.GD.ZS,NAC,North America,2021,3.34336470006787
GB.XPD.RSDV.GD.ZS,NAC,North America,2020,3.31029130044039
GB.XPD.RSDV.GD.ZS,NAC,North America,2019,3.03819831011577
GB.XPD.RSDV.GD.ZS,NAC,North America,2018,2.89216041080928
GB.XPD.RSDV.GD.ZS,NAC,North America,2017,2.79036479453057
GB.XPD.RSDV.GD.ZS,NAC,North America,2016,2.75352453100094
GB.XPD.RSDV.GD.ZS,NAC,North America,2015,2.68778930567554
GB.XPD.RSDV.GD.ZS,OED,OECD members,2023,2.93439075279869
GB.XPD.RSDV.GD.ZS,OED,OECD members,2022,2.94231137326631
GB.XPD.RSDV.GD.ZS,OED,OECD members,2021,2.89422761827735
GB.XPD.RSDV.GD.ZS,OED,OECD members,2020,2.91948235220053
GB.XPD.RSDV.GD.ZS,OED,OECD members,2019,2.70936776686714
GB.XPD.RSDV.GD.ZS,OED,OECD members,2018,2.64055443669157
GB.XPD.RSDV.GD.ZS,OED,OECD members,2017,2.53598811696777
GB.XPD.RSDV.GD.ZS,OED,OECD members,2016,2.51043341868186
GB.XPD.RSDV.GD.ZS,OED,OECD members,2015,2.46125133944572
GB.XPD.RSDV.GD.ZS,OSS,Other small states,2023,1.36659113608658
GB.XPD.RSDV.GD.ZS,OSS,Other small states,2022,1.37990760466746
GB.XPD.RSDV.GD.ZS,OSS,Other small states,2021,1.42042860813961
GB.XPD.RSDV.GD.ZS,OSS,Other small states,2020,1.35332602739128
GB.XPD.RSDV.GD.ZS,OSS,Other small states,2019,1.20286540759596
GB.XPD.RSDV.GD.ZS,OSS,Other small states,2018,0.99117898805138
GB.XPD.RSDV.GD.ZS,OSS,Other small states,2017,1.04388247617076
GB.XPD.RSDV.GD.ZS,PST,Post-demographic dividend,2023,3.02512839178151
GB.XPD.RSDV.GD.ZS,PST,Post-demographic dividend,2022,3.02511266035915
GB.XPD.RSDV.GD.ZS,PST,Post-demographic dividend,2021,2.97151446683273
GB.XPD.RSDV.GD.ZS,PST,Post-demographic dividend,2020,3.00978778780676
GB.XPD.RSDV.GD.ZS,PST,Post-demographic dividend,2019,2.79305741904112
GB.XPD.RSDV.GD.ZS,PST,Post-demographic dividend,2018,2.73396900584431
GB.XPD.RSDV.GD.ZS,PST,Post-demographic dividend,2017,2.62454254829446
GB.XPD.RSDV.GD.ZS,PST,Post-demographic dividend,2016,2.60341427284485
GB.XPD.RSDV.GD.ZS,PST,Post-demographic dividend,2015,2.55813343457579
GB.XPD.RSDV.GD.ZS,SST,Small states,2018,0.853701889474843
GB.XPD.RSDV.GD.ZS,SAS,South Asia,2020,0.629398082170943
GB.XPD.RSDV.GD.ZS,SAS,South Asia,2019,0.65942
GB.XPD.RSDV.GD.ZS,SAS,South Asia,2018,0.64176002005904
GB.XPD.RSDV.GD.ZS,SAS,South Asia,2017,0.647201451866441
GB.XPD.RSDV.GD.ZS,SAS,South Asia,2016,0.649546154608078
GB.XPD.RSDV.GD.ZS,SAS,South Asia,2015,0.670154902767671
GB.XPD.RSDV.GD.ZS,TSA,South Asia (IDA & IBRD),2020,0.629398082170943
GB.XPD.RSDV.GD.ZS,TSA,South Asia (IDA & IBRD),2019,0.65942
GB.XPD.RSDV.GD.ZS,TSA,South Asia (IDA & IBRD),2018,0.64176002005904
GB.XPD.RSDV.GD.ZS,TSA,South Asia (IDA & IBRD),2017,0.647201451866441
GB.XPD.RSDV.GD.ZS,TSA,South Asia (IDA & IBRD),2016,0.649546154608078
GB.XPD.RSDV.GD.ZS,TSA,South Asia (IDA & IBRD),2015,0.670154902767671
GB.XPD.RSDV.GD.ZS,,Upper middle income,2023,2.00770643673343
GB.XPD.RSDV.GD.ZS,,Upper middle income,2022,1.98875081975164
GB.XPD.RSDV.GD.ZS,,Upper middle income,2021,1.90425559778497
GB.XPD.RSDV.GD.ZS,,Upper middle income,2020,1.77593057997441
GB.XPD.RSDV.GD.ZS,,Upper middle income,2019,1.59658562157875
GB.XPD.RSDV.GD.ZS,,Upper middle income,2018,1.54528453023653
GB.XPD.RSDV.GD.ZS,,Upper middle income,2017,1.47566979445011
GB.XPD.RSDV.GD.ZS,,Upper middle income,2016,1.50912401852283
GB.XPD.RSDV.GD.ZS,,Upper middle income,2015,1.47254913257101
GB.XPD.RSDV.GD.ZS,WLD,World,2023,2.59737836465431
GB.XPD.RSDV.GD.ZS,WLD,World,2022,2.5711591602204
GB.XPD.RSDV.GD.ZS,WLD,World,2021,2.5227995854217
GB.XPD.RSDV.GD.ZS,WLD,World,2020,2.45606936077903
GB.XPD.RSDV.GD.ZS,WLD,World,2019,2.26339308318271
GB.XPD.RSDV.GD.ZS,WLD,World,2018,2.21817463707231
GB.XPD.RSDV.GD.ZS,WLD,World,2017,2.14199917077902
GB.XPD.RSDV.GD.ZS,WLD,World,2016,2.14865606825884
GB.XPD.RSDV.GD.ZS,WLD,World,2015,2.10431830423067
GB.XPD.RSDV.GD.ZS,ALB,Albania,2022,0.19997
GB.XPD.RSDV.GD.ZS,ALB,Albania,2021,0.18998
GB.XPD.RSDV.GD.ZS,DZA,Algeria,2024,0.44395
GB.XPD.RSDV.GD.ZS,DZA,Algeria,2023,0.37787
GB.XPD.RSDV.GD.ZS,DZA,Algeria,2017,0.47865
GB.XPD.RSDV.GD.ZS,AND,Andorra,2022,0.15818
GB.XPD.RSDV.GD.ZS,AGO,Angola,2016,0.03229
GB.XPD.RSDV.GD.ZS,ARG,Argentina,2023,0.60111
GB.XPD.RSDV.GD.ZS,ARG,Argentina,2022,0.54951
GB.XPD.RSDV.GD.ZS,ARG,Argentina,2021,0.5236
GB.XPD.RSDV.GD.ZS,ARG,Argentina,2020,0.54126
GB.XPD.RSDV.GD.ZS,ARG,Argentina,2019,0.47813
GB.XPD.RSDV.GD.ZS,ARG,Argentina,2018,0.4883
GB.XPD.RSDV.GD.ZS,ARG,Argentina,2017,0.55632
GB.XPD.RSDV.GD.ZS,ARG,Argentina,2016,0.55815
GB.XPD.RSDV.GD.ZS,ARG,Argentina,2015,0.62262
GB.XPD.RSDV.GD.ZS,ARM,Armenia,2024,0.2861
GB.XPD.RSDV.GD.ZS,ARM,Armenia,2023,0.1821
GB.XPD.RSDV.GD.ZS,ARM,Armenia,2022,0.20955
GB.XPD.RSDV.GD.ZS,ARM,Armenia,2021,0.20557
GB.XPD.RSDV.GD.ZS,ARM,Armenia,2020,0.2092
GB.XPD.RSDV.GD.ZS,ARM,Armenia,2019,0.17854
GB.XPD.RSDV.GD.ZS,ARM,Armenia,2018,0.18876
GB.XPD.RSDV.GD.ZS,ARM,Armenia,2017,0.22788
GB.XPD.RSDV.GD.ZS,ARM,Armenia,2016,0.23305
GB.XPD.RSDV.GD.ZS,ARM,Armenia,2015,0.25002
GB.XPD.RSDV.GD.ZS,AUS,Australia,2021,1.85783
GB.XPD.RSDV.GD.ZS,AUS,Australia,2019,1.82826
GB.XPD.RSDV.GD.ZS,AUS,Australia,2017,1.88102
GB.XPD.RSDV.GD.ZS,AUS,Australia,2015,1.91969
GB.XPD.RSDV.GD.ZS,AUT,Austria,2023,3.25517
GB.XPD.RSDV.GD.ZS,AUT,Austria,2022,3.17775
GB.XPD.RSDV.GD.ZS,AUT,Austria,2021,3.25565
GB.XPD.RSDV.GD.ZS,AUT,Austria,2020,3.20758
GB.XPD.RSDV.GD.ZS,AUT,Austria,2019,3.14405
GB.XPD.RSDV.GD.ZS,AUT,Austria,2018,3.10828
GB.XPD.RSDV.GD.ZS,AUT,Austria,2017,3.07376
GB.XPD.RSDV.GD.ZS,AUT,Austria,2016,3.13356
GB.XPD.RSDV.GD.ZS,AUT,Austria,2015,3.06917
GB.XPD.RSDV.GD.ZS,AZE,Azerbaijan,2024,0.20778
GB.XPD.RSDV.GD.ZS,AZE,Azerbaijan,2023,0.1816
GB.XPD.RSDV.GD.ZS,AZE,Azerbaijan,2022,0.1513
GB.XPD.RSDV.GD.ZS,AZE,Azerbaijan,2021,0.20836
GB.XPD.RSDV.GD.ZS,AZE,Azerbaijan,2020,0.2239
GB.XPD.RSDV.GD.ZS,AZE,Azerbaijan,2019,0.20013
GB.XPD.RSDV.GD.ZS,AZE,Azerbaijan,2018,0.18416
GB.XPD.RSDV.GD.ZS,AZE,Azerbaijan,2017,0.18468
GB.XPD.RSDV.GD.ZS,AZE,Azerbaijan,2016,0.20637
GB.XPD.RSDV.GD.ZS,AZE,Azerbaijan,2015,0.22232
GB.XPD.RSDV.GD.ZS,BHR,Bahrain,2024,0.19327
GB.XPD.RSDV.GD.ZS,BLR,Belarus,2024,0.5872
GB.XPD.RSDV.GD.ZS,BLR,Belarus,2023,0.57348
GB.XPD.RSDV.GD.ZS,BLR,Belarus,2022,0.47477
GB.XPD.RSDV.GD.ZS,BLR,Belarus,2021,0.45981
GB.XPD.RSDV.GD.ZS,BLR,Belarus,2020,0.53901
GB.XPD.RSDV.GD.ZS,BLR,Belarus,2019,0.57733
GB.XPD.RSDV.GD.ZS,BLR,Belarus,2018,0.60443
GB.XPD.RSDV.GD.ZS,BLR,Belarus,2017,0.58411
GB.XPD.RSDV.GD.ZS,BLR,Belarus,2016,0.50063
GB.XPD.RSDV.GD.ZS,BLR,Belarus,2015,0.49999
GB.XPD.RSDV.GD.ZS,BEL,Belgium,2023,3.27235
GB.XPD.RSDV.GD.ZS,BEL,Belgium,2022,3.19592
GB.XPD.RSDV.GD.ZS,BEL,Belgium,2021,3.40589
GB.XPD.RSDV.GD.ZS,BEL,Belgium,2020,3.36823
GB.XPD.RSDV.GD.ZS,BEL,Belgium,2019,3.15154
GB.XPD.RSDV.GD.ZS,BEL,Belgium,2018,2.86365
GB.XPD.RSDV.GD.ZS,BEL,Belgium,2017,2.67654
GB.XPD.RSDV.GD.ZS,BEL,Belgium,2016,2.53291
GB.XPD.RSDV.GD.ZS,BEL,Belgium,2015,2.43496
GB.XPD.RSDV.GD.ZS,BMU,Bermuda,2020,0.22546
GB.XPD.RSDV.GD.ZS,BMU,Bermuda,2019,0.26451
GB.XPD.RSDV.GD.ZS,BMU,Bermuda,2018,0.22851
GB.XPD.RSDV.GD.ZS,BMU,Bermuda,2015,0.19507
GB.XPD.RSDV.GD.ZS,BTN,Bhutan,2024,0.09979
GB.XPD.RSDV.GD.ZS,BTN,Bhutan,2023,0.10787
GB.XPD.RSDV.GD.ZS,BOL,Bolivia,2021,0.06308
GB.XPD.RSDV.GD.ZS,BOL,Bolivia,2019,0.06643
GB.XPD.RSDV.GD.ZS,BOL,Bolivia,2017,0.07627
GB.XPD.RSDV.GD.ZS,BIH,Bosnia and Herzegovina,2024,0.21437
GB.XPD.RSDV.GD.ZS,BIH,Bosnia and Herzegovina,2023,0.18853
GB.XPD.RSDV.GD.ZS,BIH,Bosnia and Herzegovina,2022,0.18743
GB.XPD.RSDV.GD.ZS,BIH,Bosnia and Herzegovina,2021,0.19035
GB.XPD.RSDV.GD.ZS,BIH,Bosnia and Herzegovina,2020,0.20325
GB.XPD.RSDV.GD.ZS,BIH,Bosnia and Herzegovina,2019,0.19001
GB.XPD.RSDV.GD.ZS,BIH,Bosnia and Herzegovina,2018,0.19199
GB.XPD.RSDV.GD.ZS,BIH,Bosnia and Herzegovina,2017,0.1978
GB.XPD.RSDV.GD.ZS,BIH,Bosnia and Herzegovina,2016,0.21337
GB.XPD.RSDV.GD.ZS,BIH,Bosnia and Herzegovina,2015,0.21603
GB.XPD.RSDV.GD.ZS,BRA,Brazil,2023,1.1938
GB.XPD.RSDV.GD.ZS,BRA,Brazil,2022,1.18873
GB.XPD.RSDV.GD.ZS,BRA,Brazil,2021,1.13371
GB.XPD.RSDV.GD.ZS,BRA,Brazil,2020,1.21907
GB.XPD.RSDV.GD.ZS,BRA,Brazil,2019,1.15115
GB.XPD.RSDV.GD.ZS,BRA,Brazil,2018,1.15016
GB.XPD.RSDV.GD.ZS,BRA,Brazil,2017,1.1175
GB.XPD.RSDV.GD.ZS,BRA,Brazil,2016,1.19584
GB.XPD.RSDV.GD.ZS,BRA,Brazil,2015,1.28464
GB.XPD.RSDV.GD.ZS,BRN,Brunei Darussalam,2018,0.27764
GB.XPD.RSDV.GD.ZS,BGR,Bulgaria,2023,0.79224
GB.XPD.RSDV.GD.ZS,BGR,Bulgaria,2022,0.75174
GB.XPD.RSDV.GD.ZS,BGR,Bulgaria,2021,0.76933
GB.XPD.RSDV.GD.ZS,BGR,Bulgaria,2020,0.84549
GB.XPD.RSDV.GD.ZS,BGR,Bulgaria,2019,0.83576
GB.XPD.RSDV.GD.ZS,BGR,Bulgaria,2018,0.75505
GB.XPD.RSDV.GD.ZS,BGR,Bulgaria,2017,0.74037
GB.XPD.RSDV.GD.ZS,BGR,Bulgaria,2016,0.77009
GB.XPD.RSDV.GD.ZS,BGR,Bulgaria,2015,0.94947
GB.XPD.RSDV.GD.ZS,BFA,Burkina Faso,2024,0.10477
GB.XPD.RSDV.GD.ZS,BFA,Burkina Faso,2023,0.09845
GB.XPD.RSDV.GD.ZS,BFA,Burkina Faso,2021,0.25057
GB.XPD.RSDV.GD.ZS,BFA,Burkina Faso,2020,0.25116
GB.XPD.RSDV.GD.ZS,BFA,Burkina Faso,2019,0.17435
GB.XPD.RSDV.GD.ZS,BFA,Burkina Faso,2017,0.61361
GB.XPD.RSDV.GD.ZS,BDI,Burundi,2018,0.21312
GB.XPD.RSDV.GD.ZS,KHM,Cambodia,2015,0.08828
GB.XPD.RSDV.GD.ZS,CAN,Canada,2024,1.7908
GB.XPD.RSDV.GD.ZS,CAN,Canada,2023,1.81048
GB.XPD.RSDV.GD.ZS,CAN,Canada,2022,1.81291
GB.XPD.RSDV.GD.ZS,CAN,Canada,2021,1.87064
GB.XPD.RSDV.GD.ZS,CAN,Canada,2020,1.93413
GB.XPD.RSDV.GD.ZS,CAN,Canada,2019,1.75578
GB.XPD.RSDV.GD.ZS,CAN,Canada,2018,1.7372
GB.XPD.RSDV.GD.ZS,CAN,Canada,2017,1.68702
GB.XPD.RSDV.GD.ZS,CAN,Canada,2016,1.72903
GB.XPD.RSDV.GD.ZS,CAN,Canada,2015,1.6936
GB.XPD.RSDV.GD.ZS,TCD,Chad,2016,0.23294
GB.XPD.RSDV.GD.ZS,CHL,Chile,2022,0.39205
GB.XPD.RSDV.GD.ZS,CHL,Chile,2021,0.36063
GB.XPD.RSDV.GD.ZS,CHL,Chile,2020,0.33525
GB.XPD.RSDV.GD.ZS,CHL,Chile,2019,0.34243
GB.XPD.RSDV.GD.ZS,CHL,Chile,2018,0.36916
GB.XPD.RSDV.GD.ZS,CHL,Chile,2017,0.35679
GB.XPD.RSDV.GD.ZS,CHL,Chile,2016,0.37103
GB.XPD.RSDV.GD.ZS,CHL,Chile,2015,0.38296
GB.XPD.RSDV.GD.ZS,CHN,China,2023,2.57729
GB.XPD.RSDV.GD.ZS,CHN,China,2022,2.4945
GB.XPD.RSDV.GD.ZS,CHN,China,2021,2.38165
GB.XPD.RSDV.GD.ZS,CHN,China,2020,2.35712
GB.XPD.RSDV.GD.ZS,CHN,China,2019,2.20144
GB.XPD.RSDV.GD.ZS,CHN,China,2018,2.10232
GB.XPD.RSDV.GD.ZS,CHN,China,2017,2.07771
GB.XPD.RSDV.GD.ZS,CHN,China,2016,2.0595
GB.XPD.RSDV.GD.ZS,CHN,China,2015,2.01703
GB.XPD.RSDV.GD.ZS,COL,Colombia,2020,0.2894
GB.XPD.RSDV.GD.ZS,COL,Colombia,2019,0.32201
GB.XPD.RSDV.GD.ZS,COL,Colombia,2018,0.31233
GB.XPD.RSDV.GD.ZS,COL,Colombia,2017,0.26109
GB.XPD.RSDV.GD.ZS,COL,Colombia,2016,0.27051
GB.XPD.RSDV.GD.ZS,COL,Colombia,2015,0.36542
GB.XPD.RSDV.GD.ZS,COD,"Congo, Dem. Rep.",2015,0.40638
GB.XPD.RSDV.GD.ZS,COG,"Congo, Rep.",2022,0.38339
GB.XPD.RSDV.GD.ZS,CRI,Costa Rica,2023,0.33738
GB.XPD.RSDV.GD.ZS,CRI,Costa Rica,2022,0.33789
GB.XPD.RSDV.GD.ZS,CRI,Costa Rica,2021,0.27385
GB.XPD.RSDV.GD.ZS,CRI,Costa Rica,2020,0.33002
GB.XPD.RSDV.GD.ZS,CRI,Costa Rica,2018,0.37144
GB.XPD.RSDV.GD.ZS,CRI,Costa Rica,2017,0.42587
GB.XPD.RSDV.GD.ZS,CRI,Costa Rica,2016,0.44335
GB.XPD.RSDV.GD.ZS,CRI,Costa Rica,2015,0.43665
GB.XPD.RSDV.GD.ZS,CIV,Cote d'Ivoire,2016,0.06975
GB.XPD.RSDV.GD.ZS,HRV,Croatia,2023,1.38621
GB.XPD.RSDV.GD.ZS,HRV,Croatia,2022,1.41896
GB.XPD.RSDV.GD.ZS,HRV,Croatia,2021,1.24187
GB.XPD.RSDV.GD.ZS,HRV,Croatia,2020,1.23536
GB.XPD.RSDV.GD.ZS,HRV,Croatia,2019,1.07723
GB.XPD.RSDV.GD.ZS,HRV,Croatia,2018,0.94608
GB.XPD.RSDV.GD.ZS,HRV,Croatia,2017,0.84354
GB.XPD.RSDV.GD.ZS,HRV,Croatia,2016,0.84569
GB.XPD.RSDV.GD.ZS,HRV,Croatia,2015,0.82388
GB.XPD.RSDV.GD.ZS,CUB,Cuba,2024,0.43839
GB.XPD.RSDV.GD.ZS,CUB,Cuba,2023,0.39213
GB.XPD.RSDV.GD.ZS,CUB,Cuba,2022,0.36032
GB.XPD.RSDV.GD.ZS,CUB,Cuba,2021,0.32282
GB.XPD.RSDV.GD.ZS,CUB,Cuba,2020,0.51838
GB.XPD.RSDV.GD.ZS,CUB,Cuba,2019,0.55308
GB.XPD.RSDV.GD.ZS,CUB,Cuba,2018,0.53691
GB.XPD.RSDV.GD.ZS,CUB,Cuba,2017,0.43066
GB.XPD.RSDV.GD.ZS,CUB,Cuba,2016,0.34223
GB.XPD.RSDV.GD.ZS,CUB,Cuba,2015,0.42854
GB.XPD.RSDV.GD.ZS,CYP,Cyprus,2023,0.68145
GB.XPD.RSDV.GD.ZS,CYP,Cyprus,2022,0.70468
GB.XPD.RSDV.GD.ZS,CYP,Cyprus,2021,0.77686
GB.XPD.RSDV.GD.ZS,CYP,Cyprus,2020,0.82581
GB.XPD.RSDV.GD.ZS,CYP,Cyprus,2019,0.70269
GB.XPD.RSDV.GD.ZS,CYP,Cyprus,2018,0.61032
GB.XPD.RSDV.GD.ZS,CYP,Cyprus,2017,0.54259
GB.XPD.RSDV.GD.ZS,CYP,Cyprus,2016,0.5197
GB.XPD.RSDV.GD.ZS,CYP,Cyprus,2015,0.47529
GB.XPD.RSDV.GD.ZS,CZE,Czechia,2023,1.83369
GB.XPD.RSDV.GD.ZS,CZE,Czechia,2022,1.89089
GB.XPD.RSDV.GD.ZS,CZE,Czechia,2021,1.93302
GB.XPD.RSDV.GD.ZS,CZE,Czechia,2020,1.94537
GB.XPD.RSDV.GD.ZS,CZE,Czechia,2019,1.89547
GB.XPD.RSDV.GD.ZS,CZE,Czechia,2018,1.87652
GB.XPD.RSDV.GD.ZS,CZE,Czechia,2017,1.74513
GB.XPD.RSDV.GD.ZS,CZE,Czechia,2016,1.65411
GB.XPD.RSDV.GD.ZS,CZE,Czechia,2015,1.906
GB.XPD.RSDV.GD.ZS,DNK,Denmark,2023,3.04841
GB.XPD.RSDV.GD.ZS,DNK,Denmark,2022,2.86709
GB.XPD.RSDV.GD.ZS,DNK,Denmark,2021,2.74323
GB.XPD.RSDV.GD.ZS,DNK,Denmark,2020,2.96533
GB.XPD.RSDV.GD.ZS,DNK,Denmark,2019,2.90605
GB.XPD.RSDV.GD.ZS,DNK,Denmark,2018,2.97895
GB.XPD.RSDV.GD.ZS,DNK,Denmark,2017,2.93576
GB.XPD.RSDV.GD.ZS,DNK,Denmark,2016,3.10209
GB.XPD.RSDV.GD.ZS,DNK,Denmark,2015,3.06422
GB.XPD.RSDV.GD.ZS,EGY,"Egypt, Arab Rep.",2024,1.01757
GB.XPD.RSDV.GD.ZS,EGY,"Egypt, Arab Rep.",2023,1.03356
GB.XPD.RSDV.GD.ZS,EGY,"Egypt, Arab Rep.",2022,1.01968
GB.XPD.RSDV.GD.ZS,EGY,"Egypt, Arab Rep.",2021,0.91175
GB.XPD.RSDV.GD.ZS,EGY,"Egypt, Arab Rep.",2020,0.91564
GB.XPD.RSDV.GD.ZS,EGY,"Egypt, Arab Rep.",2019,0.79617
GB.XPD.RSDV.GD.ZS,EGY,"Egypt, Arab Rep.",2018,0.68839
GB.XPD.RSDV.GD.ZS,EGY,"Egypt, Arab Rep.",2017,0.64486
GB.XPD.RSDV.GD.ZS,EGY,"Egypt, Arab Rep.",2016,0.70848
GB.XPD.RSDV.GD.ZS,EGY,"Egypt, Arab Rep.",2015,0.71858
GB.XPD.RSDV.GD.ZS,SLV,El Salvador,2023,0.10152
GB.XPD.RSDV.GD.ZS,SLV,El Salvador,2022,0.14333
GB.XPD.RSDV.GD.ZS,SLV,El Salvador,2021,0.16252
GB.XPD.RSDV.GD.ZS,SLV,El Salvador,2020,0.16299
GB.XPD.RSDV.GD.ZS,SLV,El Salvador,2019,0.17477
GB.XPD.RSDV.GD.ZS,SLV,El Salvador,2018,0.16531
GB.XPD.RSDV.GD.ZS,SLV,El Salvador,2017,0.18078
GB.XPD.RSDV.GD.ZS,SLV,El Salvador,2016,0.14493
GB.XPD.RSDV.GD.ZS,SLV,El Salvador,2015,0.14348
GB.XPD.RSDV.GD.ZS,EST,Estonia,2023,1.83878
GB.XPD.RSDV.GD.ZS,EST,Estonia,2022,1.76094
GB.XPD.RSDV.GD.ZS,EST,Estonia,2021,1.75152
GB.XPD.RSDV.GD.ZS,EST,Estonia,2020,1.72614
GB.XPD.RSDV.GD.ZS,EST,Estonia,2019,1.59093
GB.XPD.RSDV.GD.ZS,EST,Estonia,2018,1.38298
GB.XPD.RSDV.GD.ZS,EST,Estonia,2017,1.25152
GB.XPD.RSDV.GD.ZS,EST,Estonia,2016,1.21835
GB.XPD.RSDV.GD.ZS,EST,Estonia,2015,1.44125
GB.XPD.RSDV.GD.ZS,SWZ,Eswatini,2015,0.27807
GB.XPD.RSDV.GD.ZS,ETH,Ethiopia,2017,0.27437
GB.XPD.RSDV.GD.ZS,FIN,Finland,2023,3.0938
GB.XPD.RSDV.GD.ZS,FIN,Finland,2022,2.982
GB.XPD.RSDV.GD.ZS,FIN,Finland,2021,3.01133
GB.XPD.RSDV.GD.ZS,FIN,Finland,2020,2.93278
GB.XPD.RSDV.GD.ZS,FIN,Finland,2019,2.81534
GB.XPD.RSDV.GD.ZS,FIN,Finland,2018,2.77601
GB.XPD.RSDV.GD.ZS,FIN,Finland,2017,2.74723
GB.XPD.RSDV.GD.ZS,FIN,Finland,2016,2.74716
GB.XPD.RSDV.GD.ZS,FIN,Finland,2015,2.88826
GB.XPD.RSDV.GD.ZS,FRA,France,2023,2.17832
GB.XPD.RSDV.GD.ZS,FRA,France,2022,2.21937
GB.XPD.RSDV.GD.ZS,FRA,France,2021,2.21278
GB.XPD.RSDV.GD.ZS,FRA,France,2020,2.2742
GB.XPD.RSDV.GD.ZS,FRA,France,2019,2.19668
GB.XPD.RSDV.GD.ZS,FRA,France,2018,2.20407
GB.XPD.RSDV.GD.ZS,FRA,France,2017,2.20422
GB.XPD.RSDV.GD.ZS,FRA,France,2016,2.22468
GB.XPD.RSDV.GD.ZS,FRA,France,2015,2.22401
GB.XPD.RSDV.GD.ZS,GMB,"Gambia, The",2018,0.06933
GB.XPD.RSDV.GD.ZS,GEO,Georgia,2024,0.26435
GB.XPD.RSDV.GD.ZS,GEO,Georgia,2023,0.25084
GB.XPD.RSDV.GD.ZS,GEO,Georgia,2022,0.2347
GB.XPD.RSDV.GD.ZS,GEO,Georgia,2021,0.24875
GB.XPD.RSDV.GD.ZS,GEO,Georgia,2020,0.29765
GB.XPD.RSDV.GD.ZS,GEO,Georgia,2019,0.28197
GB.XPD.RSDV.GD.ZS,GEO,Georgia,2018,0.27573
GB.XPD.RSDV.GD.ZS,GEO,Georgia,2017,0.26645
GB.XPD.RSDV.GD.ZS,GEO,Georgia,2016,0.28025
GB.XPD.RSDV.GD.ZS,GEO,Georgia,2015,0.29397
GB.XPD.RSDV.GD.ZS,DEU,Germany,2023,3.1539
GB.XPD.RSDV.GD.ZS,DEU,Germany,2022,3.07096
GB.XPD.RSDV.GD.ZS,DEU,Germany,2021,3.0786
GB.XPD.RSDV.GD.ZS,DEU,Germany,2020,3.0897
GB.XPD.RSDV.GD.ZS,DEU,Germany,2019,3.11256
GB.XPD.RSDV.GD.ZS,DEU,Germany,2018,3.05057
GB.XPD.RSDV.GD.ZS,DEU,Germany,2017,2.9886
GB.XPD.RSDV.GD.ZS,DEU,Germany,2016,2.88393
GB.XPD.RSDV.GD.ZS,DEU,Germany,2015,2.87725
GB.XPD.RSDV.GD.ZS,GRC,Greece,2023,1.4943
GB.XPD.RSDV.GD.ZS,GRC,Greece,2022,1.47714
GB.XPD.RSDV.GD.ZS,GRC,Greece,2021,1.43353
GB.XPD.RSDV.GD.ZS,GRC,Greece,2020,1.48872
GB.XPD.RSDV.GD.ZS,GRC,Greece,2019,1.26236
GB.XPD.RSDV.GD.ZS,GRC,Greece,2018,1.2066
GB.XPD.RSDV.GD.ZS,GRC,Greece,2017,1.1492
GB.XPD.RSDV.GD.ZS,GRC,Greece,2016,1.00556
GB.XPD.RSDV.GD.ZS,GRC,Greece,2015,0.9716
GB.XPD.RSDV.GD.ZS,GTM,Guatemala,2023,0.00609
GB.XPD.RSDV.GD.ZS,GTM,Guatemala,2022,0.00549
GB.XPD.RSDV.GD.ZS,GTM,Guatemala,2021,0.05835
GB.XPD.RSDV.GD.ZS,GTM,Guatemala,2020,0.04887
GB.XPD.RSDV.GD.ZS,GTM,Guatemala,2019,0.02642
GB.XPD.RSDV.GD.ZS,GTM,Guatemala,2018,0.02938
GB.XPD.RSDV.GD.ZS,GTM,Guatemala,2017,0.02955
GB.XPD.RSDV.GD.ZS,GTM,Guatemala,2016,0.02311
GB.XPD.RSDV.GD.ZS,GTM,Guatemala,2015,0.03064
GB.XPD.RSDV.GD.ZS,HND,Honduras,2019,0.05997
GB.XPD.RSDV.GD.ZS,HND,Honduras,2018,0.06394
GB.XPD.RSDV.GD.ZS,HND,Honduras,2017,0.03994
GB.XPD.RSDV.GD.ZS,HND,Honduras,2015,0.01497
GB.XPD.RSDV.GD.ZS,HKG,"Hong Kong SAR, China",2024,1.12597
GB.XPD.RSDV.GD.ZS,HKG,"Hong Kong SAR, China",2023,1.10625
GB.XPD.RSDV.GD.ZS,HKG,"Hong Kong SAR, China",2022,1.07293
GB.XPD.RSDV.GD.ZS,HKG,"Hong Kong SAR, China",2021,0.97026
GB.XPD.RSDV.GD.ZS,HKG,"Hong Kong SAR, China",2020,0.99236
GB.XPD.RSDV.GD.ZS,HKG,"Hong Kong SAR, China",2019,0.92557
GB.XPD.RSDV.GD.ZS,HKG,"Hong Kong SAR, China",2018,0.8633
GB.XPD.RSDV.GD.ZS,HKG,"Hong Kong SAR, China",2017,0.83519
GB.XPD.RSDV.GD.ZS,HKG,"Hong Kong SAR, China",2016,0.7915
GB.XPD.RSDV.GD.ZS,HKG,"Hong Kong SAR, China",2015,0.76183
GB.XPD.RSDV.GD.ZS,HUN,Hungary,2023,1.37748
GB.XPD.RSDV.GD.ZS,HUN,Hungary,2022,1.39056
GB.XPD.RSDV.GD.ZS,HUN,Hungary,2021,1.63327
GB.XPD.RSDV.GD.ZS,HUN,Hungary,2020,1.58067
GB.XPD.RSDV.GD.ZS,HUN,Hungary,2019,1.46473
GB.XPD.RSDV.GD.ZS,HUN,Hungary,2018,1.50196
GB.XPD.RSDV.GD.ZS,HUN,Hungary,2017,1.31498
GB.XPD.RSDV.GD.ZS,HUN,Hungary,2016,1.17645
GB.XPD.RSDV.GD.ZS,HUN,Hungary,2015,1.33884
GB.XPD.RSDV.GD.ZS,ISL,Iceland,2023,2.64005
GB.XPD.RSDV.GD.ZS,ISL,Iceland,2022,2.60089
GB.XPD.RSDV.GD.ZS,ISL,Iceland,2021,2.78171
GB.XPD.RSDV.GD.ZS,ISL,Iceland,2020,2.4864
GB.XPD.RSDV.GD.ZS,ISL,Iceland,2019,2.34018
GB.XPD.RSDV.GD.ZS,ISL,Iceland,2018,2.00081
GB.XPD.RSDV.GD.ZS,ISL,Iceland,2017,2.08365
GB.XPD.RSDV.GD.ZS,ISL,Iceland,2016,2.11011
GB.XPD.RSDV.GD.ZS,ISL,Iceland,2015,2.18137
GB.XPD.RSDV.GD.ZS,IND,India,2020,0.64558
GB.XPD.RSDV.GD.ZS,IND,India,2019,0.65942
GB.XPD.RSDV.GD.ZS,IND,India,2018,0.66001
GB.XPD.RSDV.GD.ZS,IND,India,2017,0.66603
GB.XPD.RSDV.GD.ZS,IND,India,2016,0.66984
GB.XPD.RSDV.GD.ZS,IND,India,2015,0.6931
GB.XPD.RSDV.GD.ZS,IDN,Indonesia,2020,0.28068
GB.XPD.RSDV.GD.ZS,IDN,Indonesia,2019,0.27129
GB.XPD.RSDV.GD.ZS,IDN,Indonesia,2018,0.22632
GB.XPD.RSDV.GD.ZS,IDN,Indonesia,2017,0.23805
GB.XPD.RSDV.GD.ZS,IDN,Indonesia,2016,0.24535
GB.XPD.RSDV.GD.ZS,IRN,"Iran, Islamic Rep.",2021,0.72665
GB.XPD.RSDV.GD.ZS,IRN,"Iran, Islamic Rep.",2019,0.78829
GB.XPD.RSDV.GD.ZS,IRN,"Iran, Islamic Rep.",2017,0.75983
GB.XPD.RSDV.GD.ZS,IRN,"Iran, Islamic Rep.",2015,0.39383
GB.XPD.RSDV.GD.ZS,IRQ,Iraq,2021,0.0407
GB.XPD.RSDV.GD.ZS,IRQ,Iraq,2020,0.04053
GB.XPD.RSDV.GD.ZS,IRQ,Iraq,2019,0.03266
GB.XPD.RSDV.GD.ZS,IRQ,Iraq,2018,0.04279
GB.XPD.RSDV.GD.ZS,IRQ,Iraq,2017,0.04596
GB.XPD.RSDV.GD.ZS,IRQ,Iraq,2016,0.03737
GB.XPD.RSDV.GD.ZS,IRQ,Iraq,2015,0.04017
GB.XPD.RSDV.GD.ZS,IRL,Ireland,2023,1.58829
GB.XPD.RSDV.GD.ZS,IRL,Ireland,2022,1.53215
GB.XPD.RSDV.GD.ZS,IRL,Ireland,2021,1.0732
GB.XPD.RSDV.GD.ZS,IRL,Ireland,2020,1.12466
GB.XPD.RSDV.GD.ZS,IRL,Ireland,2019,1.13733
GB.XPD.RSDV.GD.ZS,IRL,Ireland,2018,1.08244
GB.XPD.RSDV.GD.ZS,IRL,Ireland,2017,1.20821
GB.XPD.RSDV.GD.ZS,IRL,Ireland,2016,1.14954
GB.XPD.RSDV.GD.ZS,IRL,Ireland,2015,1.14062
GB.XPD.RSDV.GD.ZS,ISR,Israel,2023,6.34589
GB.XPD.RSDV.GD.ZS,ISR,Israel,2022,6.17831
GB.XPD.RSDV.GD.ZS,ISR,Israel,2021,5.75725
GB.XPD.RSDV.GD.ZS,ISR,Israel,2020,5.83209
GB.XPD.RSDV.GD.ZS,ISR,Israel,2019,5.35528
GB.XPD.RSDV.GD.ZS,ISR,Israel,2018,4.91965
GB.XPD.RSDV.GD.ZS,ISR,Israel,2017,4.74032
GB.XPD.RSDV.GD.ZS,ISR,Israel,2016,4.59051
GB.XPD.RSDV.GD.ZS,ISR,Israel,2015,4.29761
GB.XPD.RSDV.GD.ZS,ITA,Italy,2023,1.37935
GB.XPD.RSDV.GD.ZS,ITA,Italy,2022,1.36563
GB.XPD.RSDV.GD.ZS,ITA,Italy,2021,1.41065
GB.XPD.RSDV.GD.ZS,ITA,Italy,2020,1.49869
GB.XPD.RSDV.GD.ZS,ITA,Italy,2019,1.45558
GB.XPD.RSDV.GD.ZS,ITA,Italy,2018,1.41934
GB.XPD.RSDV.GD.ZS,ITA,Italy,2017,1.36393
GB.XPD.RSDV.GD.ZS,ITA,Italy,2016,1.35915
GB.XPD.RSDV.GD.ZS,ITA,Italy,2015,1.33213
GB.XPD.RSDV.GD.ZS,JPN,Japan,2023,3.44125
GB.XPD.RSDV.GD.ZS,JPN,Japan,2022,3.40053
GB.XPD.RSDV.GD.ZS,JPN,Japan,2021,3.27383
GB.XPD.RSDV.GD.ZS,JPN,Japan,2020,3.26556
GB.XPD.RSDV.GD.ZS,JPN,Japan,2019,3.21824
GB.XPD.RSDV.GD.ZS,JPN,Japan,2018,3.2192
GB.XPD.RSDV.GD.ZS,JPN,Japan,2017,3.16636
GB.XPD.RSDV.GD.ZS,JPN,Japan,2016,3.10665
GB.XPD.RSDV.GD.ZS,JPN,Japan,2015,3.24071
GB.XPD.RSDV.GD.ZS,JOR,Jordan,2016,0.69547
GB.XPD.RSDV.GD.ZS,KAZ,Kazakhstan,2024,0.16242
GB.XPD.RSDV.GD.ZS,KAZ,Kazakhstan,2023,0.14449
GB.XPD.RSDV.GD.ZS,KAZ,Kazakhstan,2022,0.11715
GB.XPD.RSDV.GD.ZS,KAZ,Kazakhstan,2021,0.13023
GB.XPD.RSDV.GD.ZS,KAZ,Kazakhstan,2020,0.12602
GB.XPD.RSDV.GD.ZS,KAZ,Kazakhstan,2019,0.11841
GB.XPD.RSDV.GD.ZS,KAZ,Kazakhstan,2018,0.11683
GB.XPD.RSDV.GD.ZS,KAZ,Kazakhstan,2017,0.12667
GB.XPD.RSDV.GD.ZS,KAZ,Kazakhstan,2016,0.14179
GB.XPD.RSDV.GD.ZS,KAZ,Kazakhstan,2015,0.16951
GB.XPD.RSDV.GD.ZS,KEN,Kenya,2024,0.81069
GB.XPD.RSDV.GD.ZS,KEN,Kenya,2023,0.80427
GB.XPD.RSDV.GD.ZS,KEN,Kenya,2022,0.40651
GB.XPD.RSDV.GD.ZS,KOR,"Korea, Rep.",2023,4.94352
GB.XPD.RSDV.GD.ZS,KOR,"Korea, Rep.",2022,4.84753
GB.XPD.RSDV.GD.ZS,KOR,"Korea, Rep.",2021,4.59673
GB.XPD.RSDV.GD.ZS,KOR,"Korea, Rep.",2020,4.5214
GB.XPD.RSDV.GD.ZS,KOR,"Korea, Rep.",2019,4.36379
GB.XPD.RSDV.GD.ZS,KOR,"Korea, Rep.",2018,4.27155
GB.XPD.RSDV.GD.ZS,KOR,"Korea, Rep.",2017,4.07341
GB.XPD.RSDV.GD.ZS,KOR,"Korea, Rep.",2016,3.78638
GB.XPD.RSDV.GD.ZS,KOR,"Korea, Rep.",2015,3.78907
GB.XPD.RSDV.GD.ZS,KWT,Kuwait,2024,0.08954
GB.XPD.RSDV.GD.ZS,KWT,Kuwait,2023,0.09547
GB.XPD.RSDV.GD.ZS,KWT,Kuwait,2022,0.0801
GB.XPD.RSDV.GD.ZS,KWT,Kuwait,2020,0.17805
GB.XPD.RSDV.GD.ZS,KWT,Kuwait,2019,0.18512
GB.XPD.RSDV.GD.ZS,KWT,Kuwait,2018,0.06329
GB.XPD.RSDV.GD.ZS,KWT,Kuwait,2017,0.0804
GB.XPD.RSDV.GD.ZS,KWT,Kuwait,2016,0.07985
GB.XPD.RSDV.GD.ZS,KWT,Kuwait,2015,0.0966
GB.XPD.RSDV.GD.ZS,KGZ,Kyrgyz Republic,2024,0.05269
GB.XPD.RSDV.GD.ZS,KGZ,Kyrgyz Republic,2023,0.05414
GB.XPD.RSDV.GD.ZS,KGZ,Kyrgyz Republic,2022,0.06922
GB.XPD.RSDV.GD.ZS,KGZ,Kyrgyz Republic,2021,0.07102
GB.XPD.RSDV.GD.ZS,KGZ,Kyrgyz Republic,2020,0.08356
GB.XPD.RSDV.GD.ZS,KGZ,Kyrgyz Republic,2019,0.08535
GB.XPD.RSDV.GD.ZS,KGZ,Kyrgyz Republic,2018,0.10107
GB.XPD.RSDV.GD.ZS,KGZ,Kyrgyz Republic,2017,0.10707
GB.XPD.RSDV.GD.ZS,KGZ,Kyrgyz Republic,2016,0.11121
GB.XPD.RSDV.GD.ZS,KGZ,Kyrgyz Republic,2015,0.11903
GB.XPD.RSDV.GD.ZS,LVA,Latvia,2023,0.8236
GB.XPD.RSDV.GD.ZS,LVA,Latvia,2022,0.8122
GB.XPD.RSDV.GD.ZS,LVA,Latvia,2021,0.77085
GB.XPD.RSDV.GD.ZS,LVA,Latvia,2020,0.75663
GB.XPD.RSDV.GD.ZS,LVA,Latvia,2019,0.6602
GB.XPD.RSDV.GD.ZS,LVA,Latvia,2018,0.66138
GB.XPD.RSDV.GD.ZS,LVA,Latvia,2017,0.53004
GB.XPD.RSDV.GD.ZS,LVA,Latvia,2016,0.45065
GB.XPD.RSDV.GD.ZS,LVA,Latvia,2015,0.641
GB.XPD.RSDV.GD.ZS,LSO,Lesotho,2023,0.09453
GB.XPD.RSDV.GD.ZS,LSO,Lesotho,2015,0.05101
GB.XPD.RSDV.GD.ZS,LIE,Liechtenstein,2023,6.00984
GB.XPD.RSDV.GD.ZS,LIE,Liechtenstein,2019,5.86833
GB.XPD.RSDV.GD.ZS,LTU,Lithuania,2023,1.04977
GB.XPD.RSDV.GD.ZS,LTU,Lithuania,2022,1.05289
GB.XPD.RSDV.GD.ZS,LTU,Lithuania,2021,1.10044
GB.XPD.RSDV.GD.ZS,LTU,Lithuania,2020,1.12379
GB.XPD.RSDV.GD.ZS,LTU,Lithuania,2019,0.98701
GB.XPD.RSDV.GD.ZS,LTU,Lithuania,2018,0.92781
GB.XPD.RSDV.GD.ZS,LTU,Lithuania,2017,0.8963
GB.XPD.RSDV.GD.ZS,LTU,Lithuania,2016,0.84391
GB.XPD.RSDV.GD.ZS,LTU,Lithuania,2015,1.04077
GB.XPD.RSDV.GD.ZS,LUX,Luxembourg,2023,1.07045
GB.XPD.RSDV.GD.ZS,LUX,Luxembourg,2022,1.0653
GB.XPD.RSDV.GD.ZS,LUX,Luxembourg,2021,1.03153
GB.XPD.RSDV.GD.ZS,LUX,Luxembourg,2020,1.09627
GB.XPD.RSDV.GD.ZS,LUX,Luxembourg,2019,1.18209
GB.XPD.RSDV.GD.ZS,LUX,Luxembourg,2018,1.17039
GB.XPD.RSDV.GD.ZS,LUX,Luxembourg,2017,1.23898
GB.XPD.RSDV.GD.ZS,LUX,Luxembourg,2016,1.2669
GB.XPD.RSDV.GD.ZS,LUX,Luxembourg,2015,1.25226
GB.XPD.RSDV.GD.ZS,MAC,"Macao SAR, China",2024,0.31097
GB.XPD.RSDV.GD.ZS,MAC,"Macao SAR, China",2023,0.27103
GB.XPD.RSDV.GD.ZS,MAC,"Macao SAR, China",2022,0.42754
GB.XPD.RSDV.GD.ZS,MAC,"Macao SAR, China",2021,0.37318
GB.XPD.RSDV.GD.ZS,MAC,"Macao SAR, China",2020,0.45327
GB.XPD.RSDV.GD.ZS,MAC,"Macao SAR, China",2019,0.24721
GB.XPD.RSDV.GD.ZS,MAC,"Macao SAR, China",2018,0.20113
GB.XPD.RSDV.GD.ZS,MAC,"Macao SAR, China",2017,0.1721
GB.XPD.RSDV.GD.ZS,MAC,"Macao SAR, China",2016,0.23492
GB.XPD.RSDV.GD.ZS,MAC,"Macao SAR, China",2015,0.13649
GB.XPD.RSDV.GD.ZS,MDG,Madagascar,2017,0.01275
GB.XPD.RSDV.GD.ZS,MDG,Madagascar,2016,0.01264
GB.XPD.RSDV.GD.ZS,MWI,Malawi,2019,0.17752
GB.XPD.RSDV.GD.ZS,MYS,Malaysia,2022,1.0121
GB.XPD.RSDV.GD.ZS,MYS,Malaysia,2020,0.95055
GB.XPD.RSDV.GD.ZS,MYS,Malaysia,2018,1.04026
GB.XPD.RSDV.GD.ZS,MYS,Malaysia,2016,1.41517
GB.XPD.RSDV.GD.ZS,MYS,Malaysia,2015,1.27945
GB.XPD.RSDV.GD.ZS,MLI,Mali,2023,0.14743
GB.XPD.RSDV.GD.ZS,MLI,Mali,2021,0.14596
GB.XPD.RSDV.GD.ZS,MLI,Mali,2019,0.13306
GB.XPD.RSDV.GD.ZS,MLI,Mali,2017,0.24505
GB.XPD.RSDV.GD.ZS,MLI,Mali,2015,0.26458
GB.XPD.RSDV.GD.ZS,MLT,Malta,2023,0.64792
GB.XPD.RSDV.GD.ZS,MLT,Malta,2022,0.5745
GB.XPD.RSDV.GD.ZS,MLT,Malta,2021,0.59682
GB.XPD.RSDV.GD.ZS,MLT,Malta,2020,0.60002
GB.XPD.RSDV.GD.ZS,MLT,Malta,2019,0.54851
GB.XPD.RSDV.GD.ZS,MLT,Malta,2018,0.54557
GB.XPD.RSDV.GD.ZS,MLT,Malta,2017,0.52592
GB.XPD.RSDV.GD.ZS,MLT,Malta,2016,0.54032
GB.XPD.RSDV.GD.ZS,MLT,Malta,2015,0.69942
GB.XPD.RSDV.GD.ZS,MRT,Mauritania,2018,0.01019
GB.XPD.RSDV.GD.ZS,MUS,Mauritius,2024,0.26181
GB.XPD.RSDV.GD.ZS,MUS,Mauritius,2023,0.23892
GB.XPD.RSDV.GD.ZS,MUS,Mauritius,2022,0.30879
GB.XPD.RSDV.GD.ZS,MUS,Mauritius,2021,0.36784
GB.XPD.RSDV.GD.ZS,MUS,Mauritius,2020,0.40299
GB.XPD.RSDV.GD.ZS,MUS,Mauritius,2019,0.35699
GB.XPD.RSDV.GD.ZS,MUS,Mauritius,2018,0.33387
GB.XPD.RSDV.GD.ZS,MUS,Mauritius,2017,0.35423
GB.XPD.RSDV.GD.ZS,MEX,Mexico,2024,0.25372
GB.XPD.RSDV.GD.ZS,MEX,Mexico,2023,0.26746
GB.XPD.RSDV.GD.ZS,MEX,Mexico,2022,0.25727
GB.XPD.RSDV.GD.ZS,MEX,Mexico,2021,0.27305
GB.XPD.RSDV.GD.ZS,MEX,Mexico,2020,0.29185
GB.XPD.RSDV.GD.ZS,MEX,Mexico,2019,0.27629
GB.XPD.RSDV.GD.ZS,MEX,Mexico,2018,0.29816
GB.XPD.RSDV.GD.ZS,MEX,Mexico,2017,0.31955
GB.XPD.RSDV.GD.ZS,MEX,Mexico,2016,0.37601
GB.XPD.RSDV.GD.ZS,MEX,Mexico,2015,0.41477
GB.XPD.RSDV.GD.ZS,MDA,Moldova,2024,0.21589
GB.XPD.RSDV.GD.ZS,MDA,Moldova,2023,0.22111
GB.XPD.RSDV.GD.ZS,MDA,Moldova,2022,0.22959
GB.XPD.RSDV.GD.ZS,MDA,Moldova,2021,0.23154
GB.XPD.RSDV.GD.ZS,MDA,Moldova,2020,0.23511
GB.XPD.RSDV.GD.ZS,MDA,Moldova,2019,0.24145
GB.XPD.RSDV.GD.ZS,MDA,Moldova,2018,0.25626
GB.XPD.RSDV.GD.ZS,MDA,Moldova,2017,0.25789
GB.XPD.RSDV.GD.ZS,MDA,Moldova,2016,0.28005
GB.XPD.RSDV.GD.ZS,MDA,Moldova,2015,0.30735
GB.XPD.RSDV.GD.ZS,MNG,Mongolia,2022,0.08365
GB.XPD.RSDV.GD.ZS,MNG,Mongolia,2021,0.10008
GB.XPD.RSDV.GD.ZS,MNG,Mongolia,2020,0.13301
GB.XPD.RSDV.GD.ZS,MNG,Mongolia,2019,0.0927
GB.XPD.RSDV.GD.ZS,MNG,Mongolia,2018,0.10161
GB.XPD.RSDV.GD.ZS,MNG,Mongolia,2017,0.1342
GB.XPD.RSDV.GD.ZS,MNG,Mongolia,2016,0.18346
GB.XPD.RSDV.GD.ZS,MNG,Mongolia,2015,0.1564
GB.XPD.RSDV.GD.ZS,MNE,Montenegro,2019,0.36328
GB.XPD.RSDV.GD.ZS,MNE,Montenegro,2018,0.50374
GB.XPD.RSDV.GD.ZS,MNE,Montenegro,2017,0.34898
GB.XPD.RSDV.GD.ZS,MNE,Montenegro,2016,0.32454
GB.XPD.RSDV.GD.ZS,MNE,Montenegro,2015,0.374
GB.XPD.RSDV.GD.ZS,MOZ,Mozambique,2015,0.30814
GB.XPD.RSDV.GD.ZS,MMR,Myanmar,2023,0.02307
GB.XPD.RSDV.GD.ZS,MMR,Myanmar,2022,0.03519
GB.XPD.RSDV.GD.ZS,MMR,Myanmar,2021,0.12402
GB.XPD.RSDV.GD.ZS,MMR,Myanmar,2020,0.15568
GB.XPD.RSDV.GD.ZS,MMR,Myanmar,2019,0.08341
GB.XPD.RSDV.GD.ZS,MMR,Myanmar,2018,0.05881
GB.XPD.RSDV.GD.ZS,MMR,Myanmar,2017,0.03218
GB.XPD.RSDV.GD.ZS,NAM,Namibia,2022,0.64636
GB.XPD.RSDV.GD.ZS,NLD,Netherlands,2023,2.26719
GB.XPD.RSDV.GD.ZS,NLD,Netherlands,2022,2.17529
GB.XPD.RSDV.GD.ZS,NLD,Netherlands,2021,2.21542
GB.XPD.RSDV.GD.ZS,NLD,Netherlands,2020,2.26514
GB.XPD.RSDV.GD.ZS,NLD,Netherlands,2019,2.14036
GB.XPD.RSDV.GD.ZS,NLD,Netherlands,2018,2.1027
GB.XPD.RSDV.GD.ZS,NLD,Netherlands,2017,2.14167
GB.XPD.RSDV.GD.ZS,NLD,Netherlands,2016,2.11546
GB.XPD.RSDV.GD.ZS,NLD,Netherlands,2015,2.11792
GB.XPD.RSDV.GD.ZS,NZL,New Zealand,2023,1.54848
GB.XPD.RSDV.GD.ZS,NZL,New Zealand,2021,1.48604
GB.XPD.RSDV.GD.ZS,NZL,New Zealand,2019,1.4642
GB.XPD.RSDV.GD.ZS,NZL,New Zealand,2017,1.34788
GB.XPD.RSDV.GD.ZS,NZL,New Zealand,2015,1.22707
GB.XPD.RSDV.GD.ZS,NIC,Nicaragua,2015,0.10742
GB.XPD.RSDV.GD.ZS,NGA,Nigeria,2019,0.28444
GB.XPD.RSDV.GD.ZS,MKD,North Macedonia,2024,0.37363
GB.XPD.RSDV.GD.ZS,MKD,North Macedonia,2023,0.3699
GB.XPD.RSDV.GD.ZS,MKD,North Macedonia,2022,0.37372
GB.XPD.RSDV.GD.ZS,MKD,North Macedonia,2021,0.37252
GB.XPD.RSDV.GD.ZS,MKD,North Macedonia,2020,0.37264
GB.XPD.RSDV.GD.ZS,MKD,North Macedonia,2019,0.36783
GB.XPD.RSDV.GD.ZS,MKD,North Macedonia,2018,0.36367
GB.XPD.RSDV.GD.ZS,MKD,North Macedonia,2017,0.35439
GB.XPD.RSDV.GD.ZS,MKD,North Macedonia,2016,0.43585
GB.XPD.RSDV.GD.ZS,MKD,North Macedonia,2015,0.44412
GB.XPD.RSDV.GD.ZS,NOR,Norway,2023,1.85142
GB.XPD.RSDV.GD.ZS,NOR,Norway,2022,1.55081
GB.XPD.RSDV.GD.ZS,NOR,Norway,2021,1.88764
GB.XPD.RSDV.GD.ZS,NOR,Norway,2020,2.24436
GB.XPD.RSDV.GD.ZS,NOR,Norway,2019,2.13599
GB.XPD.RSDV.GD.ZS,NOR,Norway,2018,2.03482
GB.XPD.RSDV.GD.ZS,NOR,Norway,2017,2.08168
GB.XPD.RSDV.GD.ZS,NOR,Norway,2016,2.03286
GB.XPD.RSDV.GD.ZS,NOR,Norway,2015,1.92351
GB.XPD.RSDV.GD.ZS,OMN,Oman,2024,0.38979
GB.XPD.RSDV.GD.ZS,OMN,Oman,2023,0.37526
GB.XPD.RSDV.GD.ZS,OMN,Oman,2022,0.28711
GB.XPD.RSDV.GD.ZS,OMN,Oman,2021,0.29266
GB.XPD.RSDV.GD.ZS,OMN,Oman,2020,0.31599
GB.XPD.RSDV.GD.ZS,OMN,Oman,2019,0.27255
GB.XPD.RSDV.GD.ZS,OMN,Oman,2018,0.19031
GB.XPD.RSDV.GD.ZS,OMN,Oman,2017,0.19925
GB.XPD.RSDV.GD.ZS,OMN,Oman,2016,0.22691
GB.XPD.RSDV.GD.ZS,OMN,Oman,2015,0.21866
GB.XPD.RSDV.GD.ZS,PAK,Pakistan,2023,0.16399
GB.XPD.RSDV.GD.ZS,PAK,Pakistan,2021,0.16431
GB.XPD.RSDV.GD.ZS,PAK,Pakistan,2019,0.17475
GB.XPD.RSDV.GD.ZS,PAK,Pakistan,2017,0.21214
GB.XPD.RSDV.GD.ZS,PAK,Pakistan,2015,0.22193
GB.XPD.RSDV.GD.ZS,PAN,Panama,2024,0.19708
GB.XPD.RSDV.GD.ZS,PAN,Panama,2023,0.15803
GB.XPD.RSDV.GD.ZS,PAN,Panama,2022,0.18302
GB.XPD.RSDV.GD.ZS,PAN,Panama,2021,0.17691
GB.XPD.RSDV.GD.ZS,PAN,Panama,2020,0.23246
GB.XPD.RSDV.GD.ZS,PAN,Panama,2019,0.13613
GB.XPD.RSDV.GD.ZS,PAN,Panama,2018,0.13355
GB.XPD.RSDV.GD.ZS,PAN,Panama,2017,0.13083
GB.XPD.RSDV.GD.ZS,PAN,Panama,2016,0.12829
GB.XPD.RSDV.GD.ZS,PAN,Panama,2015,0.10422
GB.XPD.RSDV.GD.ZS,PNG,Papua New Guinea,2016,0.03158
GB.XPD.RSDV.GD.ZS,PRY,Paraguay,2023,0.14117
GB.XPD.RSDV.GD.ZS,PRY,Paraguay,2022,0.11944
GB.XPD.RSDV.GD.ZS,PRY,Paraguay,2021,0.14398
GB.XPD.RSDV.GD.ZS,PRY,Paraguay,2020,0.15697
GB.XPD.RSDV.GD.ZS,PRY,Paraguay,2019,0.13751
GB.XPD.RSDV.GD.ZS,PRY,Paraguay,2018,0.14684
GB.XPD.RSDV.GD.ZS,PRY,Paraguay,2017,0.14888
GB.XPD.RSDV.GD.ZS,PRY,Paraguay,2016,0.11676
GB.XPD.RSDV.GD.ZS,PRY,Paraguay,2015,0.09674
GB.XPD.RSDV.GD.ZS,PER,Peru,2023,0.17611
GB.XPD.RSDV.GD.ZS,PER,Peru,2022,0.16206
GB.XPD.RSDV.GD.ZS,PER,Peru,2021,0.13754
GB.XPD.RSDV.GD.ZS,PER,Peru,2020,0.17229
GB.XPD.RSDV.GD.ZS,PER,Peru,2019,0.15696
GB.XPD.RSDV.GD.ZS,PER,Peru,2018,0.12683
GB.XPD.RSDV.GD.ZS,PER,Peru,2017,0.12085
GB.XPD.RSDV.GD.ZS,PER,Peru,2016,0.12008
GB.XPD.RSDV.GD.ZS,PER,Peru,2015,0.11702
GB.XPD.RSDV.GD.ZS,PHL,Philippines,2020,0.27625
GB.XPD.RSDV.GD.ZS,PHL,Philippines,2019,0.25926
GB.XPD.RSDV.GD.ZS,PHL,Philippines,2018,0.32222
GB.XPD.RSDV.GD.ZS,PHL,Philippines,2015,0.15683
GB.XPD.RSDV.GD.ZS,POL,Poland,2023,1.55525
GB.XPD.RSDV.GD.ZS,POL,Poland,2022,1.44162
GB.XPD.RSDV.GD.ZS,POL,Poland,2021,1.41558
GB.XPD.RSDV.GD.ZS,POL,Poland,2020,1.37128
GB.XPD.RSDV.GD.ZS,POL,Poland,2019,1.3088
GB.XPD.RSDV.GD.ZS,POL,Poland,2018,1.19426
GB.XPD.RSDV.GD.ZS,POL,Poland,2017,1.03055
GB.XPD.RSDV.GD.ZS,POL,Poland,2016,0.9616
GB.XPD.RSDV.GD.ZS,POL,Poland,2015,0.99807
GB.XPD.RSDV.GD.ZS,PRT,Portugal,2023,1.69491
GB.XPD.RSDV.GD.ZS,PRT,Portugal,2022,1.69051
GB.XPD.RSDV.GD.ZS,PRT,Portugal,2021,1.66711
GB.XPD.RSDV.GD.ZS,PRT,Portugal,2020,1.60979
GB.XPD.RSDV.GD.ZS,PRT,Portugal,2019,1.39487
GB.XPD.RSDV.GD.ZS,PRT,Portugal,2018,1.35078
GB.XPD.RSDV.GD.ZS,PRT,Portugal,2017,1.32224
GB.XPD.RSDV.GD.ZS,PRT,Portugal,2016,1.2815
GB.XPD.RSDV.GD.ZS,PRT,Portugal,2015,1.24552
GB.XPD.RSDV.GD.ZS,PRI,Puerto Rico (US),2015,0.42882
GB.XPD.RSDV.GD.ZS,QAT,Qatar,2021,0.68058
GB.XPD.RSDV.GD.ZS,QAT,Qatar,2018,0.53129
GB.XPD.RSDV.GD.ZS,QAT,Qatar,2015,0.51883
GB.XPD.RSDV.GD.ZS,ROU,Romania,2023,0.51656
GB.XPD.RSDV.GD.ZS,ROU,Romania,2022,0.46274
GB.XPD.RSDV.GD.ZS,ROU,Romania,2021,0.47108
GB.XPD.RSDV.GD.ZS,ROU,Romania,2020,0.46414
GB.XPD.RSDV.GD.ZS,ROU,Romania,2019,0.47491
GB.XPD.RSDV.GD.ZS,ROU,Romania,2018,0.49698
GB.XPD.RSDV.GD.ZS,ROU,Romania,2017,0.50693
GB.XPD.RSDV.GD.ZS,ROU,Romania,2016,0.48863
GB.XPD.RSDV.GD.ZS,ROU,Romania,2015,0.48796
GB.XPD.RSDV.GD.ZS,RUS,Russian Federation,2024,0.93706
GB.XPD.RSDV.GD.ZS,RUS,Russian Federation,2023,0.93518
GB.XPD.RSDV.GD.ZS,RUS,Russian Federation,2022,0.91494
GB.XPD.RSDV.GD.ZS,RUS,Russian Federation,2021,0.96602
GB.XPD.RSDV.GD.ZS,RUS,Russian Federation,2020,1.09099
GB.XPD.RSDV.GD.ZS,RUS,Russian Federation,2019,1.03531
GB.XPD.RSDV.GD.ZS,RUS,Russian Federation,2018,0.99001
GB.XPD.RSDV.GD.ZS,RUS,Russian Federation,2017,1.10967
GB.XPD.RSDV.GD.ZS,RUS,Russian Federation,2016,1.10238
GB.XPD.RSDV.GD.ZS,RUS,Russian Federation,2015,1.10085
GB.XPD.RSDV.GD.ZS,RWA,Rwanda,2023,0.78149
GB.XPD.RSDV.GD.ZS,RWA,Rwanda,2019,0.75853
GB.XPD.RSDV.GD.ZS,RWA,Rwanda,2016,0.64945
GB.XPD.RSDV.GD.ZS,SAU,Saudi Arabia,2024,0.63522
GB.XPD.RSDV.GD.ZS,SAU,Saudi Arabia,2023,0.49487
GB.XPD.RSDV.GD.ZS,SAU,Saudi Arabia,2022,0.41439
GB.XPD.RSDV.GD.ZS,SAU,Saudi Arabia,2021,0.39379
GB.XPD.RSDV.GD.ZS,SAU,Saudi Arabia,2020,0.47618
GB.XPD.RSDV.GD.ZS,SEN,Senegal,2015,0.5772
GB.XPD.RSDV.GD.ZS,SRB,Serbia,2024,0.93978
GB.XPD.RSDV.GD.ZS,SRB,Serbia,2023,0.87816
GB.XPD.RSDV.GD.ZS,SRB,Serbia,2022,0.91938
GB.XPD.RSDV.GD.ZS,SRB,Serbia,2021,0.94784
GB.XPD.RSDV.GD.ZS,SRB,Serbia,2020,0.86478
GB.XPD.RSDV.GD.ZS,SRB,Serbia,2019,0.84798
GB.XPD.RSDV.GD.ZS,SRB,Serbia,2018,0.88154
GB.XPD.RSDV.GD.ZS,SRB,Serbia,2017,0.83834
GB.XPD.RSDV.GD.ZS,SRB,Serbia,2016,0.80779
GB.XPD.RSDV.GD.ZS,SRB,Serbia,2015,0.77867
GB.XPD.RSDV.GD.ZS,SYC,Seychelles,2016,0.2017
GB.XPD.RSDV.GD.ZS,SGP,Singapore,2022,1.80821
GB.XPD.RSDV.GD.ZS,SGP,Singapore,2021,1.93761
GB.XPD.RSDV.GD.ZS,SGP,Singapore,2020,2.15983
GB.XPD.RSDV.GD.ZS,SGP,Singapore,2019,1.88845
GB.XPD.RSDV.GD.ZS,SGP,Singapore,2018,1.80836
GB.XPD.RSDV.GD.ZS,SGP,Singapore,2017,1.89683
GB.XPD.RSDV.GD.ZS,SGP,Singapore,2016,2.06892
GB.XPD.RSDV.GD.ZS,SGP,Singapore,2015,2.17445
GB.XPD.RSDV.GD.ZS,SVK,Slovak Republic,2023,1.03359
GB.XPD.RSDV.GD.ZS,SVK,Slovak Republic,2022,0.97686
GB.XPD.RSDV.GD.ZS,SVK,Slovak Republic,2021,0.90093
GB.XPD.RSDV.GD.ZS,SVK,Slovak Republic,2020,0.88944
GB.XPD.RSDV.GD.ZS,SVK,Slovak Republic,2019,0.82138
GB.XPD.RSDV.GD.ZS,SVK,Slovak Republic,2018,0.83184
GB.XPD.RSDV.GD.ZS,SVK,Slovak Republic,2017,0.88153
GB.XPD.RSDV.GD.ZS,SVK,Slovak Republic,2016,0.78513
GB.XPD.RSDV.GD.ZS,SVK,Slovak Republic,2015,1.15366
GB.XPD.RSDV.GD.ZS,SVN,Slovenia,2023,2.13385
GB.XPD.RSDV.GD.ZS,SVN,Slovenia,2022,2.1
GB.XPD.RSDV.GD.ZS,SVN,Slovenia,2021,2.13847
GB.XPD.RSDV.GD.ZS,SVN,Slovenia,2020,2.15559
GB.XPD.RSDV.GD.ZS,SVN,Slovenia,2019,2.05725
GB.XPD.RSDV.GD.ZS,SVN,Slovenia,2018,1.96365
GB.XPD.RSDV.GD.ZS,SVN,Slovenia,2017,1.88219
GB.XPD.RSDV.GD.ZS,SVN,Slovenia,2016,2.02922
GB.XPD.RSDV.GD.ZS,SVN,Slovenia,2015,2.21611
GB.XPD.RSDV.GD.ZS,ZAF,South Africa,2022,0.61479
GB.XPD.RSDV.GD.ZS,ZAF,South Africa,2021,0.6139
GB.XPD.RSDV.GD.ZS,ZAF,South Africa,2020,0.60296
GB.XPD.RSDV.GD.ZS,ZAF,South Africa,2019,0.61304
GB.XPD.RSDV.GD.ZS,ZAF,South Africa,2018,0.68586
GB.XPD.RSDV.GD.ZS,ZAF,South Africa,2017,0.76257
GB.XPD.RSDV.GD.ZS,ZAF,South Africa,2016,0.74992
GB.XPD.RSDV.GD.ZS,ZAF,South Africa,2015,0.73147
GB.XPD.RSDV.GD.ZS,ESP,Spain,2023,1.49362
GB.XPD.RSDV.GD.ZS,ESP,Spain,2022,1.40684
GB.XPD.RSDV.GD.ZS,ESP,Spain,2021,1.39617
GB.XPD.RSDV.GD.ZS,ESP,Spain,2020,1.39637
GB.XPD.RSDV.GD.ZS,ESP,Spain,2019,1.24207
GB.XPD.RSDV.GD.ZS,ESP,Spain,2018,1.23288
GB.XPD.RSDV.GD.ZS,ESP,Spain,2017,1.20198
GB.XPD.RSDV.GD.ZS,ESP,Spain,2016,1.1808
GB.XPD.RSDV.GD.ZS,ESP,Spain,2015,1.21165
GB.XPD.RSDV.GD.ZS,LKA,Sri Lanka,2022,0.10506
GB.XPD.RSDV.GD.ZS,LKA,Sri Lanka,2020,0.11616
GB.XPD.RSDV.GD.ZS,LKA,Sri Lanka,2018,0.11949
GB.XPD.RSDV.GD.ZS,LKA,Sri Lanka,2017,0.11818
GB.XPD.RSDV.GD.ZS,LKA,Sri Lanka,2016,0.12034
GB.XPD.RSDV.GD.ZS,LKA,Sri Lanka,2015,0.10291
GB.XPD.RSDV.GD.ZS,SWE,Sweden,2023,3.59978
GB.XPD.RSDV.GD.ZS,SWE,Sweden,2022,3.47239
GB.XPD.RSDV.GD.ZS,SWE,Sweden,2021,3.41565
GB.XPD.RSDV.GD.ZS,SWE,Sweden,2020,3.50181
GB.XPD.RSDV.GD.ZS,SWE,Sweden,2019,3.39847
GB.XPD.RSDV.GD.ZS,SWE,Sweden,2018,3.34602
GB.XPD.RSDV.GD.ZS,SWE,Sweden,2017,3.39374
GB.XPD.RSDV.GD.ZS,SWE,Sweden,2016,3.25643
GB.XPD.RSDV.GD.ZS,SWE,Sweden,2015,3.24088
GB.XPD.RSDV.GD.ZS,CHE,Switzerland,2023,3.22178
GB.XPD.RSDV.GD.ZS,CHE,Switzerland,2021,3.24862
GB.XPD.RSDV.GD.ZS,CHE,Switzerland,2019,3.14983
GB.XPD.RSDV.GD.ZS,CHE,Switzerland,2017,3.04671
GB.XPD.RSDV.GD.ZS,CHE,Switzerland,2015,3.04577
GB.XPD.RSDV.GD.ZS,SYR,Syrian Arab Republic,2022,0.04217
GB.XPD.RSDV.GD.ZS,SYR,Syrian Arab Republic,2015,0.01942
GB.XPD.RSDV.GD.ZS,TJK,Tajikistan,2020,0.08969
GB.XPD.RSDV.GD.ZS,TJK,Tajikistan,2019,0.09367
GB.XPD.RSDV.GD.ZS,TJK,Tajikistan,2018,0.09401
GB.XPD.RSDV.GD.ZS,TJK,Tajikistan,2017,0.10957
GB.XPD.RSDV.GD.ZS,TJK,Tajikistan,2016,0.10622
GB.XPD.RSDV.GD.ZS,TJK,Tajikistan,2015,0.1034
GB.XPD.RSDV.GD.ZS,THA,Thailand,2023,0.93628
GB.XPD.RSDV.GD.ZS,THA,Thailand,2022,1.15902
GB.XPD.RSDV.GD.ZS,THA,Thailand,2021,1.20822
GB.XPD.RSDV.GD.ZS,THA,Thailand,2020,1.32818
GB.XPD.RSDV.GD.ZS,THA,Thailand,2019,1.14317
GB.XPD.RSDV.GD.ZS,THA,Thailand,2018,1.11375
GB.XPD.RSDV.GD.ZS,THA,Thailand,2017,1.00165
GB.XPD.RSDV.GD.ZS,THA,Thailand,2016,0.77829
GB.XPD.RSDV.GD.ZS,THA,Thailand,2015,0.61609
GB.XPD.RSDV.GD.ZS,TGO,Togo,2024,0.22229
GB.XPD.RSDV.GD.ZS,TTO,Trinidad and Tobago,2022,0.05039
GB.XPD.RSDV.GD.ZS,TTO,Trinidad and Tobago,2021,0.05445
GB.XPD.RSDV.GD.ZS,TTO,Trinidad and Tobago,2020,0.06455
GB.XPD.RSDV.GD.ZS,TTO,Trinidad and Tobago,2019,0.06007
GB.XPD.RSDV.GD.ZS,TTO,Trinidad and Tobago,2018,0.08371
GB.XPD.RSDV.GD.ZS,TTO,Trinidad and Tobago,2017,0.08587
GB.XPD.RSDV.GD.ZS,TTO,Trinidad and Tobago,2016,0.08662
GB.XPD.RSDV.GD.ZS,TTO,Trinidad and Tobago,2015,0.08051
GB.XPD.RSDV.GD.ZS,TUN,Tunisia,2019,0.74658
GB.XPD.RSDV.GD.ZS,TUN,Tunisia,2018,0.71645
GB.XPD.RSDV.GD.ZS,TUN,Tunisia,2017,0.69953
GB.XPD.RSDV.GD.ZS,TUN,Tunisia,2016,0.56539
GB.XPD.RSDV.GD.ZS,TUN,Tunisia,2015,0.59413
GB.XPD.RSDV.GD.ZS,TUR,Turkiye,2023,1.42224
GB.XPD.RSDV.GD.ZS,TUR,Turkiye,2022,1.32342
GB.XPD.RSDV.GD.ZS,TUR,Turkiye,2021,1.40209
GB.XPD.RSDV.GD.ZS,TUR,Turkiye,2020,1.36748
GB.XPD.RSDV.GD.ZS,TUR,Turkiye,2019,1.3196
GB.XPD.RSDV.GD.ZS,TUR,Turkiye,2018,1.27093
GB.XPD.RSDV.GD.ZS,TUR,Turkiye,2017,1.17632
GB.XPD.RSDV.GD.ZS,TUR,Turkiye,2016,1.11979
GB.XPD.RSDV.GD.ZS,TUR,Turkiye,2015,0.96732
GB.XPD.RSDV.GD.ZS,TKM,Turkmenistan,2023,0.09
GB.XPD.RSDV.GD.ZS,TKM,Turkmenistan,2022,0.14
GB.XPD.RSDV.GD.ZS,TKM,Turkmenistan,2021,0.1
GB.XPD.RSDV.GD.ZS,TKM,Turkmenistan,2020,0.13
GB.XPD.RSDV.GD.ZS,TKM,Turkmenistan,2019,0.11
GB.XPD.RSDV.GD.ZS,TKM,Turkmenistan,2018,0.08
GB.XPD.RSDV.GD.ZS,TKM,Turkmenistan,2017,0.09
GB.XPD.RSDV.GD.ZS,TKM,Turkmenistan,2016,0.16
GB.XPD.RSDV.GD.ZS,TKM,Turkmenistan,2015,0.11
GB.XPD.RSDV.GD.ZS,UGA,Uganda,2023,0.4383
GB.XPD.RSDV.GD.ZS,UKR,Ukraine,2024,0.36988
GB.XPD.RSDV.GD.ZS,UKR,Ukraine,2023,0.32209
GB.XPD.RSDV.GD.ZS,UKR,Ukraine,2022,0.32673
GB.XPD.RSDV.GD.ZS,UKR,Ukraine,2021,0.38478
GB.XPD.RSDV.GD.ZS,UKR,Ukraine,2020,0.40318
GB.XPD.RSDV.GD.ZS,UKR,Ukraine,2019,0.43384
GB.XPD.RSDV.GD.ZS,UKR,Ukraine,2018,0.47113
GB.XPD.RSDV.GD.ZS,UKR,Ukraine,2017,0.44878
GB.XPD.RSDV.GD.ZS,UKR,Ukraine,2016,0.48339
GB.XPD.RSDV.GD.ZS,UKR,Ukraine,2015,0.61477
GB.XPD.RSDV.GD.ZS,ARE,United Arab Emirates,2021,1.49469
GB.XPD.RSDV.GD.ZS,ARE,United Arab Emirates,2020,1.48831
GB.XPD.RSDV.GD.ZS,ARE,United Arab Emirates,2019,1.31065
GB.XPD.RSDV.GD.ZS,ARE,United Arab Emirates,2018,1.26389
GB.XPD.RSDV.GD.ZS,ARE,United Arab Emirates,2016,0.9318
GB.XPD.RSDV.GD.ZS,ARE,United Arab Emirates,2015,0.86569
GB.XPD.RSDV.GD.ZS,GBR,United Kingdom,2023,2.67614
GB.XPD.RSDV.GD.ZS,GBR,United Kingdom,2022,2.75224
GB.XPD.RSDV.GD.ZS,GBR,United Kingdom,2021,2.89968
GB.XPD.RSDV.GD.ZS,GBR,United Kingdom,2020,2.93993
GB.XPD.RSDV.GD.ZS,GBR,United Kingdom,2019,2.6707
GB.XPD.RSDV.GD.ZS,GBR,United Kingdom,2018,2.70889
GB.XPD.RSDV.GD.ZS,GBR,United Kingdom,2017,2.32602
GB.XPD.RSDV.GD.ZS,GBR,United Kingdom,2016,2.32051
GB.XPD.RSDV.GD.ZS,GBR,United Kingdom,2015,2.27566
GB.XPD.RSDV.GD.ZS,USA,United States,2023,3.44716
GB.XPD.RSDV.GD.ZS,USA,United States,2022,3.48736
GB.XPD.RSDV.GD.ZS,USA,United States,2021,3.4689
GB.XPD.RSDV.GD.ZS,USA,United States,2020,3.41788
GB.XPD.RSDV.GD.ZS,USA,United States,2019,3.14297
GB.XPD.RSDV.GD.ZS,USA,United States,2018,2.98956
GB.XPD.RSDV.GD.ZS,USA,United States,2017,2.88315
GB.XPD.RSDV.GD.ZS,USA,United States,2016,2.83677
GB.XPD.RSDV.GD.ZS,USA,United States,2015,2.77328
GB.XPD.RSDV.GD.ZS,URY,Uruguay,2023,0.70196
GB.XPD.RSDV.GD.ZS,URY,Uruguay,2022,0.62206
GB.XPD.RSDV.GD.ZS,URY,Uruguay,2021,0.61467
GB.XPD.RSDV.GD.ZS,URY,Uruguay,2020,0.67606
GB.XPD.RSDV.GD.ZS,URY,Uruguay,2019,0.56805
GB.XPD.RSDV.GD.ZS,URY,Uruguay,2018,0.50484
GB.XPD.RSDV.GD.ZS,URY,Uruguay,2017,0.44052
GB.XPD.RSDV.GD.ZS,URY,Uruguay,2016,0.37391
GB.XPD.RSDV.GD.ZS,URY,Uruguay,2015,0.35109
GB.XPD.RSDV.GD.ZS,UZB,Uzbekistan,2024,0.10416
GB.XPD.RSDV.GD.ZS,UZB,Uzbekistan,2023,0.11093
GB.XPD.RSDV.GD.ZS,UZB,Uzbekistan,2022,0.14297
GB.XPD.RSDV.GD.ZS,UZB,Uzbekistan,2021,0.11843
GB.XPD.RSDV.GD.ZS,UZB,Uzbekistan,2020,0.12554
GB.XPD.RSDV.GD.ZS,UZB,Uzbekistan,2019,0.10128
GB.XPD.RSDV.GD.ZS,UZB,Uzbekistan,2018,0.11164
GB.XPD.RSDV.GD.ZS,UZB,Uzbekistan,2017,0.13212
GB.XPD.RSDV.GD.ZS,UZB,Uzbekistan,2016,0.17238
GB.XPD.RSDV.GD.ZS,UZB,Uzbekistan,2015,0.16497
GB.XPD.RSDV.GD.ZS,VNM,Viet Nam,2023,0.41456
GB.XPD.RSDV.GD.ZS,VNM,Viet Nam,2021,0.42494
GB.XPD.RSDV.GD.ZS,VNM,Viet Nam,2019,0.41652
GB.XPD.RSDV.GD.ZS,VNM,Viet Nam,2017,0.41895
GB.XPD.RSDV.GD.ZS,VNM,Viet Nam,2015,0.35629
