dataset,bop_item,stk_flow,partner,geo,year,currency,value
bop_its6_det,SJ312,DEB,US,AT,2015,MIO_EUR,25.0
bop_its6_det,SJ312,DEB,US,AT,2016,MIO_EUR,24.0
bop_its6_det,SJ312,DEB,US,AT,2017,MIO_EUR,20.0
bop_its6_det,SJ312,DEB,US,AT,2018,MIO_EUR,30.0
bop_its6_det,SJ312,DEB,US,AT,2019,MIO_EUR,26.0
bop_its6_det,SJ312,DEB,US,AT,2020,MIO_EUR,27.0
bop_its6_det,SJ312,DEB,US,AT,2021,MIO_EUR,33.0
bop_its6_det,SJ312,DEB,US,AT,2022,MIO_EUR,51.0
bop_its6_det,SJ312,DEB,US,AT,2023,MIO_EUR,58.0
bop_its6_det,SJ312,DEB,US,AT,2024,MIO_EUR,61.0
bop_its6_det,SJ312,DEB,US,BE,2020,MIO_EUR,95.0
bop_its6_det,SJ312,DEB,US,BE,2021,MIO_EUR,81.0
bop_its6_det,SJ312,DEB,US,BE,2022,MIO_EUR,138.0
bop_its6_det,SJ312,DEB,US,BE,2023,MIO_EUR,137.0
bop_its6_det,SJ312,DEB,US,BE,2024,MIO_EUR,445.0
bop_its6_det,SJ312,DEB,US,CZ,2015,MIO_EUR,11.1
bop_its6_det,SJ312,DEB,US,CZ,2016,MIO_EUR,6.1
bop_its6_det,SJ312,DEB,US,CZ,2017,MIO_EUR,8.1
bop_its6_det,SJ312,DEB,US,CZ,2018,MIO_EUR,5.4
bop_its6_det,SJ312,DEB,US,CZ,2019,MIO_EUR,2.7
bop_its6_det,SJ312,DEB,US,CZ,2020,MIO_EUR,3.4
bop_its6_det,SJ312,DEB,US,CZ,2021,MIO_EUR,2.3
bop_its6_det,SJ312,DEB,US,CZ,2022,MIO_EUR,12.4
bop_its6_det,SJ312,DEB,US,CZ,2023,MIO_EUR,10.1
bop_its6_det,SJ312,DEB,US,CZ,2024,MIO_EUR,3.7
bop_its6_det,SJ312,DEB,US,DE,2016,MIO_EUR,405.0
bop_its6_det,SJ312,DEB,US,DE,2020,MIO_EUR,478.0
bop_its6_det,SJ312,DEB,US,DE,2021,MIO_EUR,574.0
bop_its6_det,SJ312,DEB,US,DE,2024,MIO_EUR,691.0
bop_its6_det,SJ312,DEB,US,DK,2015,MIO_EUR,50.3
bop_its6_det,SJ312,DEB,US,DK,2016,MIO_EUR,66.9
bop_its6_det,SJ312,DEB,US,DK,2017,MIO_EUR,59.0
bop_its6_det,SJ312,DEB,US,DK,2018,MIO_EUR,55.5
bop_its6_det,SJ312,DEB,US,DK,2019,MIO_EUR,65.5
bop_its6_det,SJ312,DEB,US,DK,2020,MIO_EUR,44.5
bop_its6_det,SJ312,DEB,US,DK,2021,MIO_EUR,49.9
bop_its6_det,SJ312,DEB,US,DK,2022,MIO_EUR,67.5
bop_its6_det,SJ312,DEB,US,DK,2023,MIO_EUR,81.9
bop_its6_det,SJ312,DEB,US,DK,2024,MIO_EUR,48.7
bop_its6_det,SJ312,DEB,US,EL,2015,MIO_EUR,2.8
bop_its6_det,SJ312,DEB,US,EL,2016,MIO_EUR,2.5
bop_its6_det,SJ312,DEB,US,EL,2017,MIO_EUR,2.9
bop_its6_det,SJ312,DEB,US,EL,2018,MIO_EUR,2.8
bop_its6_det,SJ312,DEB,US,EL,2019,MIO_EUR,2.4
bop_its6_det,SJ312,DEB,US,EL,2020,MIO_EUR,1.8
bop_its6_det,SJ312,DEB,US,EL,2021,MIO_EUR,2.3
bop_its6_det,SJ312,DEB,US,EL,2022,MIO_EUR,4.6
bop_its6_det,SJ312,DEB,US,EL,2023,MIO_EUR,3.7
bop_its6_det,SJ312,DEB,US,EL,2024,MIO_EUR,3.6
bop_its6_det,SJ312,DEB,US,ES,2016,MIO_EUR,81.0
bop_its6_det,SJ312,DEB,US,ES,2017,MIO_EUR,72.0
bop_its6_det,SJ312,DEB,US,ES,2019,MIO_EUR,65.0
bop_its6_det,SJ312,DEB,US,ES,2020,MIO_EUR,103.0
bop_its6_det,SJ312,DEB,US,ES,2021,MIO_EUR,97.0
bop_its6_det,SJ312,DEB,US,ES,2024,MIO_EUR,103.0
bop_its6_det,SJ312,DEB,US,EU27_2020,2015,MIO_EUR,1337.4
bop_its6_det,SJ312,DEB,US,EU27_2020,2016,MIO_EUR,1687.1
bop_its6_det,SJ312,DEB,US,EU27_2020,2017,MIO_EUR,1460.7
bop_its6_det,SJ312,DEB,US,EU27_2020,2018,MIO_EUR,1793.1
bop_its6_det,SJ312,DEB,US,EU27_2020,2019,MIO_EUR,1553.5
bop_its6_det,SJ312,DEB,US,EU27_2020,2020,MIO_EUR,1323.1
bop_its6_det,SJ312,DEB,US,EU27_2020,2021,MIO_EUR,1484.3
bop_its6_det,SJ312,DEB,US,EU27_2020,2022,MIO_EUR,1911.8
bop_its6_det,SJ312,DEB,US,EU27_2020,2023,MIO_EUR,1960.1
bop_its6_det,SJ312,DEB,US,EU27_2020,2024,MIO_EUR,2799.3
bop_its6_det,SJ312,DEB,US,FI,2015,MIO_EUR,5.0
bop_its6_det,SJ312,DEB,US,FI,2016,MIO_EUR,4.0
bop_its6_det,SJ312,DEB,US,FI,2017,MIO_EUR,7.0
bop_its6_det,SJ312,DEB,US,FI,2018,MIO_EUR,10.0
bop_its6_det,SJ312,DEB,US,FI,2019,MIO_EUR,14.0
bop_its6_det,SJ312,DEB,US,FI,2020,MIO_EUR,11.0
bop_its6_det,SJ312,DEB,US,FI,2021,MIO_EUR,27.0
bop_its6_det,SJ312,DEB,US,FI,2022,MIO_EUR,8.0
bop_its6_det,SJ312,DEB,US,FI,2023,MIO_EUR,9.0
bop_its6_det,SJ312,DEB,US,FI,2024,MIO_EUR,18.0
bop_its6_det,SJ312,DEB,US,FR,2015,MIO_EUR,172.0
bop_its6_det,SJ312,DEB,US,FR,2016,MIO_EUR,267.0
bop_its6_det,SJ312,DEB,US,FR,2017,MIO_EUR,343.0
bop_its6_det,SJ312,DEB,US,FR,2018,MIO_EUR,416.0
bop_its6_det,SJ312,DEB,US,FR,2019,MIO_EUR,225.0
bop_its6_det,SJ312,DEB,US,FR,2020,MIO_EUR,150.0
bop_its6_det,SJ312,DEB,US,FR,2021,MIO_EUR,149.0
bop_its6_det,SJ312,DEB,US,FR,2022,MIO_EUR,200.0
bop_its6_det,SJ312,DEB,US,FR,2023,MIO_EUR,201.0
bop_its6_det,SJ312,DEB,US,FR,2024,MIO_EUR,211.0
bop_its6_det,SJ312,DEB,US,HU,2015,MIO_EUR,11.0
bop_its6_det,SJ312,DEB,US,HU,2017,MIO_EUR,10.2
bop_its6_det,SJ312,DEB,US,HU,2018,MIO_EUR,11.0
bop_its6_det,SJ312,DEB,US,HU,2020,MIO_EUR,18.3
bop_its6_det,SJ312,DEB,US,HU,2021,MIO_EUR,14.3
bop_its6_det,SJ312,DEB,US,HU,2022,MIO_EUR,20.9
bop_its6_det,SJ312,DEB,US,HU,2023,MIO_EUR,44.7
bop_its6_det,SJ312,DEB,US,HU,2024,MIO_EUR,46.0
bop_its6_det,SJ312,DEB,US,IE,2015,MIO_EUR,39.0
bop_its6_det,SJ312,DEB,US,IE,2016,MIO_EUR,40.0
bop_its6_det,SJ312,DEB,US,IE,2018,MIO_EUR,5.0
bop_its6_det,SJ312,DEB,US,IE,2019,MIO_EUR,21.0
bop_its6_det,SJ312,DEB,US,IE,2020,MIO_EUR,22.0
bop_its6_det,SJ312,DEB,US,IE,2021,MIO_EUR,31.0
bop_its6_det,SJ312,DEB,US,IE,2023,MIO_EUR,34.0
bop_its6_det,SJ312,DEB,US,IT,2015,MIO_EUR,78.4
bop_its6_det,SJ312,DEB,US,IT,2016,MIO_EUR,125.4
bop_its6_det,SJ312,DEB,US,IT,2017,MIO_EUR,93.1
bop_its6_det,SJ312,DEB,US,IT,2018,MIO_EUR,103.1
bop_its6_det,SJ312,DEB,US,IT,2019,MIO_EUR,128.9
bop_its6_det,SJ312,DEB,US,IT,2020,MIO_EUR,96.8
bop_its6_det,SJ312,DEB,US,IT,2021,MIO_EUR,94.3
bop_its6_det,SJ312,DEB,US,IT,2022,MIO_EUR,115.0
bop_its6_det,SJ312,DEB,US,IT,2023,MIO_EUR,144.9
bop_its6_det,SJ312,DEB,US,IT,2024,MIO_EUR,128.4
bop_its6_det,SJ312,DEB,US,NL,2015,MIO_EUR,117.9
bop_its6_det,SJ312,DEB,US,NL,2017,MIO_EUR,97.3
bop_its6_det,SJ312,DEB,US,NL,2018,MIO_EUR,137.8
bop_its6_det,SJ312,DEB,US,NL,2019,MIO_EUR,192.7
bop_its6_det,SJ312,DEB,US,NL,2021,MIO_EUR,99.8
bop_its6_det,SJ312,DEB,US,NL,2022,MIO_EUR,153.6
bop_its6_det,SJ312,DEB,US,NL,2023,MIO_EUR,193.7
bop_its6_det,SJ312,DEB,US,NL,2024,MIO_EUR,375.1
bop_its6_det,SJ312,DEB,US,PL,2015,MIO_EUR,31.8
bop_its6_det,SJ312,DEB,US,PL,2016,MIO_EUR,38.0
bop_its6_det,SJ312,DEB,US,PL,2017,MIO_EUR,29.1
bop_its6_det,SJ312,DEB,US,PL,2018,MIO_EUR,29.6
bop_its6_det,SJ312,DEB,US,PL,2019,MIO_EUR,26.8
bop_its6_det,SJ312,DEB,US,PL,2020,MIO_EUR,24.8
bop_its6_det,SJ312,DEB,US,PL,2021,MIO_EUR,26.3
bop_its6_det,SJ312,DEB,US,PL,2022,MIO_EUR,70.6
bop_its6_det,SJ312,DEB,US,PL,2023,MIO_EUR,157.4
bop_its6_det,SJ312,DEB,US,PL,2024,MIO_EUR,299.4
bop_its6_det,SJ312,DEB,US,PT,2015,MIO_EUR,0.0
bop_its6_det,SJ312,DEB,US,PT,2016,MIO_EUR,2.0
bop_its6_det,SJ312,DEB,US,PT,2017,MIO_EUR,1.0
bop_its6_det,SJ312,DEB,US,PT,2018,MIO_EUR,2.0
bop_its6_det,SJ312,DEB,US,PT,2019,MIO_EUR,5.0
bop_its6_det,SJ312,DEB,US,PT,2020,MIO_EUR,2.0
bop_its6_det,SJ312,DEB,US,PT,2021,MIO_EUR,1.0
bop_its6_det,SJ312,DEB,US,PT,2022,MIO_EUR,11.0
bop_its6_det,SJ312,DEB,US,PT,2023,MIO_EUR,4.0
bop_its6_det,SJ312,DEB,US,PT,2024,MIO_EUR,7.0
bop_its6_det,SJ312,DEB,US,RO,2016,MIO_EUR,20.7
bop_its6_det,SJ312,DEB,US,RO,2019,MIO_EUR,10.5
bop_its6_det,SJ312,DEB,US,RO,2022,MIO_EUR,6.5
bop_its6_det,SJ312,DEB,US,SE,2015,MIO_EUR,41.7
bop_its6_det,SJ312,DEB,US,SE,2016,MIO_EUR,33.7
bop_its6_det,SJ312,DEB,US,SE,2017,MIO_EUR,70.4
bop_its6_det,SJ312,DEB,US,SE,2018,MIO_EUR,85.8
bop_its6_det,SJ312,DEB,US,SE,2019,MIO_EUR,85.7
bop_its6_det,SJ312,DEB,US,SE,2020,MIO_EUR,32.6
bop_its6_det,SJ312,DEB,US,SE,2021,MIO_EUR,175.9
bop_its6_det,SJ312,DEB,US,SE,2022,MIO_EUR,214.3
bop_its6_det,SJ312,DEB,US,SE,2023,MIO_EUR,178.2
bop_its6_det,SJ312,DEB,US,SE,2024,MIO_EUR,208.1
bop_its6_det,SJ312,CRE,US,AT,2015,MIO_EUR,102.0
bop_its6_det,SJ312,CRE,US,AT,2016,MIO_EUR,114.0
bop_its6_det,SJ312,CRE,US,AT,2017,MIO_EUR,110.0
bop_its6_det,SJ312,CRE,US,AT,2018,MIO_EUR,107.0
bop_its6_det,SJ312,CRE,US,AT,2019,MIO_EUR,88.0
bop_its6_det,SJ312,CRE,US,AT,2020,MIO_EUR,110.0
bop_its6_det,SJ312,CRE,US,AT,2021,MIO_EUR,152.0
bop_its6_det,SJ312,CRE,US,AT,2022,MIO_EUR,128.0
bop_its6_det,SJ312,CRE,US,AT,2023,MIO_EUR,181.0
bop_its6_det,SJ312,CRE,US,AT,2024,MIO_EUR,201.0
bop_its6_det,SJ312,CRE,US,BE,2019,MIO_EUR,69.0
bop_its6_det,SJ312,CRE,US,BE,2020,MIO_EUR,55.0
bop_its6_det,SJ312,CRE,US,BE,2023,MIO_EUR,423.0
bop_its6_det,SJ312,CRE,US,BE,2024,MIO_EUR,602.0
bop_its6_det,SJ312,CRE,US,CZ,2015,MIO_EUR,12.7
bop_its6_det,SJ312,CRE,US,CZ,2016,MIO_EUR,12.9
bop_its6_det,SJ312,CRE,US,CZ,2017,MIO_EUR,8.1
bop_its6_det,SJ312,CRE,US,CZ,2018,MIO_EUR,9.3
bop_its6_det,SJ312,CRE,US,CZ,2019,MIO_EUR,17.3
bop_its6_det,SJ312,CRE,US,CZ,2020,MIO_EUR,17.4
bop_its6_det,SJ312,CRE,US,CZ,2021,MIO_EUR,15.0
bop_its6_det,SJ312,CRE,US,CZ,2022,MIO_EUR,19.5
bop_its6_det,SJ312,CRE,US,CZ,2023,MIO_EUR,8.7
bop_its6_det,SJ312,CRE,US,CZ,2024,MIO_EUR,9.4
bop_its6_det,SJ312,CRE,US,DE,2015,MIO_EUR,678.0
bop_its6_det,SJ312,CRE,US,DE,2016,MIO_EUR,731.0
bop_its6_det,SJ312,CRE,US,DE,2020,MIO_EUR,625.0
bop_its6_det,SJ312,CRE,US,DE,2021,MIO_EUR,785.0
bop_its6_det,SJ312,CRE,US,DE,2022,MIO_EUR,949.0
bop_its6_det,SJ312,CRE,US,DE,2023,MIO_EUR,1079.0
bop_its6_det,SJ312,CRE,US,DE,2024,MIO_EUR,1223.0
bop_its6_det,SJ312,CRE,US,DK,2015,MIO_EUR,110.3
bop_its6_det,SJ312,CRE,US,DK,2016,MIO_EUR,98.5
bop_its6_det,SJ312,CRE,US,DK,2017,MIO_EUR,80.4
bop_its6_det,SJ312,CRE,US,DK,2018,MIO_EUR,97.5
bop_its6_det,SJ312,CRE,US,DK,2019,MIO_EUR,77.6
bop_its6_det,SJ312,CRE,US,DK,2020,MIO_EUR,75.1
bop_its6_det,SJ312,CRE,US,DK,2021,MIO_EUR,92.6
bop_its6_det,SJ312,CRE,US,DK,2022,MIO_EUR,128.8
bop_its6_det,SJ312,CRE,US,DK,2023,MIO_EUR,246.1
bop_its6_det,SJ312,CRE,US,DK,2024,MIO_EUR,199.2
bop_its6_det,SJ312,CRE,US,EL,2015,MIO_EUR,1.4
bop_its6_det,SJ312,CRE,US,EL,2016,MIO_EUR,1.6
bop_its6_det,SJ312,CRE,US,EL,2017,MIO_EUR,1.7
bop_its6_det,SJ312,CRE,US,EL,2018,MIO_EUR,1.7
bop_its6_det,SJ312,CRE,US,EL,2019,MIO_EUR,1.6
bop_its6_det,SJ312,CRE,US,EL,2020,MIO_EUR,1.7
bop_its6_det,SJ312,CRE,US,EL,2021,MIO_EUR,2.7
bop_its6_det,SJ312,CRE,US,EL,2022,MIO_EUR,4.5
bop_its6_det,SJ312,CRE,US,EL,2023,MIO_EUR,4.3
bop_its6_det,SJ312,CRE,US,EL,2024,MIO_EUR,5.9
bop_its6_det,SJ312,CRE,US,ES,2017,MIO_EUR,96.0
bop_its6_det,SJ312,CRE,US,ES,2018,MIO_EUR,99.0
bop_its6_det,SJ312,CRE,US,ES,2019,MIO_EUR,116.0
bop_its6_det,SJ312,CRE,US,ES,2020,MIO_EUR,97.0
bop_its6_det,SJ312,CRE,US,ES,2021,MIO_EUR,107.0
bop_its6_det,SJ312,CRE,US,ES,2022,MIO_EUR,100.0
bop_its6_det,SJ312,CRE,US,ES,2023,MIO_EUR,117.0
bop_its6_det,SJ312,CRE,US,ES,2024,MIO_EUR,226.0
bop_its6_det,SJ312,CRE,US,EU27_2020,2015,MIO_EUR,1971.2
bop_its6_det,SJ312,CRE,US,EU27_2020,2016,MIO_EUR,2180.2
bop_its6_det,SJ312,CRE,US,EU27_2020,2017,MIO_EUR,2129.5
bop_its6_det,SJ312,CRE,US,EU27_2020,2018,MIO_EUR,2076.8
bop_its6_det,SJ312,CRE,US,EU27_2020,2019,MIO_EUR,2068.7
bop_its6_det,SJ312,CRE,US,EU27_2020,2020,MIO_EUR,1942.9
bop_its6_det,SJ312,CRE,US,EU27_2020,2021,MIO_EUR,2389.9
bop_its6_det,SJ312,CRE,US,EU27_2020,2022,MIO_EUR,2760.6
bop_its6_det,SJ312,CRE,US,EU27_2020,2023,MIO_EUR,3734.1
bop_its6_det,SJ312,CRE,US,EU27_2020,2024,MIO_EUR,4289.7
bop_its6_det,SJ312,CRE,US,FI,2015,MIO_EUR,31.0
bop_its6_det,SJ312,CRE,US,FI,2016,MIO_EUR,62.0
bop_its6_det,SJ312,CRE,US,FI,2017,MIO_EUR,91.0
bop_its6_det,SJ312,CRE,US,FI,2018,MIO_EUR,82.0
bop_its6_det,SJ312,CRE,US,FI,2019,MIO_EUR,105.0
bop_its6_det,SJ312,CRE,US,FI,2020,MIO_EUR,82.0
bop_its6_det,SJ312,CRE,US,FI,2021,MIO_EUR,81.0
bop_its6_det,SJ312,CRE,US,FI,2022,MIO_EUR,84.0
bop_its6_det,SJ312,CRE,US,FI,2023,MIO_EUR,100.0
bop_its6_det,SJ312,CRE,US,FI,2024,MIO_EUR,183.0
bop_its6_det,SJ312,CRE,US,FR,2015,MIO_EUR,323.0
bop_its6_det,SJ312,CRE,US,FR,2016,MIO_EUR,303.0
bop_its6_det,SJ312,CRE,US,FR,2017,MIO_EUR,291.0
bop_its6_det,SJ312,CRE,US,FR,2018,MIO_EUR,408.0
bop_its6_det,SJ312,CRE,US,FR,2019,MIO_EUR,261.0
bop_its6_det,SJ312,CRE,US,FR,2020,MIO_EUR,249.0
bop_its6_det,SJ312,CRE,US,FR,2021,MIO_EUR,385.0
bop_its6_det,SJ312,CRE,US,FR,2022,MIO_EUR,303.0
bop_its6_det,SJ312,CRE,US,FR,2023,MIO_EUR,507.0
bop_its6_det,SJ312,CRE,US,FR,2024,MIO_EUR,559.0
bop_its6_det,SJ312,CRE,US,HU,2015,MIO_EUR,16.2
bop_its6_det,SJ312,CRE,US,HU,2016,MIO_EUR,24.2
bop_its6_det,SJ312,CRE,US,HU,2017,MIO_EUR,15.7
bop_its6_det,SJ312,CRE,US,HU,2018,MIO_EUR,11.8
bop_its6_det,SJ312,CRE,US,HU,2020,MIO_EUR,22.1
bop_its6_det,SJ312,CRE,US,HU,2021,MIO_EUR,17.3
bop_its6_det,SJ312,CRE,US,HU,2022,MIO_EUR,26.9
bop_its6_det,SJ312,CRE,US,HU,2023,MIO_EUR,42.4
bop_its6_det,SJ312,CRE,US,HU,2024,MIO_EUR,34.9
bop_its6_det,SJ312,CRE,US,IE,2015,MIO_EUR,27.0
bop_its6_det,SJ312,CRE,US,IE,2016,MIO_EUR,3.0
bop_its6_det,SJ312,CRE,US,IE,2017,MIO_EUR,14.0
bop_its6_det,SJ312,CRE,US,IE,2018,MIO_EUR,2.0
bop_its6_det,SJ312,CRE,US,IE,2019,MIO_EUR,3.0
bop_its6_det,SJ312,CRE,US,IE,2020,MIO_EUR,33.0
bop_its6_det,SJ312,CRE,US,IE,2021,MIO_EUR,32.0
bop_its6_det,SJ312,CRE,US,IE,2022,MIO_EUR,115.0
bop_its6_det,SJ312,CRE,US,IE,2023,MIO_EUR,68.0
bop_its6_det,SJ312,CRE,US,IE,2024,MIO_EUR,39.0
bop_its6_det,SJ312,CRE,US,IT,2015,MIO_EUR,36.5
bop_its6_det,SJ312,CRE,US,IT,2016,MIO_EUR,142.5
bop_its6_det,SJ312,CRE,US,IT,2017,MIO_EUR,75.6
bop_its6_det,SJ312,CRE,US,IT,2018,MIO_EUR,71.3
bop_its6_det,SJ312,CRE,US,IT,2019,MIO_EUR,106.6
bop_its6_det,SJ312,CRE,US,IT,2020,MIO_EUR,26.7
bop_its6_det,SJ312,CRE,US,IT,2021,MIO_EUR,63.0
bop_its6_det,SJ312,CRE,US,IT,2022,MIO_EUR,74.5
bop_its6_det,SJ312,CRE,US,IT,2023,MIO_EUR,58.9
bop_its6_det,SJ312,CRE,US,IT,2024,MIO_EUR,43.9
bop_its6_det,SJ312,CRE,US,NL,2015,MIO_EUR,53.6
bop_its6_det,SJ312,CRE,US,NL,2017,MIO_EUR,46.4
bop_its6_det,SJ312,CRE,US,NL,2018,MIO_EUR,55.5
bop_its6_det,SJ312,CRE,US,NL,2019,MIO_EUR,76.0
bop_its6_det,SJ312,CRE,US,NL,2021,MIO_EUR,62.0
bop_its6_det,SJ312,CRE,US,NL,2022,MIO_EUR,78.3
bop_its6_det,SJ312,CRE,US,NL,2023,MIO_EUR,84.8
bop_its6_det,SJ312,CRE,US,NL,2024,MIO_EUR,121.7
bop_its6_det,SJ312,CRE,US,PL,2015,MIO_EUR,147.5
bop_its6_det,SJ312,CRE,US,PL,2016,MIO_EUR,156.8
bop_its6_det,SJ312,CRE,US,PL,2017,MIO_EUR,162.1
bop_its6_det,SJ312,CRE,US,PL,2018,MIO_EUR,179.7
bop_its6_det,SJ312,CRE,US,PL,2019,MIO_EUR,191.7
bop_its6_det,SJ312,CRE,US,PL,2020,MIO_EUR,302.0
bop_its6_det,SJ312,CRE,US,PL,2021,MIO_EUR,364.5
bop_its6_det,SJ312,CRE,US,PL,2022,MIO_EUR,445.6
bop_its6_det,SJ312,CRE,US,PL,2023,MIO_EUR,536.1
bop_its6_det,SJ312,CRE,US,PL,2024,MIO_EUR,516.0
bop_its6_det,SJ312,CRE,US,PT,2015,MIO_EUR,27.0
bop_its6_det,SJ312,CRE,US,PT,2016,MIO_EUR,25.0
bop_its6_det,SJ312,CRE,US,PT,2017,MIO_EUR,28.0
bop_its6_det,SJ312,CRE,US,PT,2018,MIO_EUR,23.0
bop_its6_det,SJ312,CRE,US,PT,2019,MIO_EUR,31.0
bop_its6_det,SJ312,CRE,US,PT,2020,MIO_EUR,37.0
bop_its6_det,SJ312,CRE,US,PT,2021,MIO_EUR,45.0
bop_its6_det,SJ312,CRE,US,PT,2022,MIO_EUR,59.0
bop_its6_det,SJ312,CRE,US,PT,2023,MIO_EUR,77.0
bop_its6_det,SJ312,CRE,US,PT,2024,MIO_EUR,84.0
bop_its6_det,SJ312,CRE,US,RO,2015,MIO_EUR,17.1
bop_its6_det,SJ312,CRE,US,RO,2017,MIO_EUR,23.6
bop_its6_det,SJ312,CRE,US,RO,2019,MIO_EUR,28.2
bop_its6_det,SJ312,CRE,US,RO,2022,MIO_EUR,30.8
bop_its6_det,SJ312,CRE,US,SE,2015,MIO_EUR,170.5
bop_its6_det,SJ312,CRE,US,SE,2016,MIO_EUR,167.0
bop_its6_det,SJ312,CRE,US,SE,2017,MIO_EUR,117.2
bop_its6_det,SJ312,CRE,US,SE,2018,MIO_EUR,112.5
bop_its6_det,SJ312,CRE,US,SE,2019,MIO_EUR,115.7
bop_its6_det,SJ312,CRE,US,SE,2020,MIO_EUR,81.7
bop_its6_det,SJ312,CRE,US,SE,2021,MIO_EUR,79.6
bop_its6_det,SJ312,CRE,US,SE,2022,MIO_EUR,101.7
bop_its6_det,SJ312,CRE,US,SE,2023,MIO_EUR,119.4
bop_its6_det,SJ312,CRE,US,SE,2024,MIO_EUR,150.4
bop_its6_det,SJ312,DEB,UK,AT,2015,MIO_EUR,38.0
bop_its6_det,SJ312,DEB,UK,AT,2016,MIO_EUR,39.0
bop_its6_det,SJ312,DEB,UK,AT,2017,MIO_EUR,27.0
bop_its6_det,SJ312,DEB,UK,AT,2018,MIO_EUR,40.0
bop_its6_det,SJ312,DEB,UK,AT,2019,MIO_EUR,47.0
bop_its6_det,SJ312,DEB,UK,AT,2020,MIO_EUR,46.0
bop_its6_det,SJ312,DEB,UK,AT,2021,MIO_EUR,32.0
bop_its6_det,SJ312,DEB,UK,AT,2022,MIO_EUR,25.0
bop_its6_det,SJ312,DEB,UK,AT,2023,MIO_EUR,29.0
bop_its6_det,SJ312,DEB,UK,AT,2024,MIO_EUR,45.0
bop_its6_det,SJ312,DEB,UK,BE,2015,MIO_EUR,46.0
bop_its6_det,SJ312,DEB,UK,BE,2016,MIO_EUR,54.0
bop_its6_det,SJ312,DEB,UK,BE,2017,MIO_EUR,57.0
bop_its6_det,SJ312,DEB,UK,BE,2018,MIO_EUR,57.0
bop_its6_det,SJ312,DEB,UK,BE,2019,MIO_EUR,96.0
bop_its6_det,SJ312,DEB,UK,BE,2020,MIO_EUR,78.0
bop_its6_det,SJ312,DEB,UK,BE,2021,MIO_EUR,67.0
bop_its6_det,SJ312,DEB,UK,BE,2022,MIO_EUR,51.0
bop_its6_det,SJ312,DEB,UK,BE,2023,MIO_EUR,38.0
bop_its6_det,SJ312,DEB,UK,BE,2024,MIO_EUR,43.0
bop_its6_det,SJ312,DEB,UK,CZ,2015,MIO_EUR,3.3
bop_its6_det,SJ312,DEB,UK,CZ,2016,MIO_EUR,5.5
bop_its6_det,SJ312,DEB,UK,CZ,2017,MIO_EUR,4.1
bop_its6_det,SJ312,DEB,UK,CZ,2018,MIO_EUR,0.9
bop_its6_det,SJ312,DEB,UK,CZ,2019,MIO_EUR,2.0
bop_its6_det,SJ312,DEB,UK,CZ,2020,MIO_EUR,2.2
bop_its6_det,SJ312,DEB,UK,CZ,2021,MIO_EUR,5.3
bop_its6_det,SJ312,DEB,UK,CZ,2022,MIO_EUR,9.8
bop_its6_det,SJ312,DEB,UK,CZ,2023,MIO_EUR,11.0
bop_its6_det,SJ312,DEB,UK,CZ,2024,MIO_EUR,6.0
bop_its6_det,SJ312,DEB,UK,DE,2015,MIO_EUR,528.0
bop_its6_det,SJ312,DEB,UK,DE,2018,MIO_EUR,459.0
bop_its6_det,SJ312,DEB,UK,DE,2019,MIO_EUR,498.0
bop_its6_det,SJ312,DEB,UK,DE,2021,MIO_EUR,517.0
bop_its6_det,SJ312,DEB,UK,DE,2023,MIO_EUR,1526.0
bop_its6_det,SJ312,DEB,UK,DK,2015,MIO_EUR,242.5
bop_its6_det,SJ312,DEB,UK,DK,2016,MIO_EUR,220.4
bop_its6_det,SJ312,DEB,UK,DK,2017,MIO_EUR,159.6
bop_its6_det,SJ312,DEB,UK,DK,2018,MIO_EUR,137.8
bop_its6_det,SJ312,DEB,UK,DK,2019,MIO_EUR,137.7
bop_its6_det,SJ312,DEB,UK,DK,2020,MIO_EUR,137.6
bop_its6_det,SJ312,DEB,UK,DK,2021,MIO_EUR,139.0
bop_its6_det,SJ312,DEB,UK,DK,2022,MIO_EUR,198.7
bop_its6_det,SJ312,DEB,UK,DK,2023,MIO_EUR,143.2
bop_its6_det,SJ312,DEB,UK,DK,2024,MIO_EUR,157.1
bop_its6_det,SJ312,DEB,UK,EL,2015,MIO_EUR,9.9
bop_its6_det,SJ312,DEB,UK,EL,2016,MIO_EUR,9.1
bop_its6_det,SJ312,DEB,UK,EL,2017,MIO_EUR,8.8
bop_its6_det,SJ312,DEB,UK,EL,2018,MIO_EUR,6.1
bop_its6_det,SJ312,DEB,UK,EL,2019,MIO_EUR,6.7
bop_its6_det,SJ312,DEB,UK,EL,2020,MIO_EUR,5.1
bop_its6_det,SJ312,DEB,UK,EL,2021,MIO_EUR,7.6
bop_its6_det,SJ312,DEB,UK,EL,2022,MIO_EUR,13.8
bop_its6_det,SJ312,DEB,UK,EL,2023,MIO_EUR,8.4
bop_its6_det,SJ312,DEB,UK,EL,2024,MIO_EUR,7.9
bop_its6_det,SJ312,DEB,UK,ES,2015,MIO_EUR,103.0
bop_its6_det,SJ312,DEB,UK,ES,2016,MIO_EUR,79.0
bop_its6_det,SJ312,DEB,UK,ES,2017,MIO_EUR,65.0
bop_its6_det,SJ312,DEB,UK,ES,2018,MIO_EUR,79.0
bop_its6_det,SJ312,DEB,UK,ES,2019,MIO_EUR,70.0
bop_its6_det,SJ312,DEB,UK,ES,2020,MIO_EUR,64.0
bop_its6_det,SJ312,DEB,UK,ES,2021,MIO_EUR,49.0
bop_its6_det,SJ312,DEB,UK,ES,2022,MIO_EUR,71.0
bop_its6_det,SJ312,DEB,UK,ES,2023,MIO_EUR,22.0
bop_its6_det,SJ312,DEB,UK,ES,2024,MIO_EUR,87.0
bop_its6_det,SJ312,DEB,UK,EU27_2020,2015,MIO_EUR,2126.4
bop_its6_det,SJ312,DEB,UK,EU27_2020,2016,MIO_EUR,2091.4
bop_its6_det,SJ312,DEB,UK,EU27_2020,2017,MIO_EUR,2023.7
bop_its6_det,SJ312,DEB,UK,EU27_2020,2018,MIO_EUR,2137.0
bop_its6_det,SJ312,DEB,UK,EU27_2020,2019,MIO_EUR,1808.7
bop_its6_det,SJ312,DEB,UK,EU27_2020,2020,MIO_EUR,1688.9
bop_its6_det,SJ312,DEB,UK,EU27_2020,2021,MIO_EUR,1736.6
bop_its6_det,SJ312,DEB,UK,EU27_2020,2022,MIO_EUR,2740.3
bop_its6_det,SJ312,DEB,UK,EU27_2020,2023,MIO_EUR,3036.3
bop_its6_det,SJ312,DEB,UK,EU27_2020,2024,MIO_EUR,3972.2
bop_its6_det,SJ312,DEB,UK,FI,2015,MIO_EUR,17.0
bop_its6_det,SJ312,DEB,UK,FI,2018,MIO_EUR,29.0
bop_its6_det,SJ312,DEB,UK,FI,2019,MIO_EUR,22.0
bop_its6_det,SJ312,DEB,UK,FI,2021,MIO_EUR,34.0
bop_its6_det,SJ312,DEB,UK,FI,2022,MIO_EUR,42.0
bop_its6_det,SJ312,DEB,UK,FI,2023,MIO_EUR,38.0
bop_its6_det,SJ312,DEB,UK,FI,2024,MIO_EUR,106.0
bop_its6_det,SJ312,DEB,UK,HU,2015,MIO_EUR,19.2
bop_its6_det,SJ312,DEB,UK,HU,2018,MIO_EUR,21.9
bop_its6_det,SJ312,DEB,UK,HU,2020,MIO_EUR,34.5
bop_its6_det,SJ312,DEB,UK,HU,2021,MIO_EUR,27.9
bop_its6_det,SJ312,DEB,UK,HU,2022,MIO_EUR,11.7
bop_its6_det,SJ312,DEB,UK,HU,2023,MIO_EUR,20.9
bop_its6_det,SJ312,DEB,UK,IE,2015,MIO_EUR,9.0
bop_its6_det,SJ312,DEB,UK,IE,2016,MIO_EUR,15.0
bop_its6_det,SJ312,DEB,UK,IE,2017,MIO_EUR,8.0
bop_its6_det,SJ312,DEB,UK,IE,2018,MIO_EUR,6.0
bop_its6_det,SJ312,DEB,UK,IE,2019,MIO_EUR,11.0
bop_its6_det,SJ312,DEB,UK,IE,2020,MIO_EUR,3.0
bop_its6_det,SJ312,DEB,UK,IE,2021,MIO_EUR,5.0
bop_its6_det,SJ312,DEB,UK,IE,2023,MIO_EUR,6.0
bop_its6_det,SJ312,DEB,UK,IE,2024,MIO_EUR,5.0
bop_its6_det,SJ312,DEB,UK,IT,2015,MIO_EUR,41.3
bop_its6_det,SJ312,DEB,UK,IT,2016,MIO_EUR,163.7
bop_its6_det,SJ312,DEB,UK,IT,2017,MIO_EUR,90.5
bop_its6_det,SJ312,DEB,UK,IT,2018,MIO_EUR,98.2
bop_its6_det,SJ312,DEB,UK,IT,2019,MIO_EUR,147.1
bop_its6_det,SJ312,DEB,UK,IT,2020,MIO_EUR,113.7
bop_its6_det,SJ312,DEB,UK,IT,2021,MIO_EUR,165.9
bop_its6_det,SJ312,DEB,UK,IT,2022,MIO_EUR,142.1
bop_its6_det,SJ312,DEB,UK,IT,2023,MIO_EUR,128.6
bop_its6_det,SJ312,DEB,UK,IT,2024,MIO_EUR,217.7
bop_its6_det,SJ312,DEB,UK,NL,2015,MIO_EUR,133.9
bop_its6_det,SJ312,DEB,UK,NL,2016,MIO_EUR,105.0
bop_its6_det,SJ312,DEB,UK,NL,2017,MIO_EUR,82.6
bop_its6_det,SJ312,DEB,UK,NL,2018,MIO_EUR,127.5
bop_its6_det,SJ312,DEB,UK,NL,2019,MIO_EUR,118.3
bop_its6_det,SJ312,DEB,UK,NL,2020,MIO_EUR,144.5
bop_its6_det,SJ312,DEB,UK,NL,2021,MIO_EUR,135.3
bop_its6_det,SJ312,DEB,UK,NL,2022,MIO_EUR,188.0
bop_its6_det,SJ312,DEB,UK,NL,2024,MIO_EUR,339.7
bop_its6_det,SJ312,DEB,UK,PL,2015,MIO_EUR,20.1
bop_its6_det,SJ312,DEB,UK,PL,2016,MIO_EUR,19.9
bop_its6_det,SJ312,DEB,UK,PL,2017,MIO_EUR,31.9
bop_its6_det,SJ312,DEB,UK,PL,2018,MIO_EUR,39.2
bop_its6_det,SJ312,DEB,UK,PL,2019,MIO_EUR,25.6
bop_its6_det,SJ312,DEB,UK,PL,2020,MIO_EUR,43.2
bop_its6_det,SJ312,DEB,UK,PL,2021,MIO_EUR,57.0
bop_its6_det,SJ312,DEB,UK,PL,2022,MIO_EUR,67.4
bop_its6_det,SJ312,DEB,UK,PL,2023,MIO_EUR,85.6
bop_its6_det,SJ312,DEB,UK,PL,2024,MIO_EUR,101.7
bop_its6_det,SJ312,DEB,UK,PT,2015,MIO_EUR,2.0
bop_its6_det,SJ312,DEB,UK,PT,2016,MIO_EUR,4.0
bop_its6_det,SJ312,DEB,UK,PT,2017,MIO_EUR,4.0
bop_its6_det,SJ312,DEB,UK,PT,2018,MIO_EUR,3.0
bop_its6_det,SJ312,DEB,UK,PT,2019,MIO_EUR,4.0
bop_its6_det,SJ312,DEB,UK,PT,2020,MIO_EUR,3.0
bop_its6_det,SJ312,DEB,UK,PT,2021,MIO_EUR,5.0
bop_its6_det,SJ312,DEB,UK,PT,2022,MIO_EUR,12.0
bop_its6_det,SJ312,DEB,UK,PT,2023,MIO_EUR,11.0
bop_its6_det,SJ312,DEB,UK,PT,2024,MIO_EUR,15.0
bop_its6_det,SJ312,DEB,UK,RO,2015,MIO_EUR,15.1
bop_its6_det,SJ312,DEB,UK,RO,2016,MIO_EUR,8.5
bop_its6_det,SJ312,DEB,UK,RO,2017,MIO_EUR,10.5
bop_its6_det,SJ312,DEB,UK,RO,2021,MIO_EUR,30.1
bop_its6_det,SJ312,DEB,UK,RO,2022,MIO_EUR,17.2
bop_its6_det,SJ312,DEB,UK,SE,2015,MIO_EUR,69.9
bop_its6_det,SJ312,DEB,UK,SE,2016,MIO_EUR,44.9
bop_its6_det,SJ312,DEB,UK,SE,2017,MIO_EUR,55.2
bop_its6_det,SJ312,DEB,UK,SE,2018,MIO_EUR,67.9
bop_its6_det,SJ312,DEB,UK,SE,2019,MIO_EUR,68.6
bop_its6_det,SJ312,DEB,UK,SE,2020,MIO_EUR,57.8
bop_its6_det,SJ312,DEB,UK,SE,2021,MIO_EUR,76.0
bop_its6_det,SJ312,DEB,UK,SE,2022,MIO_EUR,119.8
bop_its6_det,SJ312,DEB,UK,SE,2023,MIO_EUR,185.3
bop_its6_det,SJ312,DEB,UK,SE,2024,MIO_EUR,226.4
bop_its6_det,SJ312,DEB,UK,UK,2015,MIO_EUR,0.0
bop_its6_det,SJ312,DEB,UK,UK,2016,MIO_EUR,0.0
bop_its6_det,SJ312,DEB,UK,UK,2017,MIO_EUR,0.0
bop_its6_det,SJ312,DEB,UK,UK,2018,MIO_EUR,0.0
bop_its6_det,SJ312,DEB,UK,UK,2019,MIO_EUR,0.0
bop_its6_det,SJ312,CRE,UK,AT,2015,MIO_EUR,103.0
bop_its6_det,SJ312,CRE,UK,AT,2016,MIO_EUR,137.0
bop_its6_det,SJ312,CRE,UK,AT,2017,MIO_EUR,131.0
bop_its6_det,SJ312,CRE,UK,AT,2018,MIO_EUR,151.0
bop_its6_det,SJ312,CRE,UK,AT,2019,MIO_EUR,122.0
bop_its6_det,SJ312,CRE,UK,AT,2020,MIO_EUR,220.0
bop_its6_det,SJ312,CRE,UK,AT,2021,MIO_EUR,241.0
bop_its6_det,SJ312,CRE,UK,AT,2022,MIO_EUR,136.0
bop_its6_det,SJ312,CRE,UK,AT,2023,MIO_EUR,112.0
bop_its6_det,SJ312,CRE,UK,AT,2024,MIO_EUR,137.0
bop_its6_det,SJ312,CRE,UK,BE,2015,MIO_EUR,196.0
bop_its6_det,SJ312,CRE,UK,BE,2017,MIO_EUR,51.0
bop_its6_det,SJ312,CRE,UK,BE,2018,MIO_EUR,51.0
bop_its6_det,SJ312,CRE,UK,BE,2019,MIO_EUR,54.0
bop_its6_det,SJ312,CRE,UK,BE,2020,MIO_EUR,59.0
bop_its6_det,SJ312,CRE,UK,BE,2021,MIO_EUR,54.0
bop_its6_det,SJ312,CRE,UK,BE,2022,MIO_EUR,57.0
bop_its6_det,SJ312,CRE,UK,BE,2023,MIO_EUR,58.0
bop_its6_det,SJ312,CRE,UK,BE,2024,MIO_EUR,43.0
bop_its6_det,SJ312,CRE,UK,CZ,2015,MIO_EUR,22.7
bop_its6_det,SJ312,CRE,UK,CZ,2016,MIO_EUR,15.9
bop_its6_det,SJ312,CRE,UK,CZ,2017,MIO_EUR,16.9
bop_its6_det,SJ312,CRE,UK,CZ,2018,MIO_EUR,19.8
bop_its6_det,SJ312,CRE,UK,CZ,2019,MIO_EUR,6.2
bop_its6_det,SJ312,CRE,UK,CZ,2020,MIO_EUR,17.3
bop_its6_det,SJ312,CRE,UK,CZ,2021,MIO_EUR,16.0
bop_its6_det,SJ312,CRE,UK,CZ,2022,MIO_EUR,21.0
bop_its6_det,SJ312,CRE,UK,CZ,2023,MIO_EUR,24.2
bop_its6_det,SJ312,CRE,UK,CZ,2024,MIO_EUR,28.8
bop_its6_det,SJ312,CRE,UK,DE,2015,MIO_EUR,799.0
bop_its6_det,SJ312,CRE,UK,DE,2016,MIO_EUR,755.0
bop_its6_det,SJ312,CRE,UK,DE,2018,MIO_EUR,558.0
bop_its6_det,SJ312,CRE,UK,DE,2019,MIO_EUR,674.0
bop_its6_det,SJ312,CRE,UK,DE,2020,MIO_EUR,666.0
bop_its6_det,SJ312,CRE,UK,DE,2022,MIO_EUR,1464.0
bop_its6_det,SJ312,CRE,UK,DE,2023,MIO_EUR,1758.0
bop_its6_det,SJ312,CRE,UK,DK,2015,MIO_EUR,108.2
bop_its6_det,SJ312,CRE,UK,DK,2016,MIO_EUR,112.8
bop_its6_det,SJ312,CRE,UK,DK,2017,MIO_EUR,159.8
bop_its6_det,SJ312,CRE,UK,DK,2018,MIO_EUR,140.5
bop_its6_det,SJ312,CRE,UK,DK,2019,MIO_EUR,174.7
bop_its6_det,SJ312,CRE,UK,DK,2020,MIO_EUR,76.6
bop_its6_det,SJ312,CRE,UK,DK,2021,MIO_EUR,103.1
bop_its6_det,SJ312,CRE,UK,DK,2022,MIO_EUR,118.2
bop_its6_det,SJ312,CRE,UK,DK,2023,MIO_EUR,102.1
bop_its6_det,SJ312,CRE,UK,DK,2024,MIO_EUR,220.5
bop_its6_det,SJ312,CRE,UK,EL,2015,MIO_EUR,4.7
bop_its6_det,SJ312,CRE,UK,EL,2016,MIO_EUR,4.4
bop_its6_det,SJ312,CRE,UK,EL,2017,MIO_EUR,4.7
bop_its6_det,SJ312,CRE,UK,EL,2018,MIO_EUR,4.1
bop_its6_det,SJ312,CRE,UK,EL,2019,MIO_EUR,5.2
bop_its6_det,SJ312,CRE,UK,EL,2020,MIO_EUR,7.0
bop_its6_det,SJ312,CRE,UK,EL,2021,MIO_EUR,7.3
bop_its6_det,SJ312,CRE,UK,EL,2022,MIO_EUR,6.6
bop_its6_det,SJ312,CRE,UK,EL,2023,MIO_EUR,5.9
bop_its6_det,SJ312,CRE,UK,EL,2024,MIO_EUR,7.4
bop_its6_det,SJ312,CRE,UK,EU27_2020,2015,MIO_EUR,2959.1
bop_its6_det,SJ312,CRE,UK,EU27_2020,2016,MIO_EUR,2597.2
bop_its6_det,SJ312,CRE,UK,EU27_2020,2017,MIO_EUR,2937.2
bop_its6_det,SJ312,CRE,UK,EU27_2020,2018,MIO_EUR,2811.0
bop_its6_det,SJ312,CRE,UK,EU27_2020,2019,MIO_EUR,2313.8
bop_its6_det,SJ312,CRE,UK,EU27_2020,2020,MIO_EUR,2402.7
bop_its6_det,SJ312,CRE,UK,EU27_2020,2021,MIO_EUR,2301.9
bop_its6_det,SJ312,CRE,UK,EU27_2020,2022,MIO_EUR,3315.0
bop_its6_det,SJ312,CRE,UK,EU27_2020,2023,MIO_EUR,4350.4
bop_its6_det,SJ312,CRE,UK,EU27_2020,2024,MIO_EUR,4978.1
bop_its6_det,SJ312,CRE,UK,FI,2015,MIO_EUR,15.0
bop_its6_det,SJ312,CRE,UK,FI,2018,MIO_EUR,49.0
bop_its6_det,SJ312,CRE,UK,FI,2019,MIO_EUR,21.0
bop_its6_det,SJ312,CRE,UK,FI,2021,MIO_EUR,21.0
bop_its6_det,SJ312,CRE,UK,FI,2022,MIO_EUR,32.0
bop_its6_det,SJ312,CRE,UK,FI,2023,MIO_EUR,38.0
bop_its6_det,SJ312,CRE,UK,FI,2024,MIO_EUR,49.0
bop_its6_det,SJ312,CRE,UK,HU,2016,MIO_EUR,15.0
bop_its6_det,SJ312,CRE,UK,HU,2017,MIO_EUR,13.8
bop_its6_det,SJ312,CRE,UK,HU,2018,MIO_EUR,22.0
bop_its6_det,SJ312,CRE,UK,HU,2020,MIO_EUR,49.2
bop_its6_det,SJ312,CRE,UK,HU,2021,MIO_EUR,43.4
bop_its6_det,SJ312,CRE,UK,HU,2022,MIO_EUR,53.3
bop_its6_det,SJ312,CRE,UK,HU,2023,MIO_EUR,66.8
bop_its6_det,SJ312,CRE,UK,HU,2024,MIO_EUR,72.4
bop_its6_det,SJ312,CRE,UK,IE,2015,MIO_EUR,32.0
bop_its6_det,SJ312,CRE,UK,IE,2016,MIO_EUR,28.0
bop_its6_det,SJ312,CRE,UK,IE,2018,MIO_EUR,10.0
bop_its6_det,SJ312,CRE,UK,IE,2019,MIO_EUR,10.0
bop_its6_det,SJ312,CRE,UK,IE,2020,MIO_EUR,46.0
bop_its6_det,SJ312,CRE,UK,IE,2023,MIO_EUR,45.0
bop_its6_det,SJ312,CRE,UK,IE,2024,MIO_EUR,44.0
bop_its6_det,SJ312,CRE,UK,IT,2015,MIO_EUR,23.7
bop_its6_det,SJ312,CRE,UK,IT,2016,MIO_EUR,21.4
bop_its6_det,SJ312,CRE,UK,IT,2017,MIO_EUR,65.7
bop_its6_det,SJ312,CRE,UK,IT,2018,MIO_EUR,46.6
bop_its6_det,SJ312,CRE,UK,IT,2019,MIO_EUR,61.3
bop_its6_det,SJ312,CRE,UK,IT,2020,MIO_EUR,38.8
bop_its6_det,SJ312,CRE,UK,IT,2021,MIO_EUR,34.4
bop_its6_det,SJ312,CRE,UK,IT,2022,MIO_EUR,34.7
bop_its6_det,SJ312,CRE,UK,IT,2023,MIO_EUR,113.9
bop_its6_det,SJ312,CRE,UK,IT,2024,MIO_EUR,143.7
bop_its6_det,SJ312,CRE,UK,NL,2015,MIO_EUR,126.3
bop_its6_det,SJ312,CRE,UK,NL,2016,MIO_EUR,154.7
bop_its6_det,SJ312,CRE,UK,NL,2017,MIO_EUR,145.0
bop_its6_det,SJ312,CRE,UK,NL,2018,MIO_EUR,171.1
bop_its6_det,SJ312,CRE,UK,NL,2019,MIO_EUR,157.0
bop_its6_det,SJ312,CRE,UK,NL,2020,MIO_EUR,209.4
bop_its6_det,SJ312,CRE,UK,NL,2021,MIO_EUR,197.3
bop_its6_det,SJ312,CRE,UK,NL,2022,MIO_EUR,225.1
bop_its6_det,SJ312,CRE,UK,NL,2024,MIO_EUR,389.0
bop_its6_det,SJ312,CRE,UK,PL,2015,MIO_EUR,50.7
bop_its6_det,SJ312,CRE,UK,PL,2016,MIO_EUR,60.5
bop_its6_det,SJ312,CRE,UK,PL,2017,MIO_EUR,88.6
bop_its6_det,SJ312,CRE,UK,PL,2018,MIO_EUR,80.3
bop_its6_det,SJ312,CRE,UK,PL,2019,MIO_EUR,71.7
bop_its6_det,SJ312,CRE,UK,PL,2020,MIO_EUR,98.4
bop_its6_det,SJ312,CRE,UK,PL,2021,MIO_EUR,111.1
bop_its6_det,SJ312,CRE,UK,PL,2022,MIO_EUR,122.3
bop_its6_det,SJ312,CRE,UK,PL,2023,MIO_EUR,142.2
bop_its6_det,SJ312,CRE,UK,PL,2024,MIO_EUR,164.9
bop_its6_det,SJ312,CRE,UK,PT,2015,MIO_EUR,14.0
bop_its6_det,SJ312,CRE,UK,PT,2016,MIO_EUR,14.0
bop_its6_det,SJ312,CRE,UK,PT,2017,MIO_EUR,10.0
bop_its6_det,SJ312,CRE,UK,PT,2018,MIO_EUR,11.0
bop_its6_det,SJ312,CRE,UK,PT,2019,MIO_EUR,10.0
bop_its6_det,SJ312,CRE,UK,PT,2020,MIO_EUR,10.0
bop_its6_det,SJ312,CRE,UK,PT,2021,MIO_EUR,11.0
bop_its6_det,SJ312,CRE,UK,PT,2022,MIO_EUR,15.0
bop_its6_det,SJ312,CRE,UK,PT,2023,MIO_EUR,17.0
bop_its6_det,SJ312,CRE,UK,PT,2024,MIO_EUR,28.0
bop_its6_det,SJ312,CRE,UK,RO,2017,MIO_EUR,22.1
bop_its6_det,SJ312,CRE,UK,RO,2021,MIO_EUR,23.4
bop_its6_det,SJ312,CRE,UK,RO,2022,MIO_EUR,23.5
bop_its6_det,SJ312,CRE,UK,SE,2015,MIO_EUR,101.9
bop_its6_det,SJ312,CRE,UK,SE,2016,MIO_EUR,103.8
bop_its6_det,SJ312,CRE,UK,SE,2017,MIO_EUR,116.2
bop_its6_det,SJ312,CRE,UK,SE,2018,MIO_EUR,113.5
bop_its6_det,SJ312,CRE,UK,SE,2019,MIO_EUR,104.5
bop_its6_det,SJ312,CRE,UK,SE,2020,MIO_EUR,114.8
bop_its6_det,SJ312,CRE,UK,SE,2021,MIO_EUR,84.1
bop_its6_det,SJ312,CRE,UK,SE,2022,MIO_EUR,221.5
bop_its6_det,SJ312,CRE,UK,SE,2023,MIO_EUR,267.7
bop_its6_det,SJ312,CRE,UK,SE,2024,MIO_EUR,237.0
bop_its6_det,SJ312,CRE,UK,UK,2015,MIO_EUR,0.0
bop_its6_det,SJ312,CRE,UK,UK,2016,MIO_EUR,0.0
bop_its6_det,SJ312,CRE,UK,UK,2017,MIO_EUR,0.0
bop_its6_det,SJ312,CRE,UK,UK,2018,MIO_EUR,0.0
bop_its6_det,SJ312,CRE,UK,UK,2019,MIO_EUR,0.0
bop_its6_det,SJ312,DEB,CH,AT,2015,MIO_EUR,59.0
bop_its6_det,SJ312,DEB,CH,AT,2016,MIO_EUR,82.0
bop_its6_det,SJ312,DEB,CH,AT,2017,MIO_EUR,71.0
bop_its6_det,SJ312,DEB,CH,AT,2018,MIO_EUR,85.0
bop_its6_det,SJ312,DEB,CH,AT,2019,MIO_EUR,87.0
bop_its6_det,SJ312,DEB,CH,AT,2020,MIO_EUR,91.0
bop_its6_det,SJ312,DEB,CH,AT,2021,MIO_EUR,94.0
bop_its6_det,SJ312,DEB,CH,AT,2022,MIO_EUR,86.0
bop_its6_det,SJ312,DEB,CH,AT,2023,MIO_EUR,98.0
bop_its6_det,SJ312,DEB,CH,AT,2024,MIO_EUR,108.0
bop_its6_det,SJ312,DEB,CH,BE,2016,MIO_EUR,8.0
bop_its6_det,SJ312,DEB,CH,BE,2017,MIO_EUR,10.0
bop_its6_det,SJ312,DEB,CH,BE,2019,MIO_EUR,12.0
bop_its6_det,SJ312,DEB,CH,BE,2020,MIO_EUR,13.0
bop_its6_det,SJ312,DEB,CH,BE,2021,MIO_EUR,17.0
bop_its6_det,SJ312,DEB,CH,BE,2023,MIO_EUR,13.0
bop_its6_det,SJ312,DEB,CH,BE,2024,MIO_EUR,20.0
bop_its6_det,SJ312,DEB,CH,CZ,2015,MIO_EUR,2.3
bop_its6_det,SJ312,DEB,CH,CZ,2016,MIO_EUR,0.5
bop_its6_det,SJ312,DEB,CH,CZ,2017,MIO_EUR,0.2
bop_its6_det,SJ312,DEB,CH,CZ,2018,MIO_EUR,1.1
bop_its6_det,SJ312,DEB,CH,CZ,2019,MIO_EUR,0.5
bop_its6_det,SJ312,DEB,CH,CZ,2020,MIO_EUR,1.1
bop_its6_det,SJ312,DEB,CH,CZ,2021,MIO_EUR,1.4
bop_its6_det,SJ312,DEB,CH,CZ,2022,MIO_EUR,0.8
bop_its6_det,SJ312,DEB,CH,CZ,2023,MIO_EUR,1.2
bop_its6_det,SJ312,DEB,CH,CZ,2024,MIO_EUR,5.4
bop_its6_det,SJ312,DEB,CH,DE,2016,MIO_EUR,247.0
bop_its6_det,SJ312,DEB,CH,DE,2017,MIO_EUR,280.0
bop_its6_det,SJ312,DEB,CH,DE,2018,MIO_EUR,445.0
bop_its6_det,SJ312,DEB,CH,DE,2019,MIO_EUR,507.0
bop_its6_det,SJ312,DEB,CH,DE,2021,MIO_EUR,362.0
bop_its6_det,SJ312,DEB,CH,DE,2023,MIO_EUR,340.0
bop_its6_det,SJ312,DEB,CH,DK,2015,MIO_EUR,5.0
bop_its6_det,SJ312,DEB,CH,DK,2016,MIO_EUR,5.8
bop_its6_det,SJ312,DEB,CH,DK,2017,MIO_EUR,3.2
bop_its6_det,SJ312,DEB,CH,DK,2018,MIO_EUR,5.5
bop_its6_det,SJ312,DEB,CH,DK,2019,MIO_EUR,5.8
bop_its6_det,SJ312,DEB,CH,DK,2020,MIO_EUR,4.7
bop_its6_det,SJ312,DEB,CH,DK,2021,MIO_EUR,3.1
bop_its6_det,SJ312,DEB,CH,DK,2022,MIO_EUR,6.7
bop_its6_det,SJ312,DEB,CH,DK,2023,MIO_EUR,6.0
bop_its6_det,SJ312,DEB,CH,DK,2024,MIO_EUR,4.8
bop_its6_det,SJ312,DEB,CH,EL,2015,MIO_EUR,2.6
bop_its6_det,SJ312,DEB,CH,EL,2016,MIO_EUR,1.0
bop_its6_det,SJ312,DEB,CH,EL,2017,MIO_EUR,2.1
bop_its6_det,SJ312,DEB,CH,EL,2018,MIO_EUR,1.7
bop_its6_det,SJ312,DEB,CH,EL,2019,MIO_EUR,1.7
bop_its6_det,SJ312,DEB,CH,EL,2020,MIO_EUR,1.6
bop_its6_det,SJ312,DEB,CH,EL,2021,MIO_EUR,2.0
bop_its6_det,SJ312,DEB,CH,EL,2022,MIO_EUR,3.5
bop_its6_det,SJ312,DEB,CH,EL,2023,MIO_EUR,3.6
bop_its6_det,SJ312,DEB,CH,EL,2024,MIO_EUR,3.5
bop_its6_det,SJ312,DEB,CH,ES,2015,MIO_EUR,12.0
bop_its6_det,SJ312,DEB,CH,ES,2016,MIO_EUR,10.0
bop_its6_det,SJ312,DEB,CH,ES,2019,MIO_EUR,12.0
bop_its6_det,SJ312,DEB,CH,ES,2022,MIO_EUR,4.0
bop_its6_det,SJ312,DEB,CH,ES,2023,MIO_EUR,3.0
bop_its6_det,SJ312,DEB,CH,ES,2024,MIO_EUR,8.0
bop_its6_det,SJ312,DEB,CH,EU27_2020,2015,MIO_EUR,506.8
bop_its6_det,SJ312,DEB,CH,EU27_2020,2016,MIO_EUR,508.2
bop_its6_det,SJ312,DEB,CH,EU27_2020,2017,MIO_EUR,542.5
bop_its6_det,SJ312,DEB,CH,EU27_2020,2018,MIO_EUR,699.5
bop_its6_det,SJ312,DEB,CH,EU27_2020,2019,MIO_EUR,734.1
bop_its6_det,SJ312,DEB,CH,EU27_2020,2020,MIO_EUR,699.3
bop_its6_det,SJ312,DEB,CH,EU27_2020,2021,MIO_EUR,808.0
bop_its6_det,SJ312,DEB,CH,EU27_2020,2022,MIO_EUR,737.9
bop_its6_det,SJ312,DEB,CH,EU27_2020,2023,MIO_EUR,700.3
bop_its6_det,SJ312,DEB,CH,EU27_2020,2024,MIO_EUR,916.7
bop_its6_det,SJ312,DEB,CH,FI,2015,MIO_EUR,7.0
bop_its6_det,SJ312,DEB,CH,FI,2016,MIO_EUR,6.0
bop_its6_det,SJ312,DEB,CH,FI,2017,MIO_EUR,6.0
bop_its6_det,SJ312,DEB,CH,FI,2018,MIO_EUR,5.0
bop_its6_det,SJ312,DEB,CH,FI,2019,MIO_EUR,5.0
bop_its6_det,SJ312,DEB,CH,FI,2020,MIO_EUR,12.0
bop_its6_det,SJ312,DEB,CH,FI,2021,MIO_EUR,9.0
bop_its6_det,SJ312,DEB,CH,FI,2022,MIO_EUR,12.0
bop_its6_det,SJ312,DEB,CH,FI,2023,MIO_EUR,12.0
bop_its6_det,SJ312,DEB,CH,FI,2024,MIO_EUR,7.0
bop_its6_det,SJ312,DEB,CH,HU,2015,MIO_EUR,2.1
bop_its6_det,SJ312,DEB,CH,HU,2016,MIO_EUR,7.8
bop_its6_det,SJ312,DEB,CH,HU,2017,MIO_EUR,9.2
bop_its6_det,SJ312,DEB,CH,HU,2018,MIO_EUR,4.0
bop_its6_det,SJ312,DEB,CH,HU,2019,MIO_EUR,3.7
bop_its6_det,SJ312,DEB,CH,HU,2021,MIO_EUR,144.8
bop_its6_det,SJ312,DEB,CH,HU,2022,MIO_EUR,10.6
bop_its6_det,SJ312,DEB,CH,HU,2023,MIO_EUR,7.6
bop_its6_det,SJ312,DEB,CH,HU,2024,MIO_EUR,8.6
bop_its6_det,SJ312,DEB,CH,IE,2015,MIO_EUR,0.0
bop_its6_det,SJ312,DEB,CH,IE,2016,MIO_EUR,0.0
bop_its6_det,SJ312,DEB,CH,IE,2017,MIO_EUR,1.0
bop_its6_det,SJ312,DEB,CH,IE,2018,MIO_EUR,2.0
bop_its6_det,SJ312,DEB,CH,IE,2019,MIO_EUR,0.0
bop_its6_det,SJ312,DEB,CH,IT,2015,MIO_EUR,23.4
bop_its6_det,SJ312,DEB,CH,IT,2016,MIO_EUR,25.8
bop_its6_det,SJ312,DEB,CH,IT,2017,MIO_EUR,11.8
bop_its6_det,SJ312,DEB,CH,IT,2018,MIO_EUR,17.8
bop_its6_det,SJ312,DEB,CH,IT,2019,MIO_EUR,13.0
bop_its6_det,SJ312,DEB,CH,IT,2020,MIO_EUR,8.6
bop_its6_det,SJ312,DEB,CH,IT,2021,MIO_EUR,15.1
bop_its6_det,SJ312,DEB,CH,IT,2022,MIO_EUR,19.6
bop_its6_det,SJ312,DEB,CH,IT,2023,MIO_EUR,47.1
bop_its6_det,SJ312,DEB,CH,IT,2024,MIO_EUR,40.3
bop_its6_det,SJ312,DEB,CH,NL,2015,MIO_EUR,10.8
bop_its6_det,SJ312,DEB,CH,NL,2020,MIO_EUR,14.5
bop_its6_det,SJ312,DEB,CH,NL,2023,MIO_EUR,14.9
bop_its6_det,SJ312,DEB,CH,PL,2015,MIO_EUR,21.3
bop_its6_det,SJ312,DEB,CH,PL,2016,MIO_EUR,11.5
bop_its6_det,SJ312,DEB,CH,PL,2017,MIO_EUR,29.1
bop_its6_det,SJ312,DEB,CH,PL,2018,MIO_EUR,16.4
bop_its6_det,SJ312,DEB,CH,PL,2019,MIO_EUR,14.9
bop_its6_det,SJ312,DEB,CH,PL,2020,MIO_EUR,18.5
bop_its6_det,SJ312,DEB,CH,PL,2021,MIO_EUR,14.2
bop_its6_det,SJ312,DEB,CH,PL,2022,MIO_EUR,30.3
bop_its6_det,SJ312,DEB,CH,PL,2023,MIO_EUR,22.9
bop_its6_det,SJ312,DEB,CH,PL,2024,MIO_EUR,27.2
bop_its6_det,SJ312,DEB,CH,PT,2015,MIO_EUR,0.0
bop_its6_det,SJ312,DEB,CH,PT,2016,MIO_EUR,0.0
bop_its6_det,SJ312,DEB,CH,PT,2017,MIO_EUR,0.0
bop_its6_det,SJ312,DEB,CH,PT,2018,MIO_EUR,0.0
bop_its6_det,SJ312,DEB,CH,PT,2019,MIO_EUR,0.0
bop_its6_det,SJ312,DEB,CH,PT,2020,MIO_EUR,0.0
bop_its6_det,SJ312,DEB,CH,PT,2021,MIO_EUR,0.0
bop_its6_det,SJ312,DEB,CH,PT,2022,MIO_EUR,1.0
bop_its6_det,SJ312,DEB,CH,PT,2023,MIO_EUR,1.0
bop_its6_det,SJ312,DEB,CH,PT,2024,MIO_EUR,10.0
bop_its6_det,SJ312,DEB,CH,RO,2016,MIO_EUR,6.0
bop_its6_det,SJ312,DEB,CH,RO,2017,MIO_EUR,1.1
bop_its6_det,SJ312,DEB,CH,RO,2019,MIO_EUR,1.3
bop_its6_det,SJ312,DEB,CH,SE,2015,MIO_EUR,7.8
bop_its6_det,SJ312,DEB,CH,SE,2016,MIO_EUR,10.2
bop_its6_det,SJ312,DEB,CH,SE,2017,MIO_EUR,9.1
bop_its6_det,SJ312,DEB,CH,SE,2018,MIO_EUR,6.9
bop_its6_det,SJ312,DEB,CH,SE,2019,MIO_EUR,5.4
bop_its6_det,SJ312,DEB,CH,SE,2020,MIO_EUR,10.3
bop_its6_det,SJ312,DEB,CH,SE,2021,MIO_EUR,10.0
bop_its6_det,SJ312,DEB,CH,SE,2022,MIO_EUR,7.4
bop_its6_det,SJ312,DEB,CH,SE,2023,MIO_EUR,14.4
bop_its6_det,SJ312,DEB,CH,SE,2024,MIO_EUR,15.4
bop_its6_det,SJ312,CRE,CH,AT,2015,MIO_EUR,152.0
bop_its6_det,SJ312,CRE,CH,AT,2016,MIO_EUR,156.0
bop_its6_det,SJ312,CRE,CH,AT,2017,MIO_EUR,232.0
bop_its6_det,SJ312,CRE,CH,AT,2018,MIO_EUR,166.0
bop_its6_det,SJ312,CRE,CH,AT,2019,MIO_EUR,187.0
bop_its6_det,SJ312,CRE,CH,AT,2020,MIO_EUR,142.0
bop_its6_det,SJ312,CRE,CH,AT,2021,MIO_EUR,178.0
bop_its6_det,SJ312,CRE,CH,AT,2022,MIO_EUR,158.0
bop_its6_det,SJ312,CRE,CH,AT,2023,MIO_EUR,203.0
bop_its6_det,SJ312,CRE,CH,AT,2024,MIO_EUR,198.0
bop_its6_det,SJ312,CRE,CH,BE,2015,MIO_EUR,52.0
bop_its6_det,SJ312,CRE,CH,BE,2016,MIO_EUR,26.0
bop_its6_det,SJ312,CRE,CH,BE,2017,MIO_EUR,13.0
bop_its6_det,SJ312,CRE,CH,BE,2018,MIO_EUR,15.0
bop_its6_det,SJ312,CRE,CH,BE,2019,MIO_EUR,12.0
bop_its6_det,SJ312,CRE,CH,BE,2020,MIO_EUR,13.0
bop_its6_det,SJ312,CRE,CH,BE,2021,MIO_EUR,32.0
bop_its6_det,SJ312,CRE,CH,BE,2022,MIO_EUR,27.0
bop_its6_det,SJ312,CRE,CH,BE,2023,MIO_EUR,45.0
bop_its6_det,SJ312,CRE,CH,BE,2024,MIO_EUR,13.0
bop_its6_det,SJ312,CRE,CH,CZ,2015,MIO_EUR,9.1
bop_its6_det,SJ312,CRE,CH,CZ,2016,MIO_EUR,4.9
bop_its6_det,SJ312,CRE,CH,CZ,2017,MIO_EUR,15.1
bop_its6_det,SJ312,CRE,CH,CZ,2018,MIO_EUR,29.8
bop_its6_det,SJ312,CRE,CH,CZ,2019,MIO_EUR,20.8
bop_its6_det,SJ312,CRE,CH,CZ,2020,MIO_EUR,21.5
bop_its6_det,SJ312,CRE,CH,CZ,2021,MIO_EUR,18.7
bop_its6_det,SJ312,CRE,CH,CZ,2022,MIO_EUR,26.5
bop_its6_det,SJ312,CRE,CH,CZ,2023,MIO_EUR,20.6
bop_its6_det,SJ312,CRE,CH,CZ,2024,MIO_EUR,21.2
bop_its6_det,SJ312,CRE,CH,DE,2015,MIO_EUR,459.0
bop_its6_det,SJ312,CRE,CH,DE,2016,MIO_EUR,519.0
bop_its6_det,SJ312,CRE,CH,DE,2017,MIO_EUR,334.0
bop_its6_det,SJ312,CRE,CH,DE,2021,MIO_EUR,448.0
bop_its6_det,SJ312,CRE,CH,DE,2022,MIO_EUR,387.0
bop_its6_det,SJ312,CRE,CH,DK,2015,MIO_EUR,13.7
bop_its6_det,SJ312,CRE,CH,DK,2016,MIO_EUR,33.6
bop_its6_det,SJ312,CRE,CH,DK,2017,MIO_EUR,19.4
bop_its6_det,SJ312,CRE,CH,DK,2018,MIO_EUR,14.6
bop_its6_det,SJ312,CRE,CH,DK,2019,MIO_EUR,21.2
bop_its6_det,SJ312,CRE,CH,DK,2020,MIO_EUR,12.9
bop_its6_det,SJ312,CRE,CH,DK,2021,MIO_EUR,14.7
bop_its6_det,SJ312,CRE,CH,DK,2022,MIO_EUR,15.1
bop_its6_det,SJ312,CRE,CH,DK,2023,MIO_EUR,31.5
bop_its6_det,SJ312,CRE,CH,DK,2024,MIO_EUR,90.2
bop_its6_det,SJ312,CRE,CH,EL,2015,MIO_EUR,3.0
bop_its6_det,SJ312,CRE,CH,EL,2016,MIO_EUR,3.5
bop_its6_det,SJ312,CRE,CH,EL,2017,MIO_EUR,4.9
bop_its6_det,SJ312,CRE,CH,EL,2018,MIO_EUR,2.7
bop_its6_det,SJ312,CRE,CH,EL,2019,MIO_EUR,2.4
bop_its6_det,SJ312,CRE,CH,EL,2020,MIO_EUR,2.4
bop_its6_det,SJ312,CRE,CH,EL,2021,MIO_EUR,3.9
bop_its6_det,SJ312,CRE,CH,EL,2022,MIO_EUR,4.2
bop_its6_det,SJ312,CRE,CH,EL,2023,MIO_EUR,5.8
bop_its6_det,SJ312,CRE,CH,EL,2024,MIO_EUR,5.8
bop_its6_det,SJ312,CRE,CH,ES,2015,MIO_EUR,3.0
bop_its6_det,SJ312,CRE,CH,ES,2017,MIO_EUR,5.0
bop_its6_det,SJ312,CRE,CH,ES,2019,MIO_EUR,15.0
bop_its6_det,SJ312,CRE,CH,ES,2021,MIO_EUR,13.0
bop_its6_det,SJ312,CRE,CH,ES,2022,MIO_EUR,7.0
bop_its6_det,SJ312,CRE,CH,ES,2023,MIO_EUR,9.0
bop_its6_det,SJ312,CRE,CH,ES,2024,MIO_EUR,15.0
bop_its6_det,SJ312,CRE,CH,EU27_2020,2015,MIO_EUR,1043.9
bop_its6_det,SJ312,CRE,CH,EU27_2020,2016,MIO_EUR,1097.0
bop_its6_det,SJ312,CRE,CH,EU27_2020,2017,MIO_EUR,938.1
bop_its6_det,SJ312,CRE,CH,EU27_2020,2018,MIO_EUR,882.4
bop_its6_det,SJ312,CRE,CH,EU27_2020,2019,MIO_EUR,1081.9
bop_its6_det,SJ312,CRE,CH,EU27_2020,2020,MIO_EUR,989.3
bop_its6_det,SJ312,CRE,CH,EU27_2020,2021,MIO_EUR,1244.0
bop_its6_det,SJ312,CRE,CH,EU27_2020,2022,MIO_EUR,1183.2
bop_its6_det,SJ312,CRE,CH,EU27_2020,2023,MIO_EUR,1444.2
bop_its6_det,SJ312,CRE,CH,EU27_2020,2024,MIO_EUR,1661.1
bop_its6_det,SJ312,CRE,CH,FI,2015,MIO_EUR,6.0
bop_its6_det,SJ312,CRE,CH,FI,2016,MIO_EUR,8.0
bop_its6_det,SJ312,CRE,CH,FI,2017,MIO_EUR,18.0
bop_its6_det,SJ312,CRE,CH,FI,2018,MIO_EUR,21.0
bop_its6_det,SJ312,CRE,CH,FI,2019,MIO_EUR,14.0
bop_its6_det,SJ312,CRE,CH,FI,2020,MIO_EUR,11.0
bop_its6_det,SJ312,CRE,CH,FI,2021,MIO_EUR,9.0
bop_its6_det,SJ312,CRE,CH,FI,2022,MIO_EUR,11.0
bop_its6_det,SJ312,CRE,CH,FI,2023,MIO_EUR,9.0
bop_its6_det,SJ312,CRE,CH,FI,2024,MIO_EUR,16.0
bop_its6_det,SJ312,CRE,CH,HU,2015,MIO_EUR,2.8
bop_its6_det,SJ312,CRE,CH,HU,2016,MIO_EUR,3.0
bop_its6_det,SJ312,CRE,CH,HU,2017,MIO_EUR,2.6
bop_its6_det,SJ312,CRE,CH,HU,2018,MIO_EUR,5.4
bop_its6_det,SJ312,CRE,CH,HU,2019,MIO_EUR,14.5
bop_its6_det,SJ312,CRE,CH,HU,2021,MIO_EUR,7.8
bop_its6_det,SJ312,CRE,CH,HU,2022,MIO_EUR,12.2
bop_its6_det,SJ312,CRE,CH,HU,2023,MIO_EUR,17.3
bop_its6_det,SJ312,CRE,CH,HU,2024,MIO_EUR,20.8
bop_its6_det,SJ312,CRE,CH,IE,2015,MIO_EUR,2.0
bop_its6_det,SJ312,CRE,CH,IE,2016,MIO_EUR,6.0
bop_its6_det,SJ312,CRE,CH,IE,2017,MIO_EUR,6.0
bop_its6_det,SJ312,CRE,CH,IE,2018,MIO_EUR,2.0
bop_its6_det,SJ312,CRE,CH,IE,2023,MIO_EUR,2.0
bop_its6_det,SJ312,CRE,CH,IE,2024,MIO_EUR,6.0
bop_its6_det,SJ312,CRE,CH,IT,2015,MIO_EUR,8.9
bop_its6_det,SJ312,CRE,CH,IT,2016,MIO_EUR,20.2
bop_its6_det,SJ312,CRE,CH,IT,2017,MIO_EUR,18.9
bop_its6_det,SJ312,CRE,CH,IT,2018,MIO_EUR,8.1
bop_its6_det,SJ312,CRE,CH,IT,2019,MIO_EUR,9.1
bop_its6_det,SJ312,CRE,CH,IT,2020,MIO_EUR,11.2
bop_its6_det,SJ312,CRE,CH,IT,2021,MIO_EUR,21.0
bop_its6_det,SJ312,CRE,CH,IT,2022,MIO_EUR,21.4
bop_its6_det,SJ312,CRE,CH,IT,2023,MIO_EUR,16.3
bop_its6_det,SJ312,CRE,CH,IT,2024,MIO_EUR,14.8
bop_its6_det,SJ312,CRE,CH,NL,2015,MIO_EUR,78.8
bop_its6_det,SJ312,CRE,CH,NL,2020,MIO_EUR,88.4
bop_its6_det,SJ312,CRE,CH,NL,2023,MIO_EUR,212.2
bop_its6_det,SJ312,CRE,CH,PL,2015,MIO_EUR,40.4
bop_its6_det,SJ312,CRE,CH,PL,2016,MIO_EUR,33.0
bop_its6_det,SJ312,CRE,CH,PL,2017,MIO_EUR,36.2
bop_its6_det,SJ312,CRE,CH,PL,2018,MIO_EUR,35.7
bop_its6_det,SJ312,CRE,CH,PL,2019,MIO_EUR,26.8
bop_its6_det,SJ312,CRE,CH,PL,2020,MIO_EUR,70.7
bop_its6_det,SJ312,CRE,CH,PL,2021,MIO_EUR,107.6
bop_its6_det,SJ312,CRE,CH,PL,2022,MIO_EUR,118.2
bop_its6_det,SJ312,CRE,CH,PL,2023,MIO_EUR,162.7
bop_its6_det,SJ312,CRE,CH,PL,2024,MIO_EUR,216.9
bop_its6_det,SJ312,CRE,CH,PT,2015,MIO_EUR,2.0
bop_its6_det,SJ312,CRE,CH,PT,2016,MIO_EUR,4.0
bop_its6_det,SJ312,CRE,CH,PT,2017,MIO_EUR,3.0
bop_its6_det,SJ312,CRE,CH,PT,2018,MIO_EUR,2.0
bop_its6_det,SJ312,CRE,CH,PT,2019,MIO_EUR,3.0
bop_its6_det,SJ312,CRE,CH,PT,2020,MIO_EUR,2.0
bop_its6_det,SJ312,CRE,CH,PT,2021,MIO_EUR,5.0
bop_its6_det,SJ312,CRE,CH,PT,2022,MIO_EUR,4.0
bop_its6_det,SJ312,CRE,CH,PT,2023,MIO_EUR,7.0
bop_its6_det,SJ312,CRE,CH,PT,2024,MIO_EUR,11.0
bop_its6_det,SJ312,CRE,CH,RO,2017,MIO_EUR,6.6
bop_its6_det,SJ312,CRE,CH,RO,2019,MIO_EUR,7.4
bop_its6_det,SJ312,CRE,CH,SE,2015,MIO_EUR,27.2
bop_its6_det,SJ312,CRE,CH,SE,2016,MIO_EUR,57.3
bop_its6_det,SJ312,CRE,CH,SE,2017,MIO_EUR,36.9
bop_its6_det,SJ312,CRE,CH,SE,2018,MIO_EUR,31.7
bop_its6_det,SJ312,CRE,CH,SE,2019,MIO_EUR,37.1
bop_its6_det,SJ312,CRE,CH,SE,2020,MIO_EUR,17.5
bop_its6_det,SJ312,CRE,CH,SE,2021,MIO_EUR,51.6
bop_its6_det,SJ312,CRE,CH,SE,2022,MIO_EUR,31.7
bop_its6_det,SJ312,CRE,CH,SE,2023,MIO_EUR,42.2
bop_its6_det,SJ312,CRE,CH,SE,2024,MIO_EUR,75.4
bop_its6_det,SJ312,DEB,JP,AT,2015,MIO_EUR,6.0
bop_its6_det,SJ312,DEB,JP,AT,2016,MIO_EUR,6.0
bop_its6_det,SJ312,DEB,JP,AT,2017,MIO_EUR,6.0
bop_its6_det,SJ312,DEB,JP,AT,2018,MIO_EUR,8.0
bop_its6_det,SJ312,DEB,JP,AT,2019,MIO_EUR,7.0
bop_its6_det,SJ312,DEB,JP,AT,2020,MIO_EUR,9.0
bop_its6_det,SJ312,DEB,JP,AT,2021,MIO_EUR,5.0
bop_its6_det,SJ312,DEB,JP,AT,2022,MIO_EUR,3.0
bop_its6_det,SJ312,DEB,JP,AT,2023,MIO_EUR,3.0
bop_its6_det,SJ312,DEB,JP,AT,2024,MIO_EUR,1.0
bop_its6_det,SJ312,DEB,JP,BE,2017,MIO_EUR,0.0
bop_its6_det,SJ312,DEB,JP,BE,2018,MIO_EUR,1.0
bop_its6_det,SJ312,DEB,JP,BE,2019,MIO_EUR,0.0
bop_its6_det,SJ312,DEB,JP,BE,2020,MIO_EUR,2.0
bop_its6_det,SJ312,DEB,JP,BE,2021,MIO_EUR,6.0
bop_its6_det,SJ312,DEB,JP,BE,2023,MIO_EUR,1.0
bop_its6_det,SJ312,DEB,JP,BE,2024,MIO_EUR,1.0
bop_its6_det,SJ312,DEB,JP,CZ,2015,MIO_EUR,0.3
bop_its6_det,SJ312,DEB,JP,CZ,2016,MIO_EUR,0.8
bop_its6_det,SJ312,DEB,JP,CZ,2017,MIO_EUR,1.4
bop_its6_det,SJ312,DEB,JP,CZ,2018,MIO_EUR,0.6
bop_its6_det,SJ312,DEB,JP,CZ,2019,MIO_EUR,0.2
bop_its6_det,SJ312,DEB,JP,CZ,2020,MIO_EUR,0.2
bop_its6_det,SJ312,DEB,JP,CZ,2021,MIO_EUR,0.4
bop_its6_det,SJ312,DEB,JP,CZ,2022,MIO_EUR,0.3
bop_its6_det,SJ312,DEB,JP,CZ,2023,MIO_EUR,0.5
bop_its6_det,SJ312,DEB,JP,CZ,2024,MIO_EUR,0.3
bop_its6_det,SJ312,DEB,JP,DE,2015,MIO_EUR,60.0
bop_its6_det,SJ312,DEB,JP,DE,2016,MIO_EUR,50.0
bop_its6_det,SJ312,DEB,JP,DE,2017,MIO_EUR,51.0
bop_its6_det,SJ312,DEB,JP,DE,2018,MIO_EUR,56.0
bop_its6_det,SJ312,DEB,JP,DE,2021,MIO_EUR,44.0
bop_its6_det,SJ312,DEB,JP,DE,2023,MIO_EUR,52.0
bop_its6_det,SJ312,DEB,JP,DK,2015,MIO_EUR,2.5
bop_its6_det,SJ312,DEB,JP,DK,2016,MIO_EUR,4.4
bop_its6_det,SJ312,DEB,JP,DK,2017,MIO_EUR,3.1
bop_its6_det,SJ312,DEB,JP,DK,2018,MIO_EUR,3.9
bop_its6_det,SJ312,DEB,JP,DK,2019,MIO_EUR,2.5
bop_its6_det,SJ312,DEB,JP,DK,2020,MIO_EUR,1.3
bop_its6_det,SJ312,DEB,JP,DK,2021,MIO_EUR,1.3
bop_its6_det,SJ312,DEB,JP,DK,2022,MIO_EUR,3.0
bop_its6_det,SJ312,DEB,JP,DK,2023,MIO_EUR,5.8
bop_its6_det,SJ312,DEB,JP,DK,2024,MIO_EUR,4.4
bop_its6_det,SJ312,DEB,JP,EL,2015,MIO_EUR,0.1
bop_its6_det,SJ312,DEB,JP,EL,2016,MIO_EUR,3.1
bop_its6_det,SJ312,DEB,JP,EL,2017,MIO_EUR,3.9
bop_its6_det,SJ312,DEB,JP,EL,2018,MIO_EUR,2.0
bop_its6_det,SJ312,DEB,JP,EL,2019,MIO_EUR,1.5
bop_its6_det,SJ312,DEB,JP,EL,2020,MIO_EUR,0.1
bop_its6_det,SJ312,DEB,JP,EL,2021,MIO_EUR,4.9
bop_its6_det,SJ312,DEB,JP,EL,2022,MIO_EUR,6.5
bop_its6_det,SJ312,DEB,JP,EL,2023,MIO_EUR,11.7
bop_its6_det,SJ312,DEB,JP,EL,2024,MIO_EUR,12.3
bop_its6_det,SJ312,DEB,JP,ES,2015,MIO_EUR,1.0
bop_its6_det,SJ312,DEB,JP,ES,2018,MIO_EUR,2.0
bop_its6_det,SJ312,DEB,JP,ES,2022,MIO_EUR,2.0
bop_its6_det,SJ312,DEB,JP,ES,2023,MIO_EUR,5.0
bop_its6_det,SJ312,DEB,JP,ES,2024,MIO_EUR,11.0
bop_its6_det,SJ312,DEB,JP,EU27_2020,2015,MIO_EUR,130.1
bop_its6_det,SJ312,DEB,JP,EU27_2020,2016,MIO_EUR,143.4
bop_its6_det,SJ312,DEB,JP,EU27_2020,2017,MIO_EUR,227.3
bop_its6_det,SJ312,DEB,JP,EU27_2020,2018,MIO_EUR,133.5
bop_its6_det,SJ312,DEB,JP,EU27_2020,2019,MIO_EUR,135.0
bop_its6_det,SJ312,DEB,JP,EU27_2020,2020,MIO_EUR,100.1
bop_its6_det,SJ312,DEB,JP,EU27_2020,2021,MIO_EUR,132.7
bop_its6_det,SJ312,DEB,JP,EU27_2020,2022,MIO_EUR,340.1
bop_its6_det,SJ312,DEB,JP,EU27_2020,2023,MIO_EUR,123.8
bop_its6_det,SJ312,DEB,JP,EU27_2020,2024,MIO_EUR,129.3
bop_its6_det,SJ312,DEB,JP,FI,2015,MIO_EUR,0.0
bop_its6_det,SJ312,DEB,JP,FI,2016,MIO_EUR,0.0
bop_its6_det,SJ312,DEB,JP,FI,2017,MIO_EUR,1.0
bop_its6_det,SJ312,DEB,JP,FI,2018,MIO_EUR,0.0
bop_its6_det,SJ312,DEB,JP,FI,2019,MIO_EUR,1.0
bop_its6_det,SJ312,DEB,JP,FI,2020,MIO_EUR,1.0
bop_its6_det,SJ312,DEB,JP,FI,2021,MIO_EUR,1.0
bop_its6_det,SJ312,DEB,JP,FI,2022,MIO_EUR,0.0
bop_its6_det,SJ312,DEB,JP,FI,2023,MIO_EUR,0.0
bop_its6_det,SJ312,DEB,JP,FI,2024,MIO_EUR,0.0
bop_its6_det,SJ312,DEB,JP,HU,2015,MIO_EUR,19.2
bop_its6_det,SJ312,DEB,JP,HU,2016,MIO_EUR,17.1
bop_its6_det,SJ312,DEB,JP,HU,2017,MIO_EUR,12.5
bop_its6_det,SJ312,DEB,JP,HU,2019,MIO_EUR,16.0
bop_its6_det,SJ312,DEB,JP,HU,2020,MIO_EUR,9.9
bop_its6_det,SJ312,DEB,JP,HU,2021,MIO_EUR,8.1
bop_its6_det,SJ312,DEB,JP,HU,2022,MIO_EUR,8.4
bop_its6_det,SJ312,DEB,JP,HU,2023,MIO_EUR,3.9
bop_its6_det,SJ312,DEB,JP,HU,2024,MIO_EUR,4.1
bop_its6_det,SJ312,DEB,JP,IE,2015,MIO_EUR,0.0
bop_its6_det,SJ312,DEB,JP,IE,2016,MIO_EUR,0.0
bop_its6_det,SJ312,DEB,JP,IE,2017,MIO_EUR,0.0
bop_its6_det,SJ312,DEB,JP,IE,2018,MIO_EUR,0.0
bop_its6_det,SJ312,DEB,JP,IE,2019,MIO_EUR,0.0
bop_its6_det,SJ312,DEB,JP,IE,2020,MIO_EUR,0.0
bop_its6_det,SJ312,DEB,JP,IE,2021,MIO_EUR,0.0
bop_its6_det,SJ312,DEB,JP,IE,2022,MIO_EUR,0.0
bop_its6_det,SJ312,DEB,JP,IE,2023,MIO_EUR,0.0
bop_its6_det,SJ312,DEB,JP,IE,2024,MIO_EUR,0.0
bop_its6_det,SJ312,DEB,JP,IT,2015,MIO_EUR,11.8
bop_its6_det,SJ312,DEB,JP,IT,2016,MIO_EUR,5.3
bop_its6_det,SJ312,DEB,JP,IT,2017,MIO_EUR,3.0
bop_its6_det,SJ312,DEB,JP,IT,2018,MIO_EUR,9.6
bop_its6_det,SJ312,DEB,JP,IT,2019,MIO_EUR,1.7
bop_its6_det,SJ312,DEB,JP,IT,2020,MIO_EUR,5.7
bop_its6_det,SJ312,DEB,JP,IT,2021,MIO_EUR,5.8
bop_its6_det,SJ312,DEB,JP,IT,2022,MIO_EUR,8.4
bop_its6_det,SJ312,DEB,JP,IT,2023,MIO_EUR,5.0
bop_its6_det,SJ312,DEB,JP,IT,2024,MIO_EUR,7.8
bop_its6_det,SJ312,DEB,JP,NL,2015,MIO_EUR,1.5
bop_its6_det,SJ312,DEB,JP,NL,2016,MIO_EUR,0.1
bop_its6_det,SJ312,DEB,JP,NL,2018,MIO_EUR,0.0
bop_its6_det,SJ312,DEB,JP,NL,2019,MIO_EUR,0.0
bop_its6_det,SJ312,DEB,JP,NL,2020,MIO_EUR,0.0
bop_its6_det,SJ312,DEB,JP,NL,2022,MIO_EUR,0.0
bop_its6_det,SJ312,DEB,JP,NL,2023,MIO_EUR,0.1
bop_its6_det,SJ312,DEB,JP,NL,2024,MIO_EUR,0.6
bop_its6_det,SJ312,DEB,JP,PL,2015,MIO_EUR,3.1
bop_its6_det,SJ312,DEB,JP,PL,2016,MIO_EUR,4.1
bop_its6_det,SJ312,DEB,JP,PL,2017,MIO_EUR,4.0
bop_its6_det,SJ312,DEB,JP,PL,2018,MIO_EUR,3.3
bop_its6_det,SJ312,DEB,JP,PL,2019,MIO_EUR,10.2
bop_its6_det,SJ312,DEB,JP,PL,2020,MIO_EUR,3.8
bop_its6_det,SJ312,DEB,JP,PL,2021,MIO_EUR,7.4
bop_its6_det,SJ312,DEB,JP,PL,2022,MIO_EUR,8.1
bop_its6_det,SJ312,DEB,JP,PL,2023,MIO_EUR,8.6
bop_its6_det,SJ312,DEB,JP,PL,2024,MIO_EUR,5.1
bop_its6_det,SJ312,DEB,JP,PT,2015,MIO_EUR,0.0
bop_its6_det,SJ312,DEB,JP,PT,2016,MIO_EUR,0.0
bop_its6_det,SJ312,DEB,JP,PT,2017,MIO_EUR,0.0
bop_its6_det,SJ312,DEB,JP,PT,2018,MIO_EUR,0.0
bop_its6_det,SJ312,DEB,JP,PT,2019,MIO_EUR,0.0
bop_its6_det,SJ312,DEB,JP,PT,2020,MIO_EUR,0.0
bop_its6_det,SJ312,DEB,JP,PT,2021,MIO_EUR,0.0
bop_its6_det,SJ312,DEB,JP,PT,2022,MIO_EUR,0.0
bop_its6_det,SJ312,DEB,JP,PT,2023,MIO_EUR,0.0
bop_its6_det,SJ312,DEB,JP,PT,2024,MIO_EUR,0.0
bop_its6_det,SJ312,DEB,JP,RO,2018,MIO_EUR,4.3
bop_its6_det,SJ312,DEB,JP,RO,2019,MIO_EUR,3.4
bop_its6_det,SJ312,DEB,JP,RO,2021,MIO_EUR,0.0
bop_its6_det,SJ312,DEB,JP,RO,2022,MIO_EUR,0.4
bop_its6_det,SJ312,DEB,JP,RO,2024,MIO_EUR,0.0
bop_its6_det,SJ312,DEB,JP,SE,2015,MIO_EUR,7.6
bop_its6_det,SJ312,DEB,JP,SE,2016,MIO_EUR,30.1
bop_its6_det,SJ312,DEB,JP,SE,2017,MIO_EUR,0.8
bop_its6_det,SJ312,DEB,JP,SE,2018,MIO_EUR,2.7
bop_its6_det,SJ312,DEB,JP,SE,2019,MIO_EUR,1.5
bop_its6_det,SJ312,DEB,JP,SE,2020,MIO_EUR,1.2
bop_its6_det,SJ312,DEB,JP,SE,2021,MIO_EUR,2.4
bop_its6_det,SJ312,DEB,JP,SE,2022,MIO_EUR,2.6
bop_its6_det,SJ312,DEB,JP,SE,2023,MIO_EUR,5.2
bop_its6_det,SJ312,DEB,JP,SE,2024,MIO_EUR,10.5
bop_its6_det,SJ312,CRE,JP,AT,2015,MIO_EUR,76.0
bop_its6_det,SJ312,CRE,JP,AT,2016,MIO_EUR,80.0
bop_its6_det,SJ312,CRE,JP,AT,2017,MIO_EUR,78.0
bop_its6_det,SJ312,CRE,JP,AT,2018,MIO_EUR,120.0
bop_its6_det,SJ312,CRE,JP,AT,2019,MIO_EUR,91.0
bop_its6_det,SJ312,CRE,JP,AT,2020,MIO_EUR,75.0
bop_its6_det,SJ312,CRE,JP,AT,2021,MIO_EUR,82.0
bop_its6_det,SJ312,CRE,JP,AT,2022,MIO_EUR,93.0
bop_its6_det,SJ312,CRE,JP,AT,2023,MIO_EUR,178.0
bop_its6_det,SJ312,CRE,JP,AT,2024,MIO_EUR,83.0
bop_its6_det,SJ312,CRE,JP,BE,2015,MIO_EUR,7.0
bop_its6_det,SJ312,CRE,JP,BE,2016,MIO_EUR,4.0
bop_its6_det,SJ312,CRE,JP,BE,2019,MIO_EUR,3.0
bop_its6_det,SJ312,CRE,JP,BE,2023,MIO_EUR,48.0
bop_its6_det,SJ312,CRE,JP,BE,2024,MIO_EUR,46.0
bop_its6_det,SJ312,CRE,JP,CZ,2015,MIO_EUR,0.3
bop_its6_det,SJ312,CRE,JP,CZ,2016,MIO_EUR,0.4
bop_its6_det,SJ312,CRE,JP,CZ,2017,MIO_EUR,0.8
bop_its6_det,SJ312,CRE,JP,CZ,2018,MIO_EUR,0.5
bop_its6_det,SJ312,CRE,JP,CZ,2019,MIO_EUR,0.7
bop_its6_det,SJ312,CRE,JP,CZ,2020,MIO_EUR,0.6
bop_its6_det,SJ312,CRE,JP,CZ,2021,MIO_EUR,1.2
bop_its6_det,SJ312,CRE,JP,CZ,2022,MIO_EUR,0.4
bop_its6_det,SJ312,CRE,JP,CZ,2023,MIO_EUR,0.4
bop_its6_det,SJ312,CRE,JP,CZ,2024,MIO_EUR,0.7
bop_its6_det,SJ312,CRE,JP,DE,2016,MIO_EUR,118.0
bop_its6_det,SJ312,CRE,JP,DE,2019,MIO_EUR,139.0
bop_its6_det,SJ312,CRE,JP,DE,2021,MIO_EUR,123.0
bop_its6_det,SJ312,CRE,JP,DE,2022,MIO_EUR,135.0
bop_its6_det,SJ312,CRE,JP,DK,2015,MIO_EUR,11.5
bop_its6_det,SJ312,CRE,JP,DK,2016,MIO_EUR,11.0
bop_its6_det,SJ312,CRE,JP,DK,2017,MIO_EUR,6.7
bop_its6_det,SJ312,CRE,JP,DK,2018,MIO_EUR,11.8
bop_its6_det,SJ312,CRE,JP,DK,2019,MIO_EUR,14.6
bop_its6_det,SJ312,CRE,JP,DK,2020,MIO_EUR,7.8
bop_its6_det,SJ312,CRE,JP,DK,2021,MIO_EUR,13.8
bop_its6_det,SJ312,CRE,JP,DK,2022,MIO_EUR,12.9
bop_its6_det,SJ312,CRE,JP,DK,2023,MIO_EUR,14.0
bop_its6_det,SJ312,CRE,JP,DK,2024,MIO_EUR,22.4
bop_its6_det,SJ312,CRE,JP,EL,2015,MIO_EUR,0.0
bop_its6_det,SJ312,CRE,JP,EL,2016,MIO_EUR,0.0
bop_its6_det,SJ312,CRE,JP,EL,2017,MIO_EUR,0.0
bop_its6_det,SJ312,CRE,JP,EL,2018,MIO_EUR,0.0
bop_its6_det,SJ312,CRE,JP,EL,2019,MIO_EUR,0.0
bop_its6_det,SJ312,CRE,JP,EL,2020,MIO_EUR,0.0
bop_its6_det,SJ312,CRE,JP,EL,2021,MIO_EUR,0.2
bop_its6_det,SJ312,CRE,JP,EL,2022,MIO_EUR,0.1
bop_its6_det,SJ312,CRE,JP,EL,2023,MIO_EUR,0.2
bop_its6_det,SJ312,CRE,JP,EL,2024,MIO_EUR,0.0
bop_its6_det,SJ312,CRE,JP,ES,2019,MIO_EUR,6.0
bop_its6_det,SJ312,CRE,JP,ES,2020,MIO_EUR,5.0
bop_its6_det,SJ312,CRE,JP,ES,2021,MIO_EUR,6.0
bop_its6_det,SJ312,CRE,JP,ES,2022,MIO_EUR,7.0
bop_its6_det,SJ312,CRE,JP,ES,2023,MIO_EUR,28.0
bop_its6_det,SJ312,CRE,JP,ES,2024,MIO_EUR,19.0
bop_its6_det,SJ312,CRE,JP,EU27_2020,2015,MIO_EUR,256.1
bop_its6_det,SJ312,CRE,JP,EU27_2020,2016,MIO_EUR,301.1
bop_its6_det,SJ312,CRE,JP,EU27_2020,2017,MIO_EUR,303.3
bop_its6_det,SJ312,CRE,JP,EU27_2020,2018,MIO_EUR,416.1
bop_its6_det,SJ312,CRE,JP,EU27_2020,2019,MIO_EUR,329.4
bop_its6_det,SJ312,CRE,JP,EU27_2020,2020,MIO_EUR,263.8
bop_its6_det,SJ312,CRE,JP,EU27_2020,2021,MIO_EUR,295.0
bop_its6_det,SJ312,CRE,JP,EU27_2020,2022,MIO_EUR,302.0
bop_its6_det,SJ312,CRE,JP,EU27_2020,2023,MIO_EUR,580.6
bop_its6_det,SJ312,CRE,JP,EU27_2020,2024,MIO_EUR,452.1
bop_its6_det,SJ312,CRE,JP,FI,2015,MIO_EUR,4.0
bop_its6_det,SJ312,CRE,JP,FI,2016,MIO_EUR,16.0
bop_its6_det,SJ312,CRE,JP,FI,2017,MIO_EUR,25.0
bop_its6_det,SJ312,CRE,JP,FI,2018,MIO_EUR,23.0
bop_its6_det,SJ312,CRE,JP,FI,2019,MIO_EUR,23.0
bop_its6_det,SJ312,CRE,JP,FI,2020,MIO_EUR,14.0
bop_its6_det,SJ312,CRE,JP,FI,2021,MIO_EUR,15.0
bop_its6_det,SJ312,CRE,JP,FI,2022,MIO_EUR,13.0
bop_its6_det,SJ312,CRE,JP,FI,2023,MIO_EUR,20.0
bop_its6_det,SJ312,CRE,JP,FI,2024,MIO_EUR,12.0
bop_its6_det,SJ312,CRE,JP,HU,2015,MIO_EUR,0.8
bop_its6_det,SJ312,CRE,JP,HU,2016,MIO_EUR,0.3
bop_its6_det,SJ312,CRE,JP,HU,2017,MIO_EUR,1.7
bop_its6_det,SJ312,CRE,JP,HU,2019,MIO_EUR,2.4
bop_its6_det,SJ312,CRE,JP,HU,2020,MIO_EUR,3.5
bop_its6_det,SJ312,CRE,JP,HU,2021,MIO_EUR,2.1
bop_its6_det,SJ312,CRE,JP,HU,2022,MIO_EUR,1.8
bop_its6_det,SJ312,CRE,JP,HU,2023,MIO_EUR,3.8
bop_its6_det,SJ312,CRE,JP,HU,2024,MIO_EUR,3.4
bop_its6_det,SJ312,CRE,JP,IE,2015,MIO_EUR,2.0
bop_its6_det,SJ312,CRE,JP,IE,2016,MIO_EUR,1.0
bop_its6_det,SJ312,CRE,JP,IE,2017,MIO_EUR,0.0
bop_its6_det,SJ312,CRE,JP,IE,2018,MIO_EUR,0.0
bop_its6_det,SJ312,CRE,JP,IE,2019,MIO_EUR,0.0
bop_its6_det,SJ312,CRE,JP,IE,2020,MIO_EUR,1.0
bop_its6_det,SJ312,CRE,JP,IE,2021,MIO_EUR,0.0
bop_its6_det,SJ312,CRE,JP,IE,2022,MIO_EUR,0.0
bop_its6_det,SJ312,CRE,JP,IE,2023,MIO_EUR,0.0
bop_its6_det,SJ312,CRE,JP,IE,2024,MIO_EUR,0.0
bop_its6_det,SJ312,CRE,JP,IT,2015,MIO_EUR,2.8
bop_its6_det,SJ312,CRE,JP,IT,2016,MIO_EUR,2.6
bop_its6_det,SJ312,CRE,JP,IT,2017,MIO_EUR,4.1
bop_its6_det,SJ312,CRE,JP,IT,2018,MIO_EUR,3.8
bop_its6_det,SJ312,CRE,JP,IT,2019,MIO_EUR,1.1
bop_its6_det,SJ312,CRE,JP,IT,2020,MIO_EUR,1.3
bop_its6_det,SJ312,CRE,JP,IT,2021,MIO_EUR,2.1
bop_its6_det,SJ312,CRE,JP,IT,2022,MIO_EUR,1.1
bop_its6_det,SJ312,CRE,JP,IT,2023,MIO_EUR,3.0
bop_its6_det,SJ312,CRE,JP,IT,2024,MIO_EUR,2.8
bop_its6_det,SJ312,CRE,JP,NL,2015,MIO_EUR,11.2
bop_its6_det,SJ312,CRE,JP,NL,2018,MIO_EUR,2.9
bop_its6_det,SJ312,CRE,JP,NL,2020,MIO_EUR,2.1
bop_its6_det,SJ312,CRE,JP,NL,2022,MIO_EUR,3.1
bop_its6_det,SJ312,CRE,JP,NL,2023,MIO_EUR,2.7
bop_its6_det,SJ312,CRE,JP,NL,2024,MIO_EUR,3.7
bop_its6_det,SJ312,CRE,JP,PL,2015,MIO_EUR,0.7
bop_its6_det,SJ312,CRE,JP,PL,2016,MIO_EUR,1.6
bop_its6_det,SJ312,CRE,JP,PL,2017,MIO_EUR,0.5
bop_its6_det,SJ312,CRE,JP,PL,2018,MIO_EUR,2.1
bop_its6_det,SJ312,CRE,JP,PL,2019,MIO_EUR,3.7
bop_its6_det,SJ312,CRE,JP,PL,2020,MIO_EUR,1.4
bop_its6_det,SJ312,CRE,JP,PL,2021,MIO_EUR,2.0
bop_its6_det,SJ312,CRE,JP,PL,2022,MIO_EUR,8.1
bop_its6_det,SJ312,CRE,JP,PL,2023,MIO_EUR,2.9
bop_its6_det,SJ312,CRE,JP,PL,2024,MIO_EUR,3.7
bop_its6_det,SJ312,CRE,JP,RO,2017,MIO_EUR,0.2
bop_its6_det,SJ312,CRE,JP,RO,2018,MIO_EUR,0.0
bop_its6_det,SJ312,CRE,JP,RO,2019,MIO_EUR,0.0
bop_its6_det,SJ312,CRE,JP,RO,2021,MIO_EUR,0.4
bop_its6_det,SJ312,CRE,JP,RO,2022,MIO_EUR,0.6
bop_its6_det,SJ312,CRE,JP,RO,2024,MIO_EUR,0.0
bop_its6_det,SJ312,CRE,JP,SE,2015,MIO_EUR,14.5
bop_its6_det,SJ312,CRE,JP,SE,2016,MIO_EUR,12.5
bop_its6_det,SJ312,CRE,JP,SE,2017,MIO_EUR,25.2
bop_its6_det,SJ312,CRE,JP,SE,2018,MIO_EUR,6.5
bop_its6_det,SJ312,CRE,JP,SE,2019,MIO_EUR,8.9
bop_its6_det,SJ312,CRE,JP,SE,2020,MIO_EUR,15.8
bop_its6_det,SJ312,CRE,JP,SE,2021,MIO_EUR,3.9
bop_its6_det,SJ312,CRE,JP,SE,2022,MIO_EUR,4.8
bop_its6_det,SJ312,CRE,JP,SE,2023,MIO_EUR,1.9
bop_its6_det,SJ312,CRE,JP,SE,2024,MIO_EUR,7.0
bop_its6_det,SJ312,DEB,EXT_EU27_2020,AT,2015,MIO_EUR,370.0
bop_its6_det,SJ312,DEB,EXT_EU27_2020,AT,2016,MIO_EUR,359.0
bop_its6_det,SJ312,DEB,EXT_EU27_2020,AT,2017,MIO_EUR,370.0
bop_its6_det,SJ312,DEB,EXT_EU27_2020,AT,2018,MIO_EUR,450.0
bop_its6_det,SJ312,DEB,EXT_EU27_2020,AT,2019,MIO_EUR,584.0
bop_its6_det,SJ312,DEB,EXT_EU27_2020,AT,2020,MIO_EUR,414.0
bop_its6_det,SJ312,DEB,EXT_EU27_2020,AT,2021,MIO_EUR,526.0
bop_its6_det,SJ312,DEB,EXT_EU27_2020,AT,2022,MIO_EUR,462.0
bop_its6_det,SJ312,DEB,EXT_EU27_2020,AT,2023,MIO_EUR,492.0
bop_its6_det,SJ312,DEB,EXT_EU27_2020,AT,2024,MIO_EUR,464.0
bop_its6_det,SJ312,DEB,EXT_EU27_2020,BE,2015,MIO_EUR,260.0
bop_its6_det,SJ312,DEB,EXT_EU27_2020,BE,2016,MIO_EUR,708.0
bop_its6_det,SJ312,DEB,EXT_EU27_2020,BE,2017,MIO_EUR,410.0
bop_its6_det,SJ312,DEB,EXT_EU27_2020,BE,2018,MIO_EUR,285.0
bop_its6_det,SJ312,DEB,EXT_EU27_2020,BE,2019,MIO_EUR,328.0
bop_its6_det,SJ312,DEB,EXT_EU27_2020,BE,2020,MIO_EUR,285.0
bop_its6_det,SJ312,DEB,EXT_EU27_2020,BE,2021,MIO_EUR,279.0
bop_its6_det,SJ312,DEB,EXT_EU27_2020,BE,2022,MIO_EUR,336.0
bop_its6_det,SJ312,DEB,EXT_EU27_2020,BE,2023,MIO_EUR,317.0
bop_its6_det,SJ312,DEB,EXT_EU27_2020,BE,2024,MIO_EUR,637.0
bop_its6_det,SJ312,DEB,EXT_EU27_2020,CZ,2015,MIO_EUR,45.9
bop_its6_det,SJ312,DEB,EXT_EU27_2020,CZ,2016,MIO_EUR,45.6
bop_its6_det,SJ312,DEB,EXT_EU27_2020,CZ,2017,MIO_EUR,39.3
bop_its6_det,SJ312,DEB,EXT_EU27_2020,CZ,2018,MIO_EUR,31.0
bop_its6_det,SJ312,DEB,EXT_EU27_2020,CZ,2019,MIO_EUR,26.3
bop_its6_det,SJ312,DEB,EXT_EU27_2020,CZ,2020,MIO_EUR,30.9
bop_its6_det,SJ312,DEB,EXT_EU27_2020,CZ,2021,MIO_EUR,26.3
bop_its6_det,SJ312,DEB,EXT_EU27_2020,CZ,2022,MIO_EUR,42.5
bop_its6_det,SJ312,DEB,EXT_EU27_2020,CZ,2023,MIO_EUR,37.4
bop_its6_det,SJ312,DEB,EXT_EU27_2020,CZ,2024,MIO_EUR,30.9
bop_its6_det,SJ312,DEB,EXT_EU27_2020,DE,2015,MIO_EUR,2743.0
bop_its6_det,SJ312,DEB,EXT_EU27_2020,DE,2016,MIO_EUR,2714.0
bop_its6_det,SJ312,DEB,EXT_EU27_2020,DE,2017,MIO_EUR,2817.0
bop_its6_det,SJ312,DEB,EXT_EU27_2020,DE,2018,MIO_EUR,3434.0
bop_its6_det,SJ312,DEB,EXT_EU27_2020,DE,2019,MIO_EUR,3464.0
bop_its6_det,SJ312,DEB,EXT_EU27_2020,DE,2020,MIO_EUR,2969.0
bop_its6_det,SJ312,DEB,EXT_EU27_2020,DE,2021,MIO_EUR,3045.0
bop_its6_det,SJ312,DEB,EXT_EU27_2020,DE,2022,MIO_EUR,4238.0
bop_its6_det,SJ312,DEB,EXT_EU27_2020,DE,2023,MIO_EUR,4369.0
bop_its6_det,SJ312,DEB,EXT_EU27_2020,DE,2024,MIO_EUR,5444.0
bop_its6_det,SJ312,DEB,EXT_EU27_2020,DK,2015,MIO_EUR,526.0
bop_its6_det,SJ312,DEB,EXT_EU27_2020,DK,2016,MIO_EUR,524.1
bop_its6_det,SJ312,DEB,EXT_EU27_2020,DK,2017,MIO_EUR,447.5
bop_its6_det,SJ312,DEB,EXT_EU27_2020,DK,2018,MIO_EUR,436.9
bop_its6_det,SJ312,DEB,EXT_EU27_2020,DK,2019,MIO_EUR,511.6
bop_its6_det,SJ312,DEB,EXT_EU27_2020,DK,2020,MIO_EUR,491.8
bop_its6_det,SJ312,DEB,EXT_EU27_2020,DK,2021,MIO_EUR,435.5
bop_its6_det,SJ312,DEB,EXT_EU27_2020,DK,2022,MIO_EUR,564.5
bop_its6_det,SJ312,DEB,EXT_EU27_2020,DK,2023,MIO_EUR,534.0
bop_its6_det,SJ312,DEB,EXT_EU27_2020,DK,2024,MIO_EUR,558.3
bop_its6_det,SJ312,DEB,EXT_EU27_2020,EL,2015,MIO_EUR,23.4
bop_its6_det,SJ312,DEB,EXT_EU27_2020,EL,2016,MIO_EUR,19.0
bop_its6_det,SJ312,DEB,EXT_EU27_2020,EL,2017,MIO_EUR,22.7
bop_its6_det,SJ312,DEB,EXT_EU27_2020,EL,2018,MIO_EUR,21.0
bop_its6_det,SJ312,DEB,EXT_EU27_2020,EL,2019,MIO_EUR,19.6
bop_its6_det,SJ312,DEB,EXT_EU27_2020,EL,2020,MIO_EUR,15.8
bop_its6_det,SJ312,DEB,EXT_EU27_2020,EL,2021,MIO_EUR,26.4
bop_its6_det,SJ312,DEB,EXT_EU27_2020,EL,2022,MIO_EUR,45.2
bop_its6_det,SJ312,DEB,EXT_EU27_2020,EL,2023,MIO_EUR,44.5
bop_its6_det,SJ312,DEB,EXT_EU27_2020,EL,2024,MIO_EUR,45.0
bop_its6_det,SJ312,DEB,EXT_EU27_2020,ES,2015,MIO_EUR,483.0
bop_its6_det,SJ312,DEB,EXT_EU27_2020,ES,2016,MIO_EUR,390.0
bop_its6_det,SJ312,DEB,EXT_EU27_2020,ES,2017,MIO_EUR,409.0
bop_its6_det,SJ312,DEB,EXT_EU27_2020,ES,2018,MIO_EUR,434.0
bop_its6_det,SJ312,DEB,EXT_EU27_2020,ES,2019,MIO_EUR,338.0
bop_its6_det,SJ312,DEB,EXT_EU27_2020,ES,2020,MIO_EUR,368.0
bop_its6_det,SJ312,DEB,EXT_EU27_2020,ES,2021,MIO_EUR,361.0
bop_its6_det,SJ312,DEB,EXT_EU27_2020,ES,2022,MIO_EUR,374.0
bop_its6_det,SJ312,DEB,EXT_EU27_2020,ES,2023,MIO_EUR,345.0
bop_its6_det,SJ312,DEB,EXT_EU27_2020,ES,2024,MIO_EUR,589.0
bop_its6_det,SJ312,DEB,EXT_EU27_2020,EU27_2020,2015,MIO_EUR,7868.0
bop_its6_det,SJ312,DEB,EXT_EU27_2020,EU27_2020,2016,MIO_EUR,8689.9
bop_its6_det,SJ312,DEB,EXT_EU27_2020,EU27_2020,2017,MIO_EUR,8640.0
bop_its6_det,SJ312,DEB,EXT_EU27_2020,EU27_2020,2018,MIO_EUR,9752.4
bop_its6_det,SJ312,DEB,EXT_EU27_2020,EU27_2020,2019,MIO_EUR,9073.5
bop_its6_det,SJ312,DEB,EXT_EU27_2020,EU27_2020,2020,MIO_EUR,8642.6
bop_its6_det,SJ312,DEB,EXT_EU27_2020,EU27_2020,2021,MIO_EUR,9684.1
bop_its6_det,SJ312,DEB,EXT_EU27_2020,EU27_2020,2022,MIO_EUR,11720.9
bop_its6_det,SJ312,DEB,EXT_EU27_2020,EU27_2020,2023,MIO_EUR,12352.9
bop_its6_det,SJ312,DEB,EXT_EU27_2020,EU27_2020,2024,MIO_EUR,14737.6
bop_its6_det,SJ312,DEB,EXT_EU27_2020,FI,2015,MIO_EUR,82.0
bop_its6_det,SJ312,DEB,EXT_EU27_2020,FI,2016,MIO_EUR,83.0
bop_its6_det,SJ312,DEB,EXT_EU27_2020,FI,2017,MIO_EUR,93.0
bop_its6_det,SJ312,DEB,EXT_EU27_2020,FI,2018,MIO_EUR,121.0
bop_its6_det,SJ312,DEB,EXT_EU27_2020,FI,2019,MIO_EUR,119.0
bop_its6_det,SJ312,DEB,EXT_EU27_2020,FI,2020,MIO_EUR,138.0
bop_its6_det,SJ312,DEB,EXT_EU27_2020,FI,2021,MIO_EUR,223.0
bop_its6_det,SJ312,DEB,EXT_EU27_2020,FI,2022,MIO_EUR,163.0
bop_its6_det,SJ312,DEB,EXT_EU27_2020,FI,2023,MIO_EUR,151.0
bop_its6_det,SJ312,DEB,EXT_EU27_2020,FI,2024,MIO_EUR,326.0
bop_its6_det,SJ312,DEB,EXT_EU27_2020,FR,2015,MIO_EUR,1959.0
bop_its6_det,SJ312,DEB,EXT_EU27_2020,FR,2016,MIO_EUR,1976.0
bop_its6_det,SJ312,DEB,EXT_EU27_2020,FR,2017,MIO_EUR,2656.0
bop_its6_det,SJ312,DEB,EXT_EU27_2020,FR,2018,MIO_EUR,2679.0
bop_its6_det,SJ312,DEB,EXT_EU27_2020,FR,2019,MIO_EUR,1593.0
bop_its6_det,SJ312,DEB,EXT_EU27_2020,FR,2020,MIO_EUR,1589.0
bop_its6_det,SJ312,DEB,EXT_EU27_2020,FR,2021,MIO_EUR,2039.0
bop_its6_det,SJ312,DEB,EXT_EU27_2020,FR,2022,MIO_EUR,2014.0
bop_its6_det,SJ312,DEB,EXT_EU27_2020,FR,2023,MIO_EUR,2353.0
bop_its6_det,SJ312,DEB,EXT_EU27_2020,FR,2024,MIO_EUR,2410.0
bop_its6_det,SJ312,DEB,EXT_EU27_2020,HU,2015,MIO_EUR,62.1
bop_its6_det,SJ312,DEB,EXT_EU27_2020,HU,2016,MIO_EUR,186.2
bop_its6_det,SJ312,DEB,EXT_EU27_2020,HU,2017,MIO_EUR,61.7
bop_its6_det,SJ312,DEB,EXT_EU27_2020,HU,2018,MIO_EUR,154.9
bop_its6_det,SJ312,DEB,EXT_EU27_2020,HU,2019,MIO_EUR,126.7
bop_its6_det,SJ312,DEB,EXT_EU27_2020,HU,2020,MIO_EUR,108.5
bop_its6_det,SJ312,DEB,EXT_EU27_2020,HU,2021,MIO_EUR,237.7
bop_its6_det,SJ312,DEB,EXT_EU27_2020,HU,2022,MIO_EUR,103.6
bop_its6_det,SJ312,DEB,EXT_EU27_2020,HU,2023,MIO_EUR,156.6
bop_its6_det,SJ312,DEB,EXT_EU27_2020,HU,2024,MIO_EUR,143.8
bop_its6_det,SJ312,DEB,EXT_EU27_2020,IE,2015,MIO_EUR,49.0
bop_its6_det,SJ312,DEB,EXT_EU27_2020,IE,2016,MIO_EUR,90.0
bop_its6_det,SJ312,DEB,EXT_EU27_2020,IE,2017,MIO_EUR,18.0
bop_its6_det,SJ312,DEB,EXT_EU27_2020,IE,2018,MIO_EUR,22.0
bop_its6_det,SJ312,DEB,EXT_EU27_2020,IE,2019,MIO_EUR,34.0
bop_its6_det,SJ312,DEB,EXT_EU27_2020,IE,2023,MIO_EUR,302.0
bop_its6_det,SJ312,DEB,EXT_EU27_2020,IE,2024,MIO_EUR,408.0
bop_its6_det,SJ312,DEB,EXT_EU27_2020,IT,2015,MIO_EUR,331.9
bop_its6_det,SJ312,DEB,EXT_EU27_2020,IT,2016,MIO_EUR,541.9
bop_its6_det,SJ312,DEB,EXT_EU27_2020,IT,2017,MIO_EUR,471.5
bop_its6_det,SJ312,DEB,EXT_EU27_2020,IT,2018,MIO_EUR,669.2
bop_its6_det,SJ312,DEB,EXT_EU27_2020,IT,2019,MIO_EUR,766.0
bop_its6_det,SJ312,DEB,EXT_EU27_2020,IT,2020,MIO_EUR,853.4
bop_its6_det,SJ312,DEB,EXT_EU27_2020,IT,2021,MIO_EUR,964.0
bop_its6_det,SJ312,DEB,EXT_EU27_2020,IT,2022,MIO_EUR,1024.5
bop_its6_det,SJ312,DEB,EXT_EU27_2020,IT,2023,MIO_EUR,933.9
bop_its6_det,SJ312,DEB,EXT_EU27_2020,IT,2024,MIO_EUR,731.4
bop_its6_det,SJ312,DEB,EXT_EU27_2020,NL,2015,MIO_EUR,424.5
bop_its6_det,SJ312,DEB,EXT_EU27_2020,NL,2016,MIO_EUR,435.8
bop_its6_det,SJ312,DEB,EXT_EU27_2020,NL,2017,MIO_EUR,267.3
bop_its6_det,SJ312,DEB,EXT_EU27_2020,NL,2018,MIO_EUR,373.3
bop_its6_det,SJ312,DEB,EXT_EU27_2020,NL,2019,MIO_EUR,493.2
bop_its6_det,SJ312,DEB,EXT_EU27_2020,NL,2020,MIO_EUR,489.6
bop_its6_det,SJ312,DEB,EXT_EU27_2020,NL,2021,MIO_EUR,380.0
bop_its6_det,SJ312,DEB,EXT_EU27_2020,NL,2022,MIO_EUR,914.0
bop_its6_det,SJ312,DEB,EXT_EU27_2020,NL,2023,MIO_EUR,1053.7
bop_its6_det,SJ312,DEB,EXT_EU27_2020,NL,2024,MIO_EUR,1277.0
bop_its6_det,SJ312,DEB,EXT_EU27_2020,PL,2015,MIO_EUR,104.7
bop_its6_det,SJ312,DEB,EXT_EU27_2020,PL,2016,MIO_EUR,99.5
bop_its6_det,SJ312,DEB,EXT_EU27_2020,PL,2017,MIO_EUR,121.7
bop_its6_det,SJ312,DEB,EXT_EU27_2020,PL,2018,MIO_EUR,121.6
bop_its6_det,SJ312,DEB,EXT_EU27_2020,PL,2019,MIO_EUR,116.1
bop_its6_det,SJ312,DEB,EXT_EU27_2020,PL,2020,MIO_EUR,129.4
bop_its6_det,SJ312,DEB,EXT_EU27_2020,PL,2021,MIO_EUR,175.2
bop_its6_det,SJ312,DEB,EXT_EU27_2020,PL,2022,MIO_EUR,343.8
bop_its6_det,SJ312,DEB,EXT_EU27_2020,PL,2023,MIO_EUR,426.7
bop_its6_det,SJ312,DEB,EXT_EU27_2020,PL,2024,MIO_EUR,562.0
bop_its6_det,SJ312,DEB,EXT_EU27_2020,PT,2015,MIO_EUR,27.0
bop_its6_det,SJ312,DEB,EXT_EU27_2020,PT,2016,MIO_EUR,18.0
bop_its6_det,SJ312,DEB,EXT_EU27_2020,PT,2017,MIO_EUR,13.0
bop_its6_det,SJ312,DEB,EXT_EU27_2020,PT,2018,MIO_EUR,26.0
bop_its6_det,SJ312,DEB,EXT_EU27_2020,PT,2019,MIO_EUR,22.0
bop_its6_det,SJ312,DEB,EXT_EU27_2020,PT,2020,MIO_EUR,31.0
bop_its6_det,SJ312,DEB,EXT_EU27_2020,PT,2021,MIO_EUR,24.0
bop_its6_det,SJ312,DEB,EXT_EU27_2020,PT,2022,MIO_EUR,47.0
bop_its6_det,SJ312,DEB,EXT_EU27_2020,PT,2023,MIO_EUR,42.0
bop_its6_det,SJ312,DEB,EXT_EU27_2020,PT,2024,MIO_EUR,76.0
bop_its6_det,SJ312,DEB,EXT_EU27_2020,RO,2015,MIO_EUR,39.4
bop_its6_det,SJ312,DEB,EXT_EU27_2020,RO,2016,MIO_EUR,50.1
bop_its6_det,SJ312,DEB,EXT_EU27_2020,RO,2017,MIO_EUR,30.4
bop_its6_det,SJ312,DEB,EXT_EU27_2020,RO,2018,MIO_EUR,60.8
bop_its6_det,SJ312,DEB,EXT_EU27_2020,RO,2019,MIO_EUR,63.9
bop_its6_det,SJ312,DEB,EXT_EU27_2020,RO,2020,MIO_EUR,44.0
bop_its6_det,SJ312,DEB,EXT_EU27_2020,RO,2021,MIO_EUR,103.6
bop_its6_det,SJ312,DEB,EXT_EU27_2020,RO,2023,MIO_EUR,43.5
bop_its6_det,SJ312,DEB,EXT_EU27_2020,RO,2024,MIO_EUR,111.0
bop_its6_det,SJ312,DEB,EXT_EU27_2020,SE,2015,MIO_EUR,212.3
bop_its6_det,SJ312,DEB,EXT_EU27_2020,SE,2016,MIO_EUR,234.3
bop_its6_det,SJ312,DEB,EXT_EU27_2020,SE,2017,MIO_EUR,287.4
bop_its6_det,SJ312,DEB,EXT_EU27_2020,SE,2018,MIO_EUR,307.1
bop_its6_det,SJ312,DEB,EXT_EU27_2020,SE,2019,MIO_EUR,320.2
bop_its6_det,SJ312,DEB,EXT_EU27_2020,SE,2020,MIO_EUR,255.6
bop_its6_det,SJ312,DEB,EXT_EU27_2020,SE,2021,MIO_EUR,494.2
bop_its6_det,SJ312,DEB,EXT_EU27_2020,SE,2022,MIO_EUR,572.0
bop_its6_det,SJ312,DEB,EXT_EU27_2020,SE,2023,MIO_EUR,629.2
bop_its6_det,SJ312,DEB,EXT_EU27_2020,SE,2024,MIO_EUR,794.2
bop_its6_det,SJ312,CRE,EXT_EU27_2020,AT,2015,MIO_EUR,1241.0
bop_its6_det,SJ312,CRE,EXT_EU27_2020,AT,2016,MIO_EUR,1288.0
bop_its6_det,SJ312,CRE,EXT_EU27_2020,AT,2017,MIO_EUR,1259.0
bop_its6_det,SJ312,CRE,EXT_EU27_2020,AT,2018,MIO_EUR,1506.0
bop_its6_det,SJ312,CRE,EXT_EU27_2020,AT,2019,MIO_EUR,1490.0
bop_its6_det,SJ312,CRE,EXT_EU27_2020,AT,2020,MIO_EUR,1728.0
bop_its6_det,SJ312,CRE,EXT_EU27_2020,AT,2021,MIO_EUR,2316.0
bop_its6_det,SJ312,CRE,EXT_EU27_2020,AT,2022,MIO_EUR,1680.0
bop_its6_det,SJ312,CRE,EXT_EU27_2020,AT,2023,MIO_EUR,1678.0
bop_its6_det,SJ312,CRE,EXT_EU27_2020,AT,2024,MIO_EUR,1569.0
bop_its6_det,SJ312,CRE,EXT_EU27_2020,BE,2015,MIO_EUR,1430.0
bop_its6_det,SJ312,CRE,EXT_EU27_2020,BE,2017,MIO_EUR,603.0
bop_its6_det,SJ312,CRE,EXT_EU27_2020,BE,2018,MIO_EUR,441.0
bop_its6_det,SJ312,CRE,EXT_EU27_2020,BE,2019,MIO_EUR,422.0
bop_its6_det,SJ312,CRE,EXT_EU27_2020,BE,2020,MIO_EUR,360.0
bop_its6_det,SJ312,CRE,EXT_EU27_2020,BE,2021,MIO_EUR,392.0
bop_its6_det,SJ312,CRE,EXT_EU27_2020,BE,2022,MIO_EUR,515.0
bop_its6_det,SJ312,CRE,EXT_EU27_2020,BE,2023,MIO_EUR,784.0
bop_its6_det,SJ312,CRE,EXT_EU27_2020,BE,2024,MIO_EUR,887.0
bop_its6_det,SJ312,CRE,EXT_EU27_2020,CZ,2015,MIO_EUR,210.6
bop_its6_det,SJ312,CRE,EXT_EU27_2020,CZ,2016,MIO_EUR,256.8
bop_its6_det,SJ312,CRE,EXT_EU27_2020,CZ,2017,MIO_EUR,120.1
bop_its6_det,SJ312,CRE,EXT_EU27_2020,CZ,2018,MIO_EUR,184.7
bop_its6_det,SJ312,CRE,EXT_EU27_2020,CZ,2019,MIO_EUR,126.6
bop_its6_det,SJ312,CRE,EXT_EU27_2020,CZ,2020,MIO_EUR,96.4
bop_its6_det,SJ312,CRE,EXT_EU27_2020,CZ,2021,MIO_EUR,102.8
bop_its6_det,SJ312,CRE,EXT_EU27_2020,CZ,2022,MIO_EUR,134.5
bop_its6_det,SJ312,CRE,EXT_EU27_2020,CZ,2023,MIO_EUR,104.2
bop_its6_det,SJ312,CRE,EXT_EU27_2020,CZ,2024,MIO_EUR,103.1
bop_its6_det,SJ312,CRE,EXT_EU27_2020,DE,2015,MIO_EUR,5514.0
bop_its6_det,SJ312,CRE,EXT_EU27_2020,DE,2016,MIO_EUR,5620.0
bop_its6_det,SJ312,CRE,EXT_EU27_2020,DE,2017,MIO_EUR,5656.0
bop_its6_det,SJ312,CRE,EXT_EU27_2020,DE,2018,MIO_EUR,5570.0
bop_its6_det,SJ312,CRE,EXT_EU27_2020,DE,2019,MIO_EUR,5632.0
bop_its6_det,SJ312,CRE,EXT_EU27_2020,DE,2020,MIO_EUR,5268.0
bop_its6_det,SJ312,CRE,EXT_EU27_2020,DE,2021,MIO_EUR,5472.0
bop_its6_det,SJ312,CRE,EXT_EU27_2020,DE,2022,MIO_EUR,6433.0
bop_its6_det,SJ312,CRE,EXT_EU27_2020,DE,2023,MIO_EUR,7036.0
bop_its6_det,SJ312,CRE,EXT_EU27_2020,DE,2024,MIO_EUR,7264.0
bop_its6_det,SJ312,CRE,EXT_EU27_2020,DK,2015,MIO_EUR,753.2
bop_its6_det,SJ312,CRE,EXT_EU27_2020,DK,2016,MIO_EUR,760.0
bop_its6_det,SJ312,CRE,EXT_EU27_2020,DK,2017,MIO_EUR,800.2
bop_its6_det,SJ312,CRE,EXT_EU27_2020,DK,2018,MIO_EUR,823.1
bop_its6_det,SJ312,CRE,EXT_EU27_2020,DK,2019,MIO_EUR,828.7
bop_its6_det,SJ312,CRE,EXT_EU27_2020,DK,2020,MIO_EUR,590.4
bop_its6_det,SJ312,CRE,EXT_EU27_2020,DK,2021,MIO_EUR,688.9
bop_its6_det,SJ312,CRE,EXT_EU27_2020,DK,2022,MIO_EUR,799.0
bop_its6_det,SJ312,CRE,EXT_EU27_2020,DK,2023,MIO_EUR,1064.0
bop_its6_det,SJ312,CRE,EXT_EU27_2020,DK,2024,MIO_EUR,1127.4
bop_its6_det,SJ312,CRE,EXT_EU27_2020,EL,2015,MIO_EUR,18.4
bop_its6_det,SJ312,CRE,EXT_EU27_2020,EL,2016,MIO_EUR,18.6
bop_its6_det,SJ312,CRE,EXT_EU27_2020,EL,2017,MIO_EUR,22.6
bop_its6_det,SJ312,CRE,EXT_EU27_2020,EL,2018,MIO_EUR,21.3
bop_its6_det,SJ312,CRE,EXT_EU27_2020,EL,2019,MIO_EUR,21.1
bop_its6_det,SJ312,CRE,EXT_EU27_2020,EL,2020,MIO_EUR,19.5
bop_its6_det,SJ312,CRE,EXT_EU27_2020,EL,2021,MIO_EUR,25.1
bop_its6_det,SJ312,CRE,EXT_EU27_2020,EL,2022,MIO_EUR,31.8
bop_its6_det,SJ312,CRE,EXT_EU27_2020,EL,2023,MIO_EUR,35.4
bop_its6_det,SJ312,CRE,EXT_EU27_2020,EL,2024,MIO_EUR,46.0
bop_its6_det,SJ312,CRE,EXT_EU27_2020,ES,2015,MIO_EUR,1998.0
bop_its6_det,SJ312,CRE,EXT_EU27_2020,ES,2016,MIO_EUR,2848.0
bop_its6_det,SJ312,CRE,EXT_EU27_2020,ES,2017,MIO_EUR,1543.0
bop_its6_det,SJ312,CRE,EXT_EU27_2020,ES,2018,MIO_EUR,1234.0
bop_its6_det,SJ312,CRE,EXT_EU27_2020,ES,2019,MIO_EUR,964.0
bop_its6_det,SJ312,CRE,EXT_EU27_2020,ES,2020,MIO_EUR,1135.0
bop_its6_det,SJ312,CRE,EXT_EU27_2020,ES,2021,MIO_EUR,1093.0
bop_its6_det,SJ312,CRE,EXT_EU27_2020,ES,2022,MIO_EUR,1544.0
bop_its6_det,SJ312,CRE,EXT_EU27_2020,ES,2023,MIO_EUR,1557.0
bop_its6_det,SJ312,CRE,EXT_EU27_2020,ES,2024,MIO_EUR,2242.0
bop_its6_det,SJ312,CRE,EXT_EU27_2020,EU27_2020,2015,MIO_EUR,18706.2
bop_its6_det,SJ312,CRE,EXT_EU27_2020,EU27_2020,2016,MIO_EUR,19291.1
bop_its6_det,SJ312,CRE,EXT_EU27_2020,EU27_2020,2017,MIO_EUR,17554.9
bop_its6_det,SJ312,CRE,EXT_EU27_2020,EU27_2020,2018,MIO_EUR,17358.0
bop_its6_det,SJ312,CRE,EXT_EU27_2020,EU27_2020,2019,MIO_EUR,17799.3
bop_its6_det,SJ312,CRE,EXT_EU27_2020,EU27_2020,2020,MIO_EUR,16815.1
bop_its6_det,SJ312,CRE,EXT_EU27_2020,EU27_2020,2021,MIO_EUR,19043.6
bop_its6_det,SJ312,CRE,EXT_EU27_2020,EU27_2020,2022,MIO_EUR,20037.3
bop_its6_det,SJ312,CRE,EXT_EU27_2020,EU27_2020,2023,MIO_EUR,22566.9
bop_its6_det,SJ312,CRE,EXT_EU27_2020,EU27_2020,2024,MIO_EUR,24282.0
bop_its6_det,SJ312,CRE,EXT_EU27_2020,FI,2015,MIO_EUR,345.0
bop_its6_det,SJ312,CRE,EXT_EU27_2020,FI,2016,MIO_EUR,708.0
bop_its6_det,SJ312,CRE,EXT_EU27_2020,FI,2017,MIO_EUR,729.0
bop_its6_det,SJ312,CRE,EXT_EU27_2020,FI,2018,MIO_EUR,655.0
bop_its6_det,SJ312,CRE,EXT_EU27_2020,FI,2019,MIO_EUR,753.0
bop_its6_det,SJ312,CRE,EXT_EU27_2020,FI,2020,MIO_EUR,775.0
bop_its6_det,SJ312,CRE,EXT_EU27_2020,FI,2021,MIO_EUR,722.0
bop_its6_det,SJ312,CRE,EXT_EU27_2020,FI,2022,MIO_EUR,682.0
bop_its6_det,SJ312,CRE,EXT_EU27_2020,FI,2023,MIO_EUR,630.0
bop_its6_det,SJ312,CRE,EXT_EU27_2020,FI,2024,MIO_EUR,885.0
bop_its6_det,SJ312,CRE,EXT_EU27_2020,FR,2015,MIO_EUR,3497.0
bop_its6_det,SJ312,CRE,EXT_EU27_2020,FR,2016,MIO_EUR,3216.0
bop_its6_det,SJ312,CRE,EXT_EU27_2020,FR,2017,MIO_EUR,3073.0
bop_its6_det,SJ312,CRE,EXT_EU27_2020,FR,2018,MIO_EUR,3352.0
bop_its6_det,SJ312,CRE,EXT_EU27_2020,FR,2019,MIO_EUR,3173.0
bop_its6_det,SJ312,CRE,EXT_EU27_2020,FR,2020,MIO_EUR,2482.0
bop_its6_det,SJ312,CRE,EXT_EU27_2020,FR,2021,MIO_EUR,3565.0
bop_its6_det,SJ312,CRE,EXT_EU27_2020,FR,2022,MIO_EUR,2925.0
bop_its6_det,SJ312,CRE,EXT_EU27_2020,FR,2023,MIO_EUR,4105.0
bop_its6_det,SJ312,CRE,EXT_EU27_2020,FR,2024,MIO_EUR,4382.0
bop_its6_det,SJ312,CRE,EXT_EU27_2020,HU,2015,MIO_EUR,101.3
bop_its6_det,SJ312,CRE,EXT_EU27_2020,HU,2016,MIO_EUR,112.1
bop_its6_det,SJ312,CRE,EXT_EU27_2020,HU,2017,MIO_EUR,120.5
bop_its6_det,SJ312,CRE,EXT_EU27_2020,HU,2018,MIO_EUR,159.1
bop_its6_det,SJ312,CRE,EXT_EU27_2020,HU,2019,MIO_EUR,185.3
bop_its6_det,SJ312,CRE,EXT_EU27_2020,HU,2020,MIO_EUR,191.8
bop_its6_det,SJ312,CRE,EXT_EU27_2020,HU,2021,MIO_EUR,201.4
bop_its6_det,SJ312,CRE,EXT_EU27_2020,HU,2022,MIO_EUR,225.2
bop_its6_det,SJ312,CRE,EXT_EU27_2020,HU,2023,MIO_EUR,333.7
bop_its6_det,SJ312,CRE,EXT_EU27_2020,HU,2024,MIO_EUR,302.7
bop_its6_det,SJ312,CRE,EXT_EU27_2020,IE,2015,MIO_EUR,107.0
bop_its6_det,SJ312,CRE,EXT_EU27_2020,IE,2016,MIO_EUR,82.0
bop_its6_det,SJ312,CRE,EXT_EU27_2020,IE,2017,MIO_EUR,144.0
bop_its6_det,SJ312,CRE,EXT_EU27_2020,IE,2018,MIO_EUR,59.0
bop_its6_det,SJ312,CRE,EXT_EU27_2020,IE,2019,MIO_EUR,261.0
bop_its6_det,SJ312,CRE,EXT_EU27_2020,IE,2020,MIO_EUR,347.0
bop_its6_det,SJ312,CRE,EXT_EU27_2020,IE,2021,MIO_EUR,250.0
bop_its6_det,SJ312,CRE,EXT_EU27_2020,IE,2022,MIO_EUR,309.0
bop_its6_det,SJ312,CRE,EXT_EU27_2020,IE,2023,MIO_EUR,196.0
bop_its6_det,SJ312,CRE,EXT_EU27_2020,IE,2024,MIO_EUR,166.0
bop_its6_det,SJ312,CRE,EXT_EU27_2020,IT,2015,MIO_EUR,566.2
bop_its6_det,SJ312,CRE,EXT_EU27_2020,IT,2016,MIO_EUR,760.3
bop_its6_det,SJ312,CRE,EXT_EU27_2020,IT,2017,MIO_EUR,933.6
bop_its6_det,SJ312,CRE,EXT_EU27_2020,IT,2018,MIO_EUR,906.8
bop_its6_det,SJ312,CRE,EXT_EU27_2020,IT,2019,MIO_EUR,1167.9
bop_its6_det,SJ312,CRE,EXT_EU27_2020,IT,2020,MIO_EUR,1245.7
bop_its6_det,SJ312,CRE,EXT_EU27_2020,IT,2021,MIO_EUR,1188.2
bop_its6_det,SJ312,CRE,EXT_EU27_2020,IT,2022,MIO_EUR,1301.5
bop_its6_det,SJ312,CRE,EXT_EU27_2020,IT,2023,MIO_EUR,1179.5
bop_its6_det,SJ312,CRE,EXT_EU27_2020,IT,2024,MIO_EUR,765.9
bop_its6_det,SJ312,CRE,EXT_EU27_2020,NL,2015,MIO_EUR,690.7
bop_its6_det,SJ312,CRE,EXT_EU27_2020,NL,2016,MIO_EUR,733.9
bop_its6_det,SJ312,CRE,EXT_EU27_2020,NL,2017,MIO_EUR,439.7
bop_its6_det,SJ312,CRE,EXT_EU27_2020,NL,2018,MIO_EUR,545.3
bop_its6_det,SJ312,CRE,EXT_EU27_2020,NL,2019,MIO_EUR,593.5
bop_its6_det,SJ312,CRE,EXT_EU27_2020,NL,2020,MIO_EUR,586.3
bop_its6_det,SJ312,CRE,EXT_EU27_2020,NL,2021,MIO_EUR,651.2
bop_its6_det,SJ312,CRE,EXT_EU27_2020,NL,2022,MIO_EUR,783.6
bop_its6_det,SJ312,CRE,EXT_EU27_2020,NL,2023,MIO_EUR,862.5
bop_its6_det,SJ312,CRE,EXT_EU27_2020,NL,2024,MIO_EUR,1130.1
bop_its6_det,SJ312,CRE,EXT_EU27_2020,PL,2015,MIO_EUR,342.7
bop_its6_det,SJ312,CRE,EXT_EU27_2020,PL,2016,MIO_EUR,353.2
bop_its6_det,SJ312,CRE,EXT_EU27_2020,PL,2017,MIO_EUR,405.4
bop_its6_det,SJ312,CRE,EXT_EU27_2020,PL,2018,MIO_EUR,439.3
bop_its6_det,SJ312,CRE,EXT_EU27_2020,PL,2019,MIO_EUR,439.3
bop_its6_det,SJ312,CRE,EXT_EU27_2020,PL,2020,MIO_EUR,614.9
bop_its6_det,SJ312,CRE,EXT_EU27_2020,PL,2021,MIO_EUR,759.9
bop_its6_det,SJ312,CRE,EXT_EU27_2020,PL,2022,MIO_EUR,912.9
bop_its6_det,SJ312,CRE,EXT_EU27_2020,PL,2023,MIO_EUR,1114.9
bop_its6_det,SJ312,CRE,EXT_EU27_2020,PL,2024,MIO_EUR,1219.1
bop_its6_det,SJ312,CRE,EXT_EU27_2020,PT,2015,MIO_EUR,187.0
bop_its6_det,SJ312,CRE,EXT_EU27_2020,PT,2016,MIO_EUR,184.0
bop_its6_det,SJ312,CRE,EXT_EU27_2020,PT,2017,MIO_EUR,177.0
bop_its6_det,SJ312,CRE,EXT_EU27_2020,PT,2018,MIO_EUR,146.0
bop_its6_det,SJ312,CRE,EXT_EU27_2020,PT,2019,MIO_EUR,136.0
bop_its6_det,SJ312,CRE,EXT_EU27_2020,PT,2020,MIO_EUR,126.0
bop_its6_det,SJ312,CRE,EXT_EU27_2020,PT,2021,MIO_EUR,149.0
bop_its6_det,SJ312,CRE,EXT_EU27_2020,PT,2022,MIO_EUR,200.0
bop_its6_det,SJ312,CRE,EXT_EU27_2020,PT,2023,MIO_EUR,234.0
bop_its6_det,SJ312,CRE,EXT_EU27_2020,PT,2024,MIO_EUR,279.0
bop_its6_det,SJ312,CRE,EXT_EU27_2020,RO,2017,MIO_EUR,95.2
bop_its6_det,SJ312,CRE,EXT_EU27_2020,RO,2018,MIO_EUR,114.7
bop_its6_det,SJ312,CRE,EXT_EU27_2020,RO,2019,MIO_EUR,193.5
bop_its6_det,SJ312,CRE,EXT_EU27_2020,RO,2020,MIO_EUR,158.5
bop_its6_det,SJ312,CRE,EXT_EU27_2020,RO,2021,MIO_EUR,128.0
bop_its6_det,SJ312,CRE,EXT_EU27_2020,RO,2023,MIO_EUR,134.0
bop_its6_det,SJ312,CRE,EXT_EU27_2020,RO,2024,MIO_EUR,156.0
bop_its6_det,SJ312,CRE,EXT_EU27_2020,SE,2015,MIO_EUR,1375.8
bop_its6_det,SJ312,CRE,EXT_EU27_2020,SE,2016,MIO_EUR,1268.2
bop_its6_det,SJ312,CRE,EXT_EU27_2020,SE,2017,MIO_EUR,1173.8
bop_its6_det,SJ312,CRE,EXT_EU27_2020,SE,2018,MIO_EUR,973.7
bop_its6_det,SJ312,CRE,EXT_EU27_2020,SE,2019,MIO_EUR,1138.1
bop_its6_det,SJ312,CRE,EXT_EU27_2020,SE,2020,MIO_EUR,889.2
bop_its6_det,SJ312,CRE,EXT_EU27_2020,SE,2021,MIO_EUR,1077.7
bop_its6_det,SJ312,CRE,EXT_EU27_2020,SE,2022,MIO_EUR,1108.8
bop_its6_det,SJ312,CRE,EXT_EU27_2020,SE,2023,MIO_EUR,1166.6
bop_its6_det,SJ312,CRE,EXT_EU27_2020,SE,2024,MIO_EUR,1357.4
